0 1
1 19
2 2869
3 84663
4 995241
5 7129227
6 35372141
7 140246303
8 458690081
9 1318315075
10 3375505573
11 7945596055
12 17282877369
13 35516896155
14 68960061837
15 128236319951
16 228701936081
17 394678200083
18 658850300869
19 1072056316615
20 1698468438697
21 2635013315259
22 4001262651357
23 5970224882847
24 8747663375921
25 12635011486739
26 17970902660501
27 25240458808567
28 34994567051881
29 47999644037995
30 65087029124397
31 87446963852895
32 116314468029537
33 153444645231491
34 200677899439013
35 260523329884919
36 335570093345497
37 429491452989019
38 545841682593133
39 689641505838831
40 865916013333585
41 1081538327928099
42 1343119471366085
43 1660126714564487
44 2041288538438153
45 2499039027229435
46 3045193602486589
47 3695788943770303
48 4465867460789937
49 5377132403948979
50 6448363436028213
51 7706777992280759
52 9177277828069193
53 10894338776247083
54 12888363805072525
55 15203838297307327
56 17878283774739169
57 20966668990597923
58 24517072967178597
59 28596271549496343
60 33261797478783161
61 38600145702696443
62 44679112631772749
63 51601119748500655
64 59453800616070481
65 68360293567510051
66 78422043784566309
67 89792761213024455
68 102591629514260937
69 117001304095515323
70 133169547548454749
71 151309502633296895
72 171591414324628945
73 194282870557468915
74 219577250581034773
75 247778933090364375
76 279133315110393705
77 313995526525753707
78 352638482521294829
79 395495932503340991
80 442875998850983681
81 495280001375490691
82 553085174860214869
83 616855716598598839
84 687017274390306489
85 764264054975012283
86 849063322458868077
87 942185022989567375
88 1044213990956931089
89 1156032388312368227
90 1278264736103391589
91 1411971980225363239
92 1557847789512312457
93 1717082994613761531
94 1890525088019848221
95 2079479698873970559
96 2284879792375952561
97 2508318475053388595
98 2750787029015246837
99 3014024128791773527
100 3299260627627144489
101 3608448369320519179
102 3942876989682901869
103 4304856230460677919
104 4695797682830425473
105 5118242999674869827
106 5573913005891336885
107 6065545475558136983
108 6594986477529225913
109 7165574496590208379
110 7779199425255176557
111 8439443510501491695
112 9148684069335521841
113 9910866214325997891
114 10728445028712607685
115 11606018667084803783
116 12546232901152611881
117 13554101187685196731
118 14632817612465675389
119 15787733556519370783
120 17022193034208048177
121 18342685585955093811
122 19752575319781805109
123 21258681926423789543
124 22865325182664791657
125 24579878007204461483
126 26406705619389299053
127 28354422989571696703
128 30427609292211795841
129 32635574769366427779
130 34983827380362245013
131 37482189945214610103
132 40136377625444119769
133 42958181438871024155
134 45953331734544868109
135 49133972381199689167
136 52507521731844850993
137 56087060277496419331
138 59879862589216648773
139 63901217963720137575
140 68158551230940309945
141 72668311300464195995
142 77439522830665405661
143 82489179815720838047
144 87826702943604454513
145 93472352030252594803
146 99435312323695760245
147 105736391506775911143
148 112387562229907204233
149 119411129875753172907
150 126818447897291533613
151 134635509018918042239
152 142873872889287055553
153 151560998033839289443
154 160711374405571235125
155 170352970855743960919
156 180500605507515559929
157 191187785799674289243
158 202428546117751463181
159 214257163570670645039
160 226691957617716183185
161 239769514805555677283
162 253507042091818432645
163 267946709613394483591
164 283106082721130514553
165 299029152384892290459
166 315738140015292553437
167 333277646233136834175
168 351669902113619184401
169 370968843688642895219
170 391194512670056381237
171 412401600043569855559
172 434617454738396492233
173 457899486735523628971
174 482273347620106112973
175 507804729768116745567
176 534519648293964519585
177 562486542892163868611
178 591737980467521505557
179 622343443656450212759
180 654334568208122169145
181 687795314258336708203
182 722753957132385927757
183 759294541692776773263
184 797457190983054326097
185 837328870796622518019
186 878946626325649759589
187 922410553331676924743
188 967756954437884303801
189 1015090350462113480059
190 1064456476032580643965
191 1115960584914736882111
192 1169646953043637246833
193 1225641971740467323091
194 1283985239915876743893
195 1344801075040940840999
196 1408147339679628112169
197 1474153320751245730283
198 1542869933931937796365
199 1614447081205464538015
200 1688932733712717168097
201 1766482938328203437091
202 1847160483403531058133
203 1931119888051602786999
204 2018423599589310360281
205 2109255389866824531755
206 2203669307710780757069
207 2301846867917651903407
208 2403867700476233172049
209 2509920745051338343747
210 2620073275015871418405
211 2734544799488486949927
212 2853398536705612282905
213 2976859431782562348251
214 3105014580326485525469
215 3238084125321105612671
216 3376152617116658488753
217 3519484967934039022003
218 3668151469433974416277
219 3822413496261041209767
220 3982375621707731348937
221 4148309890558471181451
222 4320303726872675858237
223 4498668832898805311711
224 4683489809611933805633
225 4875083040406001602723
226 5073566597737099460821
227 5279249715490428986743
228 5492243438967201807321
229 5712924444502490428011
230 5941377861748012382349
231 6177974214977992062095
232 6422851865554084250801
233 6676389524207374044035
234 6938702783119402642309
235 7210224598449042460423
236 7491064071765249530905
237 7781661410624341152411
238 8082170537179760048349
239 8393024187819292044207
240 8714360312614897202897
241 9046705338859342395923
242 9390163135881469454645
243 9745244451681974390407
244 10112132759551422792457
245 10491343926357096885643
246 10883029824322260391293
247 11287783260533703058911
248 11705740150337535049761
249 12137508992588514796643
250 12583278998360269146293
251 13043646866462572421399
252 13518784369133631349657
253 14009411961520039577899
254 14515658588304391859917
255 15038211591235310087247
256 15577310980868261031441
257 16133655847675038954243
258 16707431844518584858085
259 17299450669396544510087
260 17909869533407783447129
261 18539516303940435872347
262 19188629067632484337309
263 19858006730674703216239
264 20547871008862546342353
265 21259180545316711399539
266 21992095901830506716565
267 22747539075646736893511
268 23525810514010976144873
269 24327851742694476184523
270 25153877481567731048701
271 26004986189388613686559
272 26881355714307844850593
273 27784092231014701974627
274 28713501087608229092565
275 29670629922501475878135
276 30655757644986031827929
277 31670158692612314766059
278 32714014990761186973421
279 33788556339544608697039
280 34894143222490846106305
281 36032035738367635414723
282 37202484021639520977093
283 38406931896387154487079
284 39645602976357558752793
285 40919934666734329732859
286 42230310909702442261853
287 43578107303219674145615
288 44963657863589342150065
289 46388650233501584888467
290 47853267954193470385429
291 49359139057947730773543
292 50906698512890303330121
293 52497585568383256913067
294 54132110402572301543933
295 55812145529620563600575
296 57537950689248071318465
297 59311399071660057491683
298 61132952518741183149493
299 63004411329279933193015
300 64926145127419461086073
301 66900373350820728856203
302 68927284288014817315917
303 71008982412281927514959
304 73146012339268112851745
305 75340466482432850123171
306 77592719134914426101701
307 79905185548729206143431
308 82278151627368328434169
309 84714061614628200054363
310 87213430184614291370589
311 89778596359664035154703
312 92409982026130372790897
313 95110436472350226375251
314 97880170895256900708149
315 100721852761433230271239
316 103636166541384192518281
317 106625777307497876476459
318 109691105238499992695805
319 112835271076764142149087
320 116058545485973933050881
321 119364075175679817262259
322 122752456999845063749717
323 126226673530269507121463
324 129787221931124766304921
325 133437703183271823757771
326 137178343920158743157581
327 141012533390942564152719
328 144941064496385700270561
329 148967364658835123448195
330 153091854544944436859237
331 157318532735259638716775
332 161647651361361012842297
333 166083189662342674377307
334 170625882117820898664541
335 175279422865142891979343
336 180044426043977455034001
337 184925440038972740541939
338 189922653272050582799637
339 195040380474285370664231
340 200279488075835057806985
341 205644339743367866125931
342 211135359242656593540733
343 216757576861146756041791
344 222511275838403137826785
345 228401394769760796888435
346 234428804501643855389205
347 240598142485664748475191
348 246910066696459601438489
349 253370325604408803008939
350 259978993038746237039981
351 266741533960683257330479
352 273658928622326448409729
353 280736598828245841002467
354 287975037828008195792133
355 295380456604388367404967
356 302953147411425743328729
357 310699258498181297651291
358 318619789060314256013213
359 326720544569319233074511
360 335002138218608033619793
361 343471832859835031579059
362 352129552814771119464325
363 360982061311202836588551
364 370030557477443901203529
365 379281686154858971558283
366 388735989769080828489725
367 398401154516187100089695
368 408277400300148105530369
369 418372419064870292484979
370 428687203834109108818741
371 439229015776032678585463
372 449998496795838865138521
373 461004564015218355748971
374 472247087254627913880237
375 483734306446345313943983
376 495467630044562406382145
377 507455214943910523271619
378 519697579819039344807781
379 532204315302728747391223
380 544975376839585682627161
381 558020347570137643980027
382 571340249910179425243869
383 584943996717819503198127
384 598832291780580078411761
385 613015984884994323408275
386 627494855364481532688965
387 642278944860850550582599
388 657369833027028353448553
389 672777598116318047301547
390 688502542208080545031101
391 704556523900249428315327
392 720939292189738925166369
393 737662533665269677544595
394 754727467894833761501621
395 772144761524649834150359
396 789915217755852339621625
397 808052087311658704976779
398 826554809818170568629805
399 845435795102721817251759
400 864696616116087365580993
401 884349671639141027628195
402 904395080468879135703941
403 924847233370951953543479
404 945705750679239469369337
405 966984619845673247332699
406 988685291347961067909757
407 1010820698112360642204751
408 1033391544384719410627761
409 1056414049750461602656755
410 1079887095509131489899237
411 1103825901333122397406343
412 1128232051600824857457641
413 1153120542383169836151179
414 1178491486041920360005789
415 1204362043265605558056703
416 1230731656469530418207617
417 1257617226374839814333043
418 1285020196994706478309749
419 1312956322720728857671575
420 1341425971363585936574441
421 1370448992490945418666571
422 1400023651288434384155501
423 1430168182472663897488591
424 1460884535234183739925441
425 1492190454286583231808643
426 1524085921408306259051781
427 1556591637225482859069303
428 1589706615254443999036953
429 1623451338931776555692699
430 1657826964528229399329245
431 1692852663936436185373103
432 1728528452172015334515697
433 1764878134961461437082483
434 1801899530926373325145189
435 1839614301997502304729447
436 1878024639157453265134953
437 1917151701852237544576395
438 1956995171980607172625181
439 1997580034168922291972927
440 2038904365144604862322337
441 2080993015847284131313651
442 2123847028291502371365877
443 2167489116337214468725687
444 2211919332199199053329033
445 2257165671243932009950347
446 2303225493140861555996589
447 2350124483729738120988623
448 2397864901758375302681921
449 2446472374869278352680963
450 2495945568667397332084069
451 2546314711422767505666199
452 2597576935197243031839097
453 2649761807962023924027963
454 2702870420036267698719261
455 2756929453676038778158095
456 2811938880019753681688753
457 2867931970416130628294579
458 2924904977586375898629413
459 2982888782309874327332647
460 3041885217940236798803305
461 3101924961693004155505243
462 3163005987899276991062685
463 3225164115431389420503999
464 3288395878085224564862241
465 3352735709082149186547539
466 3418184947233996333063605
467 3484774999492091648561303
468 3552505215082513831190377
469 3621415551876549001218571
470 3691500498517703415986029
471 3762797014938186208423311
472 3835306630428913192163361
473 3909065534356229587016835
474 3984071283379274395776677
475 4060365483378364458186263
476 4137944003644350567740057
477 4216847557873603479955003
478 4297076990081258422503181
479 4378669775251816013630095
480 4461623993715691124632305
481 4545987277077113035094931
482 4631752371977831208781221
483 4718962680938717874992039
484 4807620163963840326837929
485 4897766634711216091352027
486 4989399001141619070896893
487 5082566321144334387633247
488 5177262871814842313854465
489 5273536996130947906882227
490 5371388447796655963254261
491 5470861995917218715698263
492 5571954458666567788058345
493 5674721621552437820053739
494 5779154900499020290012877
495 5885304469629191655073999
496 5993172547766265222928225
497 6102807965399290073562691
498 6214206578176916210286597
499 6327426313037975729609559
500 6442458882075486167331225
501 6559361755747814310484859
502 6678133689840361299817229
503 6798826651417366436901071
504 6921437103387418266504625
505 7046029724084079018578227
506 7172594043213015998157253
507 7301188671893259187106631
508 7431815295535304006507049
509 7564531748047580773444923
510 7699331170081919716528253
511 7836282257125865721125663
512 7975374469047951744075137
513 8116674380103303668088979
514 8260180742545369515888373
515 8405953096954786838735959
516 8553987213480621467687913
517 8704358093764850711835051
518 8857052961940313618111853
519 9012140817350159058375743
520 9169621541838825516552449
521 9329563490644941370638659
522 9491957332155359845831333
523 9656883030045793142471767
524 9824328077962269185921593
525 9994368851172922891784379
526 10167004142917428144667533
527 10342302681568497207489423
528 10520258496497888034014993
529 10700959885580948831859155
530 10884389319139867314697157
531 11070627947604039234423559
532 11259674741899691029770409
533 11451608617483061942640955
534 11646419051101929493023549
535 11844197156307021236801823
536 12044928352968774448042113
537 12248701301104303371682259
538 12455512894313706474942197
539 12665444035252394506373591
540 12878485415840017595819785
541 13094740538431108311202411
542 13314187389279854549599405
543 13536919806515828335306719
544 13762936657896009737517633
545 13992327533201176063896387
546 14225080390228277284073861
547 14461300578159710919865655
548 14700969807466946721175769
549 14944191228333737967654139
550 15190958963208339091261261
551 15441367570876731374633839
552 15695404500265201812800337
553 15953189073081406084091091
554 16214696616678292743393477
555 16480032986095201313684231
556 16749197179279184530942985
557 17022292305932011965932795
558 17299302485914594975122013
559 17580350773075624045108063
560 17865412675848642510074065
561 18154609411326948693063123
562 18447931855642947128168949
563 18745488474613996912678743
564 19047265143026981898908777
565 19353397349623062085480043
566 19663856131646100488651501
567 19978763459691295636594399
568 20298116911951476854367361
569 20622035870316235404386179
570 20950498922805340067899077
571 21283649095708746929935863
572 21621456417060779405067993
573 21964059127850845272756731
574 22311447613392355530747149
575 22663744287152851135180847
576 23020932839097348869327089
577 23383168399066165209834451
578 23750415853886918510063653
579 24122816941894100019753351
580 24500364216858180801102633
581 24883197397595904580746075
582 25271289764221888250476157
583 25664804545588967721856703
584 26063707651868077572441713
585 26468154910712035341618931
586 26878135751030019325053685
587 27293789223484110098676055
588 27715094943965108928906441
589 28142233281194873159796363
590 28575158894150436686606925
591 29014035835274451836499359
592 29458853873812127455568033
593 29909771715099910705157699
594 30366758948968567382808709
595 30829999945323955703890135
596 31299456131494458200433145
597 31775304771517266549140187
598 32257531520701204120283949
599 32746297443445794261930063
600 33241574197702023805027025
601 33743569897024960553941667
602 34252230246853352253472997
603 34767742372220958809300647
604 35290095168049231507576009
605 35819465777713173283498363
606 36355820322043592182826877
607 36899368261220396765325087
608 37450062689717023156184145
609 38008108866110621780168435
610 38573484837212611285048661
611 39146376767653093650416567
612 39726749120670019427514697
613 40314838543867817260917163
614 40910583755710212635150797
615 41514193636555151185806015
616 42125656289295861023330241
617 42745173815513407882562979
618 43372703927558653791483989
619 44008487499198508635665111
620 44652465234241641203183225
621 45304873138272791522777179
622 45965683519771611960644845
623 46635106595422845257631247
624 47313104033040156681655377
625 47999939948135552941976451
626 48695545264100566450945605
627 49400156452433143012916903
628 50113757245382782710487433
629 50836578871873025719655483
630 51568567029196347200000893
631 52310000376107752838113471
632 53060806109408296503427921
633 53821251836233972020442611
634 54591306831614806697910165
635 55371205138480644586268247
636 56160903139752190664121449
637 56960700094930231909738091
638 57770515063216898609884685
639 58590618421355759676403423
640 59420984377047423225857857
641 60261878999734461639513955
642 61113236871413698307119317
643 61975370788189055982468279
644 62848201664536525010608185
645 63732027183624692376615131
646 64626813003051836357406317
647 65532822545663462463140975
648 66450002762078444431468561
649 67378696857643359760401571
650 68318802982083707810035909
651 69270632602257803396672007
652 70234152988086076823946441
653 71209662649550086578651963
654 72197089174322245502466653
655 73196780837607766816476287
656 74208648522508311956831537
657 75233026174056161331493555
658 76269873162245402848331509
659 77319490754564938587718663
660 78381809454517659046852617
661 79457221561707080500762059
662 80545607499683931531740013
663 81647316758624709817583807
664 82762314024731294535302561
665 83890929836993034138106307
666 85033084257019429043111605
667 86189169094530617448859255
668 87359077976277231413791129
669 88543193774197367806131195
670 89741458665666964665418125
671 90954217440421249955654319
672 92181388018610824204316273
673 93423410867494278177144995
674 94680152930070015919057253
675 95951999578603141302219751
676 97238913274905907429677001
677 98541264699278402174396347
678 99858958541679581842236765
679 101192440202236611954005535
680 102541581731236647326090289
681 103906817518001214883699091
682 105288077408657741568427541
683 106685747544109833342028295
684 108099736884131658395488585
685 109530532556547786507264907
686 110977986793326998494422541
687 112442533301211268547492511
688 113924123390694269755994241
689 115423178930439289448624259
690 116939580025302761634041429
691 118473835162214244986183447
692 120025791071625206829530681
693 121595935171267268519551291
694 123184194497190015921452269
695 124790989921915315513017679
696 126416222008302083324106609
697 128060436585525479633791011
698 129723461641118636003091141
699 131405788156871250513106247
700 133107349918308384514532633
701 134828627752244017836729467
702 136569479634676019148571261
703 138330472874344464644542015
704 140111439556107716278701649
705 141912916072485381646501875
706 143734820885209027850024661
707 145577625102758715988714407
708 147441213598012848752266697
709 149326201724042887401743531
710 151232382545434741963337549
711 153160313875399420962234367
712 155109913778610999228073633
713 157081717076201433211701955
714 159075569516346791424626997
715 161092096472665662067218135
716 163131112263813392625587481
717 165193213235069475468157835
718 167278301604437381137099757
719 169386913470220485371232431
720 171518898743655987588264433
721 173674960074123463207782979
722 175854857099542509940480261
723 178059208684881849559434855
724 180287928947875629267934425
725 182541602296147707191332731
726 184820060109717049993431293
727 187123996498788831440947679
728 189453197583534156231515441
729 191808340252894796751471763
730 194189297133207028992478549
731 196596672090161647129005127
732 199030294041019049978394249
733 201490940909283342231392139
734 203978348061344683363202061
735 206493194891242297126899743
736 209035390623455280921975905
737 211605582648567273169923203
738 214203573926075720069381365
739 216830150207812663047092215
740 219485050381883427696609337
741 222169039642169417626194507
742 224881967551766077479056973
743 227624507592799916655150543
744 230396470795381811739350801
745 233198708881955410443644483
746 236030931864882902571406853
747 238893892298991866891792743
748 241787480445393331271314297
749 244712427773081634556727227
750 247668496297773616730906973
751 250656568854251916719151327
752 253676347954765824949168401
753 256728678583212908012338547
754 259813400806843866509956661
755 262931244714313631820270119
756 266082004762595526579820393
757 269266631341690604582518987
758 272484788441372458416927229
759 275737323868900186748192031
760 279024091762190605123718721
761 282345920149311872648325987
762 285702529725608706965365013
763 289094900682997659588840695
764 292522709299430613408943865
765 295986876198071762275567051
766 299487228830436846555581389
767 303024572793298397322070255
768 306598673175635311794298641
769 310210591862592763468802499
770 313859934165018761511126213
771 317547658972938170446432391
772 321273589127322902413706969
773 325038636927254763769734875
774 328842502019360310248615485
775 332686252737588857140810591
776 336569532092293832115377617
777 340493360814090186360601203
778 344457539092222212547950165
779 348462971650896410420892903
780 352509368636853109595016809
781 356597925990307370868625451
782 360728191285394843783228765
783 364901215976646422839736383
784 369116821324758008535511585
785 373375996680934548049733155
786 377678412638530938273615573
787 382025248558956775183068087
788 386416099645505373325960089
789 390852108422554265179861547
790 395333021843046895458520685
791 399859861323092129206513487
792 404432293261440100339259089
793 409051636697256422334909091
794 413717396110565418934604197
795 418430716453533624430744263
796 423191403109754757426401433
797 428000544650878391802630555
798 432857768188225274643895805
799 437764397604933442388644175
800 442719946597313806601791313
801 447725698838995633901327923
802 452781360507225250532224789
803 457888052068514956659722887
804 463045416550772272656173481
805 468254884250563681410371883
806 473515923299046012873970557
807 478829789360515039146588095
808 484196252618956614156299681
809 489616536439749956825589059
810 495090189331072948037452117
811 500618691491145874758968215
812 506201494338749424408331129
813 511840011858585106802286987
814 517533928282201069133623629
815 523284452734696139807697039
816 529091198554321610641061153
817 534955742404952573186083427
818 540877477180640584035732773
819 546857807076083126548002919
820 552896451438954390590909305
821 558994772662114579268126779
822 565152256518896450947522173
823 571370531069014841150520687
824 577649001865854349532227569
825 583989193833834722356449491
826 590390774263587522922301429
827 596855073434899275432705383
828 603381644272200393643231657
829 609972247746922790526948715
830 616626168794482886364617437
831 623344985303692566787536255
832 630128359936939384225468737
833 636977791508854954019758467
834 643892735451951352292808341
835 650874942615830088702990455
836 657923771064629598305786777
837 665040894637351642523230891
838 672225931513751843181504685
839 679480359272888793162254863
840 686803649355919969131486561
841 694197770348735735532818883
842 701661912467305435234882629
843 709197800046189624792918023
844 716805078903938294581105433
845 724485363923087624556704507
846 732238057010666990700231229
847 740065090714743462696702223
848 747965741189366513959100785
849 755941871149381808000326611
850 763993006886771765653177845
851 772120809667795617811974471
852 780324671227279907330909129
853 788606741224362093337793771
854 796966154724108663018178493
855 805404766426351199417049151
856 813922206924999362369122369
857 822520231352173125213302227
858 831198172237132742017706229
859 839958175328298179857365111
860 848799389078901631123451865
861 857723892210540921077695787
862 866731152926602527901008557
863 875822971303686799334806415
864 884998702850261120242838881
865 894260671229652203858991619
866 903607930387207342229188837
867 913042512787616275805046855
868 922563989115547499193592377
869 932174329877882910492064443
870 941872735035704107521973469
871 951661590628801350953893775
872 961539937315344138133124561
873 971510047979164749919025203
874 981571350212146232203734805
875 991725782804904445056348679
876 1001972660552559616514174505
877 1012314510856265019245296587
878 1022750284297709881144388061
879 1033282234070178294131051327
880 1043909829993769668419978753
881 1054635259974967542956681363
882 1065457626026935529404582165
883 1076379540667613952552722167
884 1087399968788581206570927289
885 1098521346278407767482590635
886 1109743071777079627339056525
887 1121067255896344947429150447
888 1132493116235736858055495841
889 1144023467112636919234183907
890 1155657093254531090034112805
891 1167396492800340707669257351
892 1179241065628629393091554457
893 1191193187406059323792928635
894 1203251901070670336697714141
895 1215420007285308653334896463
896 1227696397188554091414840273
897 1240083739829490881045264627
898 1252581343425661394772306149
899 1265191545807342015889114919
900 1277913421714553493546627721
901 1290750100722360192587521867
902 1303700205972494832067973437
903 1316766471017658077187383295
904 1329948268067899542188602113
905 1343248133510848109441701491
906 1356665042777488792783607477
907 1370202043836477810264738935
908 1383857903679324351977335865
909 1397635561879757089424548363
910 1411534196086255731323864365
911 1425556419540522482476874575
912 1439701183207982347337024865
913 1453971877718234013496596579
914 1468367046527311464768903813
915 1482889602548178332703563687
916 1497538876883125614823989977
917 1512317637956085029720298395
918 1527224741094616417929018589
919 1542263560635153961625413039
920 1557432652084984463504541841
921 1572735289302195849853957203
922 1588170532495432332477194853
923 1603741206952049732491497159
924 1619446214441969571523444649
925 1635289200062908144442961899
926 1651268580257878997062373309
927 1667387522516296696336977343
928 1683645278015893715366746753
929 1700044900844977062051372883
930 1716585052322627731633232565
931 1733269470434780295782139543
932 1750096557497967554593399545
933 1767069850068569291496415307
934 1784188365873363723917509421
935 1801455111538670776738797167
936 1818868909530601844501708641
937 1836433721430962354555079427
938 1854147790334692273380926629
939 1872014635587193453599393975
940 1890033327794993443248839289
941 1908207260241928931934321339
942 1926534932596837590168498653
943 1945020393831216882384453551
944 1963661939187696863469417617
945 1982463344403718692998035987
946 2001423590721289637988110245
947 2020545922618999403297979463
948 2039829022824241604195092137
949 2059277258354960126525344491
950 2078888622448192277058462525
951 2098666985425746035346939551
952 2118611309379599931198114113
953 2138725286303872071183140531
954 2159007297985439044807613269
955 2179461683471405896804410583
956 2200086606383747183963929033
957 2220886174788748751525928171
958 2241859223494010549063187693
959 2263009348751137547544464463
960 2284335028440790686873822209
961 2305841067628575240968335715
962 2327525224952578810239025925
963 2349391701515251046234577943
964 2371439418506894715269572249
965 2393672261276889935336077723
966 2416088551717933857583967133
967 2438692982269317937690900911
968 2461483519699381696723413681
969 2484464683269834076390692275
970 2507635086230702714751301925
971 2530998717051468653416162823
972 2554553849690810491354796329
973 2578305703679208794407634251
974 2602251904013010295720882237
975 2626396906326478266363392511
976 2650739570375070348573418785
977 2675284121975287953239847795
978 2700028672801921561644914837
979 2724978383887693743833044151
980 2750130929646695070434463497
981 2775491304613446633921799531
982 2801057953346014754955315565
983 2826835165255326148056698095
984 2852821127077796088857425953
985 2879021402837274999850804803
986 2905433447994390573479588709
987 2932062080076814977546123575
988 2958906047439561024899764793
989 2985969980106120671576790011
990 3013251690632942083166668477
991 3040756883751718396597811023
992 3068482962070143731559180145
993 3096435307434635218098024819
994 3124612309234037688848719365
995 3153018521562131069364994791
996 3181652015893879197153110153
997 3210518797250448357135045947
998 3239616055138548526976352701
999 3268949103289329441173029663
1000 3298516412163499662296299873
1001 3328323111763711237761192979
1002 3358366799543777157446648181
1003 3388653593244728422248452151
1004 3419180754274565528093914665
1005 3449954005772766861295862507
1006 3480971629609089148967504333
1007 3512238536418672737430591695
1008 3543752594846811442538539201
1009 3575520422084099784597777667
1010 3607538798210441341305708709
1011 3639813562472719897618879287
1012 3672343013546008940005628985
1013 3705132674770237322472608187
1014 3738179991641946604798084829
1015 3771491478061101239054335055
1016 3805064241658980622047967697
1017 3838904422027493475240009715
1018 3873010138928722108469067685
1019 3907386774681191191012301863
1020 3942031857476769018972865929
1021 3976952641933271688590099739
1022 4012145593130163978179725629
1023 4047617020312255434391703039
1024 4083365139064852591848098657
1025 4119395780823216500156180819
1026 4155706228035121807850836021
1027 4192303535748637064545598359
1028 4229184468721388948445965929
1029 4266355811555964995149010859
1030 4303815347202098949856346349
1031 4341569003000742974367328815
1032 4379614036340462717665215329
1033 4417958256814439933598175619
1034 4456597916725629105646924997
1035 4495539665276465231822353111
1036 4534781673563487906620799289
1037 4574330218865022393364710811
1038 4614182315678716660229381229
1039 4654345646538284490622603887
1040 4694816567874577484703936081
1041 4735602519653742221045480915
1042 4776701002593807212261107973
1043 4818118407677679265067631431
1044 4859851874606125641243936745
1045 4901909670850643348332027195
1046 4944287808395239996472440285
1047 4986993460506517733469393567
1048 5030024560540769519150016513
1049 5073388003011917444148345651
1050 5117080355567458204770344021
1051 5161110106148106003624767639
1052 5205473190998244970824608969
1053 5250177577623315170579540683
1054 5295220711629537222406874221
1055 5340609296547944412839935903
1056 5386340299402887795377869185
1057 5432422645215808998075028899
1058 5478851987233715181879858501
1059 5525636145499798684091109143
1060 5572772688055411386161911481
1061 5620269187843804334075056859
1062 5668121857760584737407712205
1063 5716339787669699545493439823
1064 5764918705664751837604638577
1065 5813867088410415194810809203
1066 5863182200009449682856148197
1067 5912871252187815476963597607
1068 5962930917049322728199094089
1069 6013370926898545322580055547
1070 6064186337927274523475717885
1071 6115385755596529921124126143
1072 6166966507051057794469191169
1073 6218936677044201611485936435
1074 6271292297440676863903577109
1075 6324042964287481973455494711
1076 6377184175198522159015200585
1077 6430724989367634891397488491
1078 6484662422408605037486325485
1079 6539004407190452463806353535
1080 6593747062453508355096221665
1081 6648901066840824929589121123
1082 6704460974604177420148214725
1083 6760436024441341852996745655
1084 6816823418239763161915691769
1085 6873631694360525025806244411
1086 6930856684663474993601931725
1087 6988508679206592653704817423
1088 7046582734629875331154674545
1089 7105088753599564727873567059
1090 7164023284830305800863257893
1091 7223394965089801950463809415
1092 7283199575711325843443673129
1093 7343448585453001002741124155
1094 7404136238202841040962685373
1095 7465272239347273460250828863
1096 7526853694891607480066992241
1097 7588889744661937494242134931
1098 7651375787271758325721669525
1099 7714323093506143020162605143
1100 7777726078629398025319575913
1101 7841595577221017394013510731
1102 7905927722502608000583942477
1103 7970731808512642009917383871
1104 8036003407832970812663408897
1105 8101754572302971934102049187
1106 8167979267661409904585096453
1107 8234687928131044303457193847
1108 8301877308220325556689648089
1109 8369557403435555902729402459
1110 8437722978508266364744694445
1111 8506386340504724165623652943
1112 8575541353260567187993346961
1113 8645199620824897860827832275
1114 8715357178725682602006963749
1115 8786023724190413159113223495
1116 8857194591815912898908573257
1117 8928882752648858410589008795
1118 9001081578434019836556734077
1119 9073802424065620291353770655
1120 9147041548854771285423896721
1121 9220809921913089105758900979
1122 9295101782196575314216803221
1123 9369930264341388923677767959
1124 9445288934758794236645805641
1125 9521189980180460688142176619
1126 9597629276314699058365381549
1127 9674617175323033913713784479
1128 9752148645093715889266378401
1129 9830237756416496806681555779
1130 9908877039497722482817423653
1131 9988078946728408416134939735
1132 10067839302035378308756274969
1133 10148169791394639669760582043
1134 10229064396996247951035847981
1135 10310537041077296333174812207
1136 10392580854764301656363736625
1137 10475208920071435825965890979
1138 10558416650054074342532020581
1139 10642215416883273369305818119
1140 10726599394932735065219035337
1141 10811583941305916161615013243
1142 10897160992713303336992679389
1143 10983343735192437773772444607
1144 11070127912268202504032831185
1145 11157525767665514742944277139
1146 11245530972698819796442642773
1147 11334158336418112655240259831
1148 11423400497113349157130868169
1149 11513271675951424851212853515
1150 11603766581782219666858071725
1151 11694897619929105380036023679
1152 11786658394220011364976775777
1153 11879065368602423066823164899
1154 11972109953493382257062895109
1155 12065806085463106410206418135
1156 12160149364219169182126738809
1157 12255152807607147304247594139
1158 12350809539764697297016474061
1159 12447135678507562994049204335
1160 12544122856170236928197520401
1161 12641786603847692435704089187
1162 12740121139061382224543972485
1163 12839139681684441836865175591
1164 12938835606838494249613029897
1165 13039226133101412780859105179
1166 13140302285500395810167722845
1167 13242078923265783099766744703
1168 13344551154183965770064216369
1169 13447733210492861936226358931
1170 13551617337099612881466096853
1171 13656221057017140690426336055
1172 13761535239581607532515729865
1173 13867576449873617625736051947
1174 13974338678693776777156860429
1175 14081835729293660848006817439
1176 14190060660193484967093698657
1177 14299031968634390509275322211
1178 14408739840040267050770867957
1179 14519200389822068120106636055
1180 14630407979301185343557352889
1181 14742378161964278724228607291
1182 14855102370019874729978836653
1183 14968599348370741489337587407
1184 15082859641410037095965767089
1185 15197900483474167414935449507
1186 15313715658584082307539564485
1187 15430319887105977234413180423
1188 15547705563701641118863980169
1189 15665892741121257516240910843
1190 15784870456277093467004585341
1191 15904656361386832605754131519
1192 16025244194429732724086070897
1193 16146650446051105399232494515
1194 16268866283466466878507205781
1195 16391911308512452801002238151
1196 16515775506498258206967853193
1197 16640477351861013955946190763
1198 16766010118012205506634512045
1199 16892389704398918027511854239
1200 17019607568047510855915113441
1201 17147685447100852396852209411
1202 17276611441932824085677382261
1203 17406404265476342462532587639
1204 17537057519489920472034185849
1205 17668588525141505660191699067
1206 17800987906164967913802461101
1207 17934276602485418600025502735
1208 18068443734933681361693232113
1209 18203509386059830216120818147
1210 18339465726079316921794522149
1211 18476330232882073547924791815
1212 18614093585164743247309006601
1213 18752778873481417500070442939
1214 18892373630539608695350129949
1215 19032897404651683327539128095
1216 19174343633091194311777051441
1217 19316730616411433885571759667
1218 19460048282087287729957079253
1219 19604319363433859923950563079
1220 19749531659574900361936260873
1221 19895706936814706178823051691
1222 20042836679677042690361142413
1223 20190939426751823813192922815
1224 20340005398725842967077456449
1225 20490058926685567350261019747
1226 20641086929104866182117699413
1227 20793110196772198862849613207
1228 20946121502019202761865413177
1229 21100140758990831834982322779
1230 21255156625949090693043338957
1231 21411193677876995507903517743
1232 21568238738650201522949426897
1233 21726315027975272973239473699
1234 21885413701428479942236492069
1235 22045553962409430673367124007
1236 22206725725488858170931648729
1237 22368954790841191327805736891
1238 22532227037314018765052789277
1239 22696565039235659850530486399
1240 22861960490008742901447800945
1241 23028435070638462573936972179
1242 23195976346113331834450377973
1243 23364610538840878563257658247
1244 23534323843531211628953651017
1245 23705140411755250725175154571
1246 23877051165479079246800901357
1247 24050076624737696431463818719
1248 24224205714114777082091002913
1249 24399466379604712529276827811
1250 24575842865870275064100270005
1251 24753359641660336366399431511
1252 24932007673521779540535561913
1253 25111809874738053058315741819
1254 25292753530150022572510490925
1255 25474865898060723570423161679
1256 25658132543112165676355230353
1257 25842579184877689634254259171
1258 26028195883632530279780402117
1259 26215004836209499082478408263
1260 26402993609738284024601320921
1261 26592192639992367367510345819
1262 26782584674055143264727307645
1263 26974195755347214159577956447
1264 27167016536374531222565971377
1265 27361070958350247885981462099
1266 27556345611558360346729296725
1267 27752869529692122039968480615
1268 27950627215136051703152079017
1269 28149646386584886620174469739
1270 28349915761651218458190878893
1271 28551459477336652392619205983
1272 28754264068186024747248876417
1273 28958361591301441812286636227
1274 29163734302722496392073483317
1275 29370409320163722608395518263
1276 29578376974210293246591639737
1277 29787662577917145307301871563
1278 29998251644267699514636729421
1279 30210175605266735853759443023
1280 30423417049071012363817374865
1281 30638006126532237630529448547
1282 30853930636600112031868894053
1283 31071216060265398945754022823
1284 31289848395418501299125827385
1285 31509861245624076415030184795
1286 31731235917823948030263734525
1287 31954001098040558537449285663
1288 32178146430359529158944600081
1289 32403699397054852562414105875
1290 32630643649721291201618152533
1291 32859013219665837513052233255
1292 33088789268411260849065470793
1293 33320003777323011777763518251
1294 33552644059465424176800380861
1295 33786736588426542944894893343
1296 34022266953607814098807212961
1297 34259270707658368080538015171
1298 34497727710824710088964751669
1299 34737669056913290433506653047
1300 34979082730942940444003036889
1301 35221998534064931323564582155
1302 35466398938186352718469062893
1303 35712319948023404071810859183
1304 35959741986723171226971361361
1305 36208698222686829077402695459
1306 36459175618545319206730511365
1307 36711202215900438362131484551
1308 36964762318909353072215015769
1309 37219894343418107954572752123
1310 37476576131532241345974661533
1311 37734841215436383395643966623
1312 37994676495310417766471162705
1313 38256113556975503243254097267
1314 38519134082761911705525277525
1315 38783775661417713153760464391
1316 39050017813198884886154646313
1317 39317895904176239960241529131
1318 39587395692982751960788230141
1319 39858547472996672962712550975
1320 40131333656034149983174172705
1321 40405795807445179040932514435
1322 40681909797120902259922584053
1323 40959711148955030285152669303
1324 41239186791379323901654186489
1325 41520369092868734912708439595
1326 41803239169102210452994648941
1327 42087836814331000917036288495
1328 42374140004797526333155630161
1329 42662186741286353354250037379
1330 42951961018455934474297611269
1331 43243495851733759071746848487
1332 43536772054395246355565414521
1333 43831833559665833936542089691
1334 44128655286675910355586299581
1335 44427274245258105362209090287
1336 44727676610039664651569560977
1337 45029897040087102676050798675
1338 45333915163418791227361218293
1339 45639773671360088508963381095
1340 45947448223919334534435391721
1341 46256979870243766326335346475
1342 46568351228062861432554797437
1343 46881597022250809372492006879
1344 47196697612667974007679836673
1345 47513698824592247148411244323
1346 47832574474860769852140903189
1347 48153363521657685031016743031
1348 48476051172521915263432706009
1349 48800674760954213723134597163
1350 49127211379230514153337052877
1351 49455707422959387174711589999
1352 49786136580229830916569934609
1353 50118542217023832876265259139
1354 50452906463473291746442034853
1355 50789265211726518055370384967
1356 51127598104986374329864514969
1357 51467953493523462784998353435
1358 51810303331333924347661959389
1359 52154689865023261263417047407
1360 52501096153838684716275088465
1361 52849562422340819278217171251
1362 53200064158533112114649557269
1363 53552650227943117048367164551
1364 53907293301977133138545692425
1365 54264038469380935945007612555
1366 54622867463058608322167095229
1367 54983818021743473466015733919
1368 55346868128173773941352987745
1369 55712070022959608949983582179
1370 56079392544179202814126346389
1371 56448881302834971213364418295
1372 56820517897056140325692442777
1373 57194345121290865542370533355
1374 57570337379330126952125854253
1375 57948545369373781110690286031
1376 58328940796735568066307023873
1377 58711571169840957147736825987
1378 59096416709878751157456217381
1379 59483518303862877183033809287
1380 59872851488278226128991575545
1381 60264472336580452023618410619
1382 60658347507855227146181222685
1383 61054524944237160038718060815
1384 61452985968222299543694939473
1385 61853774545089780494108477363
1386 62256864269413109768104335349
1387 62662309073368474612323379975
1388 63070078220124261878193901321
1389 63480222965856832873805446635
1390 63892720926987193882077391581
1391 64307616415658188821888575583
1392 64724882967391916682237016577
1393 65144579806410314243164482419
1394 65566672406191010532927781013
1395 65991210362018764839405847543
1396 66418174466309532119028971929
1397 66847611099521203965220579243
1398 67279492017715360038155194221
1399 67713874807959027437213968527
1400 68150725805037019103914520769
1401 68590100494310419626570214691
1402 69031974445150632603227097413
1403 69476394297339960395200498727
1404 69923332756240030908096406105
1405 70372851423237345802465859515
1406 70824914141053484074772241565
1407 71279573400517789314693679791
1408 71736808696510845831776299569
1409 72196669879686763464814944435
1410 72659125418726999712304447733
1411 73124237488787526586905709031
1412 73591969842980486597356807913
1413 74062380579835393746401057323
1414 74535445132203050776435661629
1415 75011211661550543122958765215
1416 75489651694175631239644414689
1417 75970830280190408189670956019
1418 76454708806049779051992662613
1419 76941343739945505639660410423
1420 77430711550322327835737722361
1421 77922866333107809906668036747
1422 78417774255838158540850382605
1423 78915500771974212845850623887
1424 79416008199429125420606176609
1425 79919356987137827712646453251
1426 80425521621658844201580364485
1427 80934552578611754089672020999
1428 81446419772967988777595776025
1429 81961192976683467354932820155
1430 82478829597840153112385953661
1431 82999390386815352984555488527
1432 83522850047166180066032099185
1433 84049265327559742562569759987
1434 84578601379282296048496283781
1435 85110925919958311742039702567
1436 85646200369344871256964423369
1437 86184488053544106670412342315
1438 86725761446511973410757242557
1439 87270075251126226826253106431
1440 87817395493519258549520677249
1441 88367797415305039598905878547
1442 88921235271754066500177576757
1443 89477773326116174301992252535
1444 90037385529702284746863991449
1445 90600130447563589758864162891
1446 91165971873279295113095829005
1447 91734981494541194339812003439
1448 92307117500671590485692704161
1449 92882448148514787258800037475
1450 93460943022367009785880588069
1451 94042660649585721996195729127
1452 94627564805253441479813357625
1453 95215734453208970926476366459
1454 95807122447608474125537237085
1455 96401794717878613418401333583
1456 96999724966761642074935399793
1457 97600974941265247237417543859
1458 98205505752184308009778871077
1459 98813394174116560499144447911
1460 99424594136887140039805103785
1461 100039179278279359411300457931
1462 100657116355874420407746723261
1463 101278467231244147662653481567
1464 101903194931511831810705303809
1465 102531380944633663876118376467
1466 103162976186960754664476843989
1467 103798050348701607868151591863
1468 104436574924404766525415552377
1469 105078616120154537963369225515
1470 105724131179580743932145841645
1471 106373202731451943064090221647
1472 107025781406466188697505288929
1473 107681944382341810902380737379
1474 108341657744518926876239543333
1475 109004985202746130084791628823
1476 109671888071201586874726683577
1477 110342452675301273154646721659
1478 111016626863249905398312210397
1479 111694485038611974703413835695
1480 112375995144134378331716718033
1481 113061228762871246197102783603
1482 113750139697778188506045647237
1483 114442814727222757979356939463
1484 115139203067874820778379479273
1485 115839384545330186070950005003
1486 116543324436066223866652588477
1487 117251089224378490439532099487
1488 117962637872179507420164371745
1489 118678062745202267612862391635
1490 119397306271876498013214336501
1491 120120448916837612260020456215
1492 120847456266144501765180356345
1493 121578403070474116122422246027
1494 122313241912410727153883857069
1495 123052062608358051689455808719
1496 123794812316660005699768201921
1497 124541575061349162556065370659
1498 125292313493442306662509092453
1499 126047099707941930885027248343
1500 126805887835155131034865957625
1501 127568776717962370355635142363
1502 128335705010176658745613801373
1503 129106757042501446297989058447
1504 129881897695753173301122083185
1505 130661203951964259562209870451
1506 131444627324584277480768019621
1507 132232261735548177135448375335
1508 133024051102373250435470457513
1509 133820085359595062138048449931
1510 134620322703184869483386535389
1511 135424840585978987509398153855
1512 136233589886586700346176853281
1513 137046675161742506344882637395
1514 137864032449914875463769719605
1515 138685748592925098262887812343
1516 139511787798441095572911816585
1517 140342230975171875892744986315
1518 141177025894700808349282827245
1519 142016273633655016757874628271
1520 142859912584219972061513400737
1521 143708039013851953117560570307
1522 144560608319979303367156366789
1523 145417701394787355414863777239
1524 146279268091244942046275934777
1525 147145415894400970552436826267
1526 148016079028953132837520230141
1527 148891349164814494880358894095
1528 149771187347854967998716987089
1529 150655680476997823396961896883
1530 151544770872989478501511282309
1531 152438567051740673711925474823
1532 153337002723145953886786077097
1533 154240179324351850157633494779
1534 155148051375804922511195781981
1535 156060701904790186423479610239
1536 156978079168210790544279851489
1537 157900295952861216902096555123
1538 158827282523948996861727549077
1539 159759136271277524073137094967
1540 160695814237991076588712451497
1541 161637410104164592901593240171
1542 162583861956526704048678838509
1543 163535283199616921037498580047
1544 164491606022728256833388775777
1545 165452934749228087883502988291
1546 166419222447070758178997024069
1547 167390556502243318370029187063
1548 168366881772982868178581623129
1549 169348319067713136887518249723
1550 170334791252874995818002148861
1551 171326403772308118910444463951
1552 172323109932243983614703138481
1553 173325007591380957678534271923
1554 174332033526017222633167944293
1555 175344305257024595024687963879
1556 176361752010104882577271451273
1557 177384483246368833012514702875
1558 178412449318954579021293858205
1559 179445743364502679029177940191
1560 180484304463674010430896680577
1561 181528262073049417534441063347
1562 182577534638683017127616779125
1563 183632231844864892774857298295
1564 184692306497480122911582354953
1565 185757858978146351792074414955
1566 186828823966831751782041440557
1567 187905324487162829574985074991
1568 188987285727381646910509536385
1569 190074825386726587694702706243
1570 191167887101086490991130838085
1571 192266571729551655257183310903
1572 193370813832928481488844533433
1573 194480749011826538282520437051
1574 195596293053419851919071459277
1575 196717558766361680548107312847
1576 197844498521868133572834424753
1577 198977217210077654087112846163
1578 200115645098029504364218653189
1579 201259913877245712215936033895
1580 202409941554002727614184893481
1581 203565853503512490798742313627
1582 204727590208883773300620735581
1583 205895257200330753002396650943
1584 207068787297414762807873583585
1585 208248320368063708005685886995
1586 209433769006615948490149960213
1587 210625252009697206954621465143
1588 211822717699661814115513923753
1589 213026278714236475950434408811
1590 214235859252326096501854120877
1591 215451599505177728021988557903
1592 216673411796914348870228456673
1593 217901427864571173719757751651
1594 219135586861334604750238303141
1595 220375996302072586559482517047
1596 221622587715855570339111898329
1597 222875508153895605806177620155
1598 224134664488570453407860709645
1599 225400183554941732361909465935
1600 226672007477117348682218537969
1601 227950257728347122013405200371
1602 229234852201862959230083308837
1603 230525938544818480413024404263
1604 231823427035697030193841591561
1605 233127452430295741754613987579
1606 234437952615831049483727249949
1607 235755040469524839265633459167
1608 237078642686587269176305663265
1609 238408915631389510035627868307
1610 239745758412290098366805469653
1611 241089306964743277720344436567
1612 242439499577219971355597833033
1613 243796462365269327235638896747
1614 245160111691222548135005526477
1615 246530599310134995012159680799
1616 247907832490995661361114232705
1617 249291952699563988970792335907
1618 250682894240215306534312537541
1619 252080777316610325077559484695
1620 253485520914522456662124879289
1621 254897293012452925592949325243
1622 256315985197564573449439144909
1623 257741740005679617017360750319
1624 259174494659059266567280809489
1625 260614379126115154713154434099
1626 262061307118548013126809047429
1627 263515437104185860914757923111
1628 264976670706153388763065095305
1629 266445159328473118625602506619
1630 267920829131377997946848065693
1631 269403809704998062655859921951
1632 270894015639481248023117495025
1633 272391621288466891024318994643
1634 273896516034249000102920229813
1635 275408845619118983251095975575
1636 276928546039477924635087840809
1637 278455752811673358302705617259
1638 279990374413891545807016673965
1639 281532581077629961356463120351
1640 283082264345393338648782900193
1641 284639586153655430865602035107
1642 286204467632542442785152362181
1643 287777044435116478897183092951
1644 289357228345512452025317568569
1645 290945199638551756882033039835
1646 292540844448575808924336918701
1647 294144314478446412825508111471
1648 295755542040622376936064242737
1649 297374671872900348654678946963
1650 299001603527719289171304248901
1651 300636518133699320076943653735
1652 302279301212309597127769869417
1653 303930122248027231246237617851
1654 305588900790144147490176759773
1655 307255774930417167791596418303
1656 308930654220835328014412840497
1657 310613727948692360888132632147
1658 312304874121309788025770185429
1659 314004256006495506446832550551
1660 315711798049581071968269721737
1661 317427655059245181966828398859
1662 319151720330624597914124992109
1663 320884182855164153698510302335
1664 322624925093341711209981306401
1665 324374120336030433999153327427
1666 326131687136808513373350068101
1667 327897770211488601095165555767
1668 329672273418441926178458309817
1669 331455397184559852543457013883
1670 333247009937381124590432532813
1671 335047285851667590635259994895
1672 336856143482224800893457045137
1673 338673745258952198403565336451
1674 340499981869444920032125372453
1675 342335047695753939974298992647
1676 344178821117940768922600376809
1677 346031483793624084692317986651
1678 347892948708704856906792963357
1679 349763370396605372054016755679
1680 351642643119447024337702930673
1681 353530982396780477769587192243
1682 355428246944386562767098808469
1683 357334618406326176368305349239
1684 359250015189418701130650130825
1685 361174602482460009908598190027
1686 363108267967018853537156545677
1687 365051215077362871902936929023
1688 367003316037844925213504530209
1689 368964763792647546358512962723
1690 370935461750064977052638928005
1691 372915575770063498059552069719
1692 374904993358745431327273896313
1693 376903938445448332215496927387
1694 378912266981252985156729856045
1695 380930165744454572959563264207
1696 382957550721000172931952058161
1697 384994594431171952293683266371
1698 387041178237001789121619871205
1699 389097518253054351579397212935
1700 391163474487967317238870033481
1701 393239253894494053530596361499
1702 395324754175370020182615966301
1703 397420147271716473109951920895
1704 399525318570192418352091924945
1705 401640498351222150186048855411
1706 403765538046379579975250644533
1707 405900632077890648481837655063
1708 408045691491428949418034480873
1709 410200901781371613938755637195
1710 412366131230269003062441807757
1711 414541611613227174959549746591
1712 416727193775707184925793751233
1713 418923093424449360048462498243
1714 421129206443402234241603419157
1715 423345708499478538326432137527
1716 425572483029102641825663537561
1717 427809769946045331986052802427
1718 430057412035978366160347224941
1719 432315616398292467555794540719
1720 434584284557677636094168829265
1721 436863613525234379062802951587
1722 439153465145989052972700953061
1723 441454081062001937879141619591
1724 443765308258006603133709799305
1725 446087367381031912375062393659
1726 448420151992574506392102981821
1727 450763845951422480298104837759
1728 453118324317434570834067574033
1729 455483843311737726039196891795
1730 457860232503907276897037082613
1731 460247713142976249175196706039
1732 462646178982310685026196026569
1733 465055836652392284788332445035
1734 467476544395846324882351644461
1735 469908548800837243962233961695
1736 472351693801821757049141806721
1737 474806210240751804480305502979
1738 477271984948978269282382576789
1739 479749213270413772760344663543
1740 482237759073278013445759066425
1741 484737894670455339886631081691
1742 487249439236539096362673726957
1743 489772623335131190881968034223
1744 492307341295544983322776156049
1745 494853802293055809302582588483
1746 497411860528604967062470722661
1747 499981775004919808740478536039
1748 502563379280640654543352795465
1749 505156918933828282370885133051
1750 507762269531416161283869762429
1751 510379641565250889214301796351
1752 513008888967683937650352904721
1753 515650296169679579391434105555
1754 518303676928928893806067328693
1755 520969267518629858846559184807
1756 523646959938373859427498719017
1757 526336972175938816926871026955
1758 529039151855403073813971461901
1759 531753772571728108678708674495
1760 534480653930771686636842549345
1761 537220058219634971878288347971
1762 539971852249246671105803880245
1763 542736254087689078976562328055
1764 545513116182942058852736757241
1765 548302730721326487110747243227
1766 551104906056106648380993164557
1767 553919887989519797918328439119
1768 556747561178657323356611802033
1769 559588159784963625558514354659
1770 562441515241321860160377711269
1771 565307919912114278676551387015
1772 568187184187625212120062011609
1773 571079579014410154987143946843
1774 573984970362161848834101800797
1775 576903580105152563902575137887
1776 579835256961163839326576867313
1777 582780305164010222408811208467
1778 585738523382114827374534605205
1779 588710174017124679878683156199
1780 591695128447091415555873171977
1781 594693636132609998056453527755
1782 597705518834116873819116691981
1783 600731081860786741293307532959
1784 603770128542399849992585784097
1785 606822938363021075658658790019
1786 609889375071072954581823866517
1787 612969668731920028582437053655
1788 616063659753519903277601413241
1789 619171671126443201542688449691
1790 622293483701544181779253195373
1791 625429376781969068566933676815
1792 628579215154885503246506393809
1793 631743258388754394209021860387
1794 634921324591835212701230820453
1795 638113724914625916352450490727
1796 641320258972333744565212235193
1797 644541217338584451736713974267
1798 647776454604018966245576186909
1799 651026217551621003764857566399
1800 654290331577433440266994406641
1801 657569140038601482112535440531
1802 660862410738437151231809537941
1803 664170434768475245814508877511
1804 667493074825193030962171710153
1805 670830595061700884941868893227
1806 674182809474448723287373164365
1807 677550043810127719657384000031
1808 680932085925548050065444802049
1809 684329243387070692599040836579
1810 687741357213540507186181728085
1811 691168691138792067080526525079
1812 694611058616674457292432233913
1813 698068817955689123434186726635
1814 701541733139480261159448207309
1815 705030099507052379156916619343
1816 708533777981906863959785861873
1817 712053043531789990919814647171
1818 715587699180730324693348682821
1819 719138090563573261988619225895
1820 722703986905850900156099381401
1821 726285719203085556251197747323
1822 729883116022418831731673886525
1823 733496450735462645828789043327
1824 737125535532493665485870984081
1825 740770735916322196397653496531
1826 744431808562910574430333992533
1827 748109062194392576947406580199
1828 751802350715510293572111485641
1829 755511965086075530279529144267
1830 759237691515912528183260066253
1831 762979897174145585480140980831
1832 766738338593718094352605109409
1833 770513357998831626005572832483
1834 774304783051985861075523671189
1835 778112893441797247910630964311
1836 781937494440534190992265991161
1837 785778968435313136906889355211
1838 789637058266659961396250121229
1839 793512092536877280016082914671
1840 797403907585398638844388184433
1841 801312816442408090180301505507
1842 805238593132145033190738043973
1843 809181618169887917630789454119
1844 813141643385187408670516314905
1845 817119016829709435118852976251
1846 821113565111905211716418161021
1847 825125576003900378042416295647
1848 829154846401700078495094860337
1849 833201782256326358150897302131
1850 837266104918124339456669849685
1851 841348163342931153830988173351
1852 845447784572803514058823480169
1853 849565292908974382510811029259
1854 853700457001549192713805619005
1855 857853668044658413235596150303
1856 862024670927380599111641973505
1857 866213829248941376758896314499
1858 870420956986613672761782246165
1859 874646362907930681457973522935
1860 878889824146737268534129962425
1861 883151770521383733519627622955
1862 887431908531742899475655651597
1863 891730602802294486057485137071
1864 896047677391812929331592344817
1865 900383461609034497645076343331
1866 904737719631135039548248011717
1867 909110857473779485142384518791
1868 913502607070652234125145268345
1869 917913353620531993406454446843
1870 922342895155349346073574963837
1871 926791559658909548233175375279
1872 931259110708685735367426829969
1873 935745996258232812685889306707
1874 940251915601589611969952988085
1875 944777238110306583206444424135
1876 949321787885265304301861120937
1877 953885908316224879719342314283
1878 958469349431591718692943685181
1879 963072541513556571032688386879
1880 967695193396288888548241026593
1881 972337715891328606791024646979
1882 976999893420505770292185213877
1883 981682066762669952263526519383
1884 986383997983429804297060942041
1885 991106142772132145144578791051
1886 995848193097155882049645913293
1887 1000610534483109585514376919791
1888 1005392978885897871769974540593
1889 1010195890635004651372579661987
1890 1015018998681069072605998938373
1891 1019862762860689044509004069511
1892 1024726873421994884580520972537
1893 1029611756971139198396225650875
1894 1034517195383158069611991714077
1895 1039443534682013253626632489167
1896 1044390531015181109582633036945
1897 1049358659139548809211418893171
1898 1054347597091888665303261904565
1899 1059357751563527894044716387175
1900 1064388915783665951135206261897
1901 1069441478447641394216149522891
1902 1074515153066536616240115816765
1903 1079610414336995375200952764575
1904 1084726949792228638671002981409
1905 1089865194487106268596032112099
1906 1095024925676982323211186467381
1907 1100206502466917212326638628599
1908 1105409666334825758730145460473
1909 1110634923003119880312341753419
1910 1115881920817082483166678985165
1911 1121151094758761996170824639087
1912 1126442227216376317090553214849
1913 1131755719589871159753315791331
1914 1137091280157223380028773227525
1915 1142449394891810453204884311047
1916 1147829741933668608279176125145
1917 1153232771838757532085143938267
1918 1158658252720799200193833398685
1919 1164106566353285833780747246639
1920 1169577431614715975730222914289
1921 1175071382508625420599891694419
1922 1180588050013428581858607241557
1923 1186127885151918570309648956999
1924 1191690666347564728837424243753
1925 1197276802914260154436111115339
1926 1202885998776500320473047624221
1927 1208518757051012061676447653535
1928 1214174738777953189531934444641
1929 1219854424068156843554624815683
1930 1225557554958624466548376364181
1931 1231284539872813390838919756663
1932 1237035082601141403657054359129
1933 1242809738226462881613815340971
1934 1248608128986634749904231441997
1935 1254430712514852282686044250191
1936 1260277266074117867500899391777
1937 1266148213855119678932639846659
1938 1272043242699238577744204657829
1939 1277962886281570338710264879751
1940 1283906780995008983902271081337
1941 1289875433763471993576955201019
1942 1295868572722880243621700009917
1943 1301886621162314834155226914223
1944 1307929276234433357180099338897
1945 1313997105777431249895704242771
1946 1320089722564707475097463867253
1947 1326207604834706131965609634215
1948 1332350515668993908684143565577
1949 1338518904556971883538068611723
1950 1344712431532491517182859890077
1951 1350931664379173358628900871999
1952 1357176216229626707673257080865
1953 1363446614550122138609999411251
1954 1369742588413510614536925487573
1955 1376064561320794071832507941943
1956 1382412228002290084003029593049
1957 1388786176440488801072610568299
1958 1395186001526909247036985160397
1959 1401612207666667221926710408559
1960 1408064534393610476774186479745
1961 1414543464540013460930339592611
1962 1421048636127896764269623892037
1963 1427580637298540580950511863431
1964 1434139075279354266680936065273
1965 1440724487299421735697014060187
1966 1447336593821415785857867767453
1967 1453975839493340642964581505903
1968 1460641902713206676900450503697
1969 1467335404067372484574833928883
1970 1474055906115552180641015609909
1971 1480803945200207201317015007239
1972 1487579246179880369699670194089
1973 1494382305334927968607323910219
1974 1501212758800270873469888305341
1975 1508071207092940264712430794943
1976 1514957247247656894883816077825
1977 1521871435577062721093739270323
1978 1528813479351680959955002478837
1979 1535783849370930552629982438551
1980 1542782193630318507143454227353
1981 1549809173534830742503896828427
1982 1556864328081488726797489972909
1983 1563948212144906757849629551695
1984 1571060548770592566501318177633
1985 1578201841441935447711976583523
1986 1585371718734137583532332395237
1987 1592570802463692379450005380999
1988 1599798669628610051856653608985
1989 1607055912705494782317967271419
1990 1614342209686017374896189834141
1991 1621658060706348996609770585839
1992 1629003095771441781672349442193
1993 1636377999343636875926087512467
1994 1643782300334876271100646823429
1995 1651216564122263912537252040071
1996 1658680511850603303971535237257
1997 1666174664515449158401156703627
1998 1673698630200290389337742363517
1999 1681253067322285330799288285503
2000 1688837520096072085822004794081
2001 1696452613981922208098084344851
2002 1704098010476754790976888869077
2003 1711774230968693024137670096919
2004 1719480897748371997470920489369
2005 1727218706309159654956906657355
2006 1734987177851692455871165827053
2007 1742786896184459698632262188367
2008 1750617567144934513690371528289
2009 1758479744608613204894009041027
2010 1766373005653810329492386486469
2011 1774298046990589049331797924631
2012 1782254387606134504682981355321
2013 1790242676941873421030420062043
2014 1798262572009702505011281552029
2015 1806314597605096174945122584879
2016 1814398371012488899947244510513
2017 1822514619864391551484019025139
2018 1830662834610164595193540843813
2019 1838843637600937326197869390887
2020 1847056702828326442889239938441
2021 1855302620510288877820939051371
2022 1863580944091823486158066497437
2023 1871892394915892433701840485151
2024 1880236487276425835598968548001
2025 1888613877474440598566317050835
2026 1897024219768691171248243812373
2027 1905468056128315742491779660439
2028 1913944986092825686416709311513
2029 1922455772596753661882278695819
2030 1930999873640337894051575870061
2031 1939577949664946983144603592783
2032 1948189654872964774405883605025
2033 1956835598830249835098825739171
2034 1965515327529836844440603572165
2035 1974229577536405350647117586967
2036 1982977848702654660506684990905
2037 1991760824742595829033776764123
2038 2000578142824343595223305426717
2039 2009430378466115748687391602735
2040 2018317092900863706013659824081
2041 2027239098118408894975610494451
2042 2036195821112621928001626222629
2043 2045187941621059719677067102823
2044 2054215117538749962188740139305
2045 2063277966239834915430999131179
2046 2072376024132147457663952552541
2047 2081510053334572171185848130399
2048 2090679531176216943438159889281
2049 2099885180311302749501834111795
2050 2109126601276805722535430177461
2051 2118404407983840146227326367991
2052 2127718142499289587104332461865
2053 2137068641935032482605021795627
2054 2146455321245870277986661802381
2055 2155878874452986254480799640015
2056 2165338951160822508354041344257
2057 2174836190283352658616581021571
2058 2184370108872564063318822266117
2059 2193941512944824877895583163863
2060 2203549836194224879462269447353
2061 2213195844381388701035111723611
2062 2222879116825872782140782967165
2063 2232600288454789849555399821871
2064 2242358892935349221741924778705
2065 2252155783507469634701133908883
2066 2261990368373644208292840324741
2067 2271863360351597477327410160135
2068 2281774392396167115642451494473
2069 2291724142459731766774183209611
2070 2301712083896474186902537120093
2071 2311739071560303523922376040447
2072 2321804510224754976757761799393
2073 2331909195747734247796976156115
2074 2342052701742776598530934400341
2075 2352235668395346927942882427575
2076 2362457622414558285558546328457
2077 2372719448366293845288573082667
2078 2383020522699792014023108216781
2079 2393361601570737743406133493839
2080 2403742287352439687159036251105
2081 2414163295331186634723384557155
2082 2424624073352831290455043342725
2083 2435125504148896228554156230775
2084 2445666984143825365168028160729
2085 2456249317365440954738259298427
2086 2466872075430716692131796832669
2087 2477535922742246739520470367247
2088 2488240359384688045297470548113
2089 2498986320166549103917587452275
2090 2509773131997147670370459508037
2091 2520601601879468846887135819623
2092 2531471301977757784117624713801
2093 2542382976378236815122745914651
2094 2553336068840704173957311549117
2095 2564331471965469194829621922943
2096 2575368570592852533358262915297
2097 2586448199060586695742006491827
2098 2597569904943599709855381370261
2099 2608734390382328566088292422743
2100 2619941116462426541435029886601
2101 2631191074075063490793292575819
2102 2642483556856906086499127806317
2103 2653819392802530615085609221071
2104 2665198156200487235288494848737
2105 2676620599375012814667701301347
2106 2688086149461988364565375162565
2107 2699595739126328909722770594103
2108 2711148724495226576116360628473
2109 2722745982617058162467025624219
2110 2734387021891584310735865342829
2111 2746072589372705913747466061103
2112 2757802118200448907846141738257
2113 2769576628433938226560317326291
2114 2781395404404291257508800659973
2115 2793259287956156191792992062119
2116 2805167848829584600348750329673
2117 2817121860427704860254047721243
2118 2829120727446819587991187489917
2119 2841165431099918039453570652159
2120 2853255274878788126081239865505
2121 2865391193849595109246628866931
2122 2877572669250487520526134316629
2123 2889800471213253206501307509783
2124 2902074024425089563600640546729
2125 2914394369501696593590867820363
2126 2926760771864794195920139563853
2127 2939174103924810884424661047279
2128 2951633911748660910715789458753
2129 2964141022309112406727163316675
2130 2976694787758380089245262471813
2131 2989296242461682833085447668247
2132 3001944658382667904367568806681
2133 3014640998743664498438344916251
2134 3027384741930485902354905575533
2135 3040176664195537669593703838863
2136 3053016187230953461926334418577
2137 3065904382133349796530260334291
2138 3078840484423216171353471217221
2139 3091825413423362555568274107527
2140 3104858673064963088148459550697
2141 3117941137375033312238339261915
2142 3131072125172747937105672118909
2143 3144252715812480754569436576255
2144 3157482161978892042031092011041
2145 3170761440711439599429495993459
2146 3184090025155767311685599466645
2147 3197468718626969437243981372695
2148 3210896908872162601767905218313
2149 3224375731156566488664995746955
2150 3237904364881169614731304445261
2151 3251483782208991990350017090303
2152 3265113461163412783909184446465
2153 3278794301468271584525853610531
2154 3292525617131711098385946008229
2155 3306308494487943156094905639735
2156 3320142181782361385469991947609
2157 3334027691403741995438359876187
2158 3347964465234052295572307295533
2159 3361953353747829958742653390319
2160 3375993695141258430555355825201
2161 3390086688964325416710581165875
2162 3404231470603224606869012200261
2163 3418429047806622245835473761575
2164 3432678897901942923530420741577
2165 3446981928900889011186902261883
2166 3461337441529128356491031834429
2167 3475746562461097470169543371839
2168 3490208501364332672171124112289
2169 3504724324403654311442261597203
2170 3519293427736643046960373158133
2171 3533916719061946745635700810359
2172 3548593499546818782577607875017
2173 3563325006329252524311866622411
2174 3578110362730584725661306178893
2175 3592950587159838494570006233151
2176 3607845150790432895020993843649
2177 3622794993375508187187331996931
2178 3637799386326045217112346414373
2179 3652859516052706471125530663959
2180 3667974529244980037388225428281
2181 3683145557214863577229618733307
2182 3698371964307689008679082715533
2183 3713654679555967165421334271503
2184 3728993004064779941317025458385
2185 3744388198262913147626506562963
2186 3759839362338840996259306733093
2187 3775347548313500550132813574087
2188 3790912203695465237329270877065
2189 3806534320208052944355707142139
2190 3822213109747818694011462023037
2191 3837949826974693854663178585407
2192 3853743584333400667840280905809
2193 3869595544059813875529845468915
2194 3885505063459852869546244443605
2195 3901473085798504576967227553975
2196 3917498894419185079688857616425
2197 3933583790900586204486785925451
2198 3949726841315095352370090733069
2199 3965929160423393833365793693791
2200 3982190135756263360428790902657
2201 3998510825392676286125968009923
2202 4014890398107369738511014685061
2203 4031330149654121704329549880055
2204 4047829176951802140979684441433
2205 4064388656059492842074701469563
2206 4081007949051488860680218710765
2207 4097688018417665836073190937999
2208 4114428118300005020103482160561
2209 4131229619403100899156941130147
2210 4148091518538434969454662003685
2211 4165014992107341835617400784807
2212 4181999401387421835265820153033
2213 4199045836595819164427809164155
2214 4216153455527784193662708107581
2215 4233323573066780879882239611583
2216 4250555265302130688720235100817
2217 4267849755818513755858979308947
2218 4285206364767224680644388892853
2219 4302626117346218181980844677559
2220 4320108212390512604830142889257
2221 4337654090994378037628181847787
2222 4355262700243804904427576662477
2223 4372935255367987998696843072607
2224 4390671116986832129466112344193
2225 4408471377330440541247886703715
2226 4426335188069436922939791194661
2227 4444263910157713672212837734487
2228 4462256578784504566674608422809
2229 4480314478901933317145890067675
2230 4498436871530318114133976953485
2231 4516624849397010662531143829615
2232 4534877560341586646136190829329
2233 4553196500674985922713715907747
2234 4571580605466230655925408949221
2235 4590031096805680730167507195623
2236 4608547329098404507914056955465
2237 4627130436058229498130872373531
2238 4645779525001080060131550433277
2239 4664496025752976757040340367231
2240 4683278907648784685536110937553
2241 4702129531155057400126509289459
2242 4721047121100866016520054396309
2243 4740032793947458971258537306295
2244 4759085697424482065892627311817
2245 4778207346030492199648134810891
2246 4797396651666771977838623679693
2247 4816654881774871076291616460319
2248 4835981362652323696044401605313
2249 4855377286186823937518211029795
2250 4874841690466255377600792801205
2251 4894376090976151747346079849847
2252 4913979398579181799096935836089
2253 4933653018943907641087243109403
2254 4953396171355514431471841809005
2255 4973209989724944447166751570511
2256 4993093604831222166126563233553
2257 5013048577565668163303407823459
2258 5033073774618648518863916457701
2259 5053170531410359551527334039367
2260 5073338108924247137685261671881
2261 5093577773783144092413837533467
2262 5113888526287370766014288263485
2263 5134271916737665130293614641631
2264 5154726849860988189765170454897
2265 5175254742222971654861080595123
2266 5195854808363299387493921109749
2267 5216528210958474575450975873975
2268 5237274042973994043467770175113
2269 5258093957729555373688867848619
2270 5278986732472217058356797615117
2271 5299953780146598105542860365087
2272 5320994323999548419857774358817
2273 5342109671935528272365262327363
2274 5363298802492149003730201485269
2275 5384563295914394788355882431991
2276 5405902040120307791680798927673
2277 5427316492744361818529814319483
2278 5448805833156724069901384438029
2279 5470371290915374276595483866255
2280 5492011884430945190381354726673
2281 5513729352693738945839061143331
2282 5535522421016359200412277881317
2283 5557392552606851221413644104199
2284 5579338964061936284915511852233
2285 5601362965690780882092644181083
2286 5623463528044050573628943144029
2287 5645642282316912215370545980159
2288 5667898059407280991272430547281
2289 5690232405753009495033516496659
2290 5712644429585596449757146578805
2291 5735135430887357343357555953991
2292 5757704384993350519025323515017
2293 5780353078444051294940830659659
2294 5803080223147485702961599546701
2295 5825887285673662264339526615839
2296 5848773485764989497261754822529
2297 5871740182761455500899313361731
2298 5894786292534008134793655227733
2299 5917913530049957356862963523735
2300 5941120646724631910840290357593
2301 5964409272513832883789561583419
2302 5987778464832181411519171686893
2303 6011229569632690309348976806511
2304 6034761552112777638816885807889
2305 6058376228373996169149837733891
2306 6082072278902063033000915026885
2307 6105851221863620089592069552007
2308 6129712236954009240097337354505
2309 6153656753643984071993785861179
2310 6177683613819129033328554475133
2311 6201794631127589124736107883967
2312 6225988492055314406399450755313
2313 6250266871042873245150908679475
2314 6274628829760313880276467628853
2315 6299075714260943813631114939463
2316 6323606478082028674220740503945
2317 6348222993973834258546307778219
2318 6372923897125118644165260966477
2319 6397710780710579632338262259711
2320 6422582747769812335554678880193
2321 6447541317431459702299258665923
2322 6472585270799645139939840373525
2323 6497716473793693201487045287639
2324 6522933597567732767275108646809
2325 6548238348567102365781869519739
2326 6573629766478091521597622668557
2327 6599109242572006111864007175855
2328 6624675682822818455446763841041
2329 6650331055467330871631942818403
2330 6676073893060220403474607241669
2331 6701905885071570078421706108743
2332 6727826099287676331365968055737
2333 6753836087269791184933756729147
2334 6779934621256150284314381990973
2335 6806123587641424677926937522591
2336 6832401642788699973584075471025
2337 6858770530701443560879406532947
2338 6885229261751742728421400011221
2339 6911779308742826869222487770247
2340 6938419480425343803100668528841
2341 6965151857615005665087051229291
2342 6991974901739914162222249725517
2343 7018890354540570400727754441471
2344 7045897275745490128237819444833
2345 7072997232990309229099622168835
2346 7100188987877032338698144906645
2347 7127474481873826072711577309015
2348 7154852308169688466497876500345
2349 7182324310060839371810233891819
2350 7209889408445419276337294414605
2351 7237549156947906297485556054415
2352 7265302321405058542322060869809
2353 7293151043321597214763981585251
2354 7321093764757633324688121126981
2355 7349132238047531047849265584103
2356 7377265515238083573341403629945
2357 7405495216100666436379993383323
2358 7433820037617883977514789627645
2359 7462242029681045494291170679327
2360 7490759690281169493618076163857
2361 7519374962724838872639333541107
2362 7548086707506319136774432442261
2363 7576896530701112865040404526983
2364 7605803185051511681843267375177
2365 7634808830296152012088338848363
2366 7663911890340650263930859032397
2367 7693114176498416162978581452991
2368 7722414695934158769280039610209
2369 7751815149131277427147330410691
2370 7781314140967103039342786121141
2371 7810913831025819670453381681143
2372 7840612645207372280361159161913
2373 7870412580921062189663315100779
2374 7900312512742058955312412566989
2375 7930314038305534669572020454863
2376 7960415892409979524933330806289
2377 7990620318063262129824785307523
2378 8020925658326229125230787801221
2379 8051333818872278399786733522375
2380 8081843725419585458693568073209
2381 8112457186598966359620756780603
2382 8143172735441899147293926285693
2383 8173992592024359557229421451903
2384 8204915162426714645247836951441
2385 8235942467452591395730946672659
2386 8267073364375848782210269405333
2387 8298309501900230766454249133095
2388 8329649574695655405104254209225
2389 8361095918367784632443364869931
2390 8392646774329161217970896271421
2391 8424304155461309970247295156447
2392 8456066923533422764695171418625
2393 8487936939830491812946380214787
2394 8519912725978747903285115957173
2395 8551996535258012893806005587447
2396 8584186745796661324198523711641
2397 8616485435338675950556159230987
2398 8648891408937687713145248464845
2399 8681406416128766889868478456271
2400 8714029034039457861624163184561
2401 8746761733726288699095511092323
2402 8779602682869722377333971095813
2403 8812553939341236748491733102567
2404 8845614374991504044976361092217
2405 8878785853888826938654225335259
2406 8912066880988236243767617101309
2407 8945459771155990051566658225983
2408 8978962840651943097715476004113
2409 9012578288339660898284698643219
2410 9046304808548288465262260466485
2411 9080144249850689814599865055847
2412 9114095125422263466320189725513
2413 9148159983058486084713758997163
2414 9182336951014214244459067454269
2415 9216628118652056197128167439327
2416 9251032358858110772173962817089
2417 9285551576756052121283640339939
2418 9320184220760980549708555205141
2419 9354932720420290340674946856791
2420 9389795272716790551177447304121
2421 9424774183712468466536080066891
2422 9459868103045520958527959845069
2423 9495078928870098540190735496047
2424 9530405164826118649802621941521
2425 9565849376659100787123533946147
2426 9601409675915342135181601901541
2427 9637088211000294496677558271463
2428 9672883786171374515671342073465
2429 9708798432223475668904229193115
2430 9744830474660498639368331452669
2431 9780982476343830455377949953999
2432 9817252549067695128030421008241
2433 9853643070485423285550866370195
2434 9890152674023673045242269895061
2435 9926783269017142273806472858695
2436 9963533340332149948719335508329
2437 10000405549398442126562790992747
2438 10037397918794347094221911135101
2439 10074512699460446832500777776543
2440 10111748606441426949593171331553
2441 10149107776046302909993419107107
2442 10186588460330789999686164701301
2443 10224193292331759852018154955319
2444 10261920380366383503053043676185
2445 10299772106581849623011594534123
2446 10337747101459518797203066937741
2447 10375847321556413118729480855215
2448 10414071192769251148025496841633
2449 10452421498444247185487484581827
2450 10490896129728662142843403233253
2451 10529497483850305358364440493255
2452 10568224194718301950605401251161
2453 10607078458192088995074329518491
2454 10646058515787451911786466296701
2455 10685167026854436749583579755567
2456 10724402056530207885447722782577
2457 10763766073267183657107419483731
2458 10803257654492874062989682004085
2459 10842878856716429174985606276871
2460 10882627982469727327295813058537
2461 10922507961643946130053945761227
2462 10962516598200811356527057104989
2463 11002656337490382368531096499743
2464 11042925828565786195383398785697
2465 11083327288226995064604458640227
2466 11123858919320903857399828896565
2467 11164523464730259137564743102231
2468 11205318913160440113691038097849
2469 11246247856016414155237906850859
2470 11287308744295584600634008931341
2471 11328503769029762958606037251855
2472 11369831160250319612457169171937
2473 11411293922035493806295354203907
2474 11452889829540902569947853944101
2475 11494621347324968686893315945895
2476 11536487123753016749056377782233
2477 11578489416587235811804875632059
2478 11620626373215208133344616712381
2479 11662900880506013674394798468847
2480 11705310778475389574819874305553
2481 11747858802007250444211455741747
2482 11790543324380718051763034677205
2483 11833366592531748605182046537447
2484 11876326820158437195384038366281
2485 11919427052148328598148481446859
2486 11962665037872258388666950066781
2487 12006043311459439967021406284415
2488 12049560446726391934774285617057
2489 12093218838228339808664413673331
2490 12137016492766601623482182306357
2491 12180956432639979737471890141271
2492 12225036421431411331753858979993
2493 12269259269092653433572961403947
2494 12313623346363601489897931861901
2495 12358130895407957202311725905583
2496 12402780118334487931145746886145
2497 12447574148455468852979751967107
2498 12492510641341884235180280696133
2499 12537592260941057836116373535687
2500 12582817474938374747841123905657
2501 12628188803115124524659585306075
2502 12673704153902996823872631567613
2503 12719366652115582000641123551119
2504 12765174023044619123304099817105
2505 12811129093949243832903996567315
2506 12857230232273478378562468438005
2507 12903479759672577201805851149031
2508 12949875789505242488822921026313
2509 12996421604713688536735270594667
2510 13043114704247276723955232053917
2511 13089957898875879796857779955295
2512 13136949577399569322256657630401
2513 13184092327492094040541805018131
2514 13231384063542784644074850398901
2515 13278827917795006168197176378295
2516 13326421589216422412266372343769
2517 13374167993001959906646829846763
2518 13422065419850348220333043492397
2519 13470116304120031373148548788559
2520 13518318628652210475867739706209
2521 13566675863483073061654828024963
2522 13615185380111547259058560949221
2523 13663850070927179674077878182503
2524 13712668321206563418304479674937
2525 13761642734440131462828605828091
2526 13810771190524750533153851619101
2527 13860056915304407039809785328175
2528 13909497536300860750634269177553
2529 13959096093034922450680685518867
2530 14008850747465760459927134655685
2531 14058764075198658136127253336103
2532 14108833965769151848505894525097
2533 14159063966653066214073295291467
2534 14209451445560797057347491087517
2535 14259999311050605571310502076991
2536 14310705939274238832945853152353
2537 14361574002389119438979225156723
2538 14412601282060048638575998432405
2539 14463791187016129424108570593591
2540 14515141149104597370994055188921
2541 14566654395791308027164288939051
2542 14618329007638457664555276782541
2543 14670167616028556639431717255887
2544 14722168102471354371470144607617
2545 14774334050428395600894417014627
2546 14826662783340258117550177409093
2547 14879157283485402397608207175975
2548 14931815871094440102233707442041
2549 14984641361694144187377761483611
2550 15037631384114815416071822833149
2551 15090789499415434145524173287439
2552 15144113050938748791448605502257
2553 15197605345130656351303768477235
2554 15251264445132486233742338694629
2555 15305092998025232921890581989927
2556 15359088875785486366985867214985
2557 15413255756144070669684150585547
2558 15467590852412937504706713879805
2559 15522097314969344601487632277503
2560 15576773298160595102732550616545
2561 15631621781788637895503137948275
2562 15686640295833764019908935010069
2563 15741832510334403048890174793431
2564 15797195732048237708977170847001
2565 15852733279329726275442305741131
2566 15908443218107003250480678427693
2567 15964328262644648186019833989135
2568 16020386181506476488853480500993
2569 16076620846920689812796070380643
2570 16133029305974067750315938162469
2571 16189614849149246854446571353143
2572 16246375565960742473583746302457
2573 16303314499620843737024299268027
2574 16360429158021887400808491055741
2575 16417723245070358190662540415535
2576 16475194033405741229285925619825
2577 16532844953924455439749223513907
2578 16590673979870809437645789099333
2579 16648683960152946124254333471975
2580 16706872511191926825731805070505
2581 16765243696995019805863739381483
2582 16823794420725088492467419416253
2583 16882528078076056736750962085503
2584 16941442770450570955674758010913
2585 17000541538657672747166975184595
2586 17059821868258803728568871223061
2587 17119287560175264603597244043319
2588 17178935787330996180527166863817
2589 17238770138276561086323909232139
2590 17298788422332417998641458402605
2591 17358993687189753788435149701167
2592 17419383417320414921092363916161
2593 17479961782598204679800314236067
2594 17540725662454377053710517171365
2595 17601678469701428111406476748471
2596 17662818282097354782861077637753
2597 17724148237836759472564924696923
2598 17785665741312608956946340642557
2599 17847374753092912316759033045327
2600 17909272259721613703945757717041
2601 17971362037684706019474792642835
2602 18033641808694973408732683203781
2603 18096114662632713232749083310823
2604 18158778099659779624618299793161
2605 18221636337262898731467417944139
2606 18284686202175890960196703447869
2607 18347931194124099898708584577631
2608 18411369316527350569290254691329
2609 18475003870724743504688653379315
2610 18538832046642997339506492603157
2611 18602858048563936786975543821559
2612 18667078724555167875471858304009
2613 18731497949687179663438490235435
2614 18796113438392770619621511835053
2615 18860928289116684747291587344335
2616 18925939973498545799936613099137
2617 18991152815466296715193787986595
2618 19056563532297223970504346980549
2619 19122175815167772849055527101335
2620 19187987489466711330413378928793
2621 19254002025490635669026619286267
2622 19320216514406870326800930790941
2623 19386635245043505431646785199375
2624 19453255054668731256985447171281
2625 19520079835503629273104227272723
2626 19587107304009966931208000145605
2627 19654340633852842370784637492199
2628 19721777182469620637476414248937
2629 19789421493046675237177998223771
2630 19857270064705308656026568210653
2631 19925326769368584149074812127167
2632 19993589342100550455297571556961
2633 20062061371045652672980547994867
2634 20130739899714151851760833442517
2635 20199629256272812746517989978359
2636 20268726234415627379715816099401
2637 20338034833266022839883110788491
2638 20407552669364954401144359793837
2639 20477283082244440347857087771119
2640 20547223270222165729759581335169
2641 20617377979466098841287801142979
2642 20687743562430321253643385899781
2643 20758323997592481461385259752119
2644 20829117021988024374663225512153
2645 20900126202303249508580668242107
2646 20971348581245884657698181514653
2647 21042788626018618727042594600143
2648 21114442975321445595064361129809
2649 21186315838771976093273434363251
2650 21258404634080809967217694674885
2651 21330712902949782186036396922791
2652 21403237704005839654674441512681
2653 21475983913179409530594907735547
2654 21548947868249890072015347533117
2655 21622133540478276156886264949503
2656 21695538672472324752887944857217
2657 21769166926779574179189524595379
2658 21843015227193148465933338059445
2659 21917088221937106316572298567895
2660 21991382370271184065738165717641
2661 22065902100647496260065262611019
2662 22140644705675135319107484074189
2663 22215613810911463549081212206543
2664 22290806449420756102457869727137
2665 22366227558869443160183447585347
2666 22441873403257950300620587007653
2667 22517748081155026164075633762231
2668 22593849248647367381988192887673
2669 22670180753070994957852755106779
2670 22746739286776502589900267745229
2671 22823529755660944149774033223247
2672 22900548452161903218829592534033
2673 22977799899429657270176837444179
2674 23055281424294692405638818762853
2675 23132996643855767740593884802055
2676 23210942574365747152699685765769
2677 23289124264452990587460341229723
2678 23367537856102782903699132529053
2679 23446187652860835181720343176127
2680 23525071091732654999507837967713
2681 23604192239175133667557554423635
2682 23683547679911572053411724046965
2683 23763142417503340361855237486359
2684 23842972716981330368114867249353
2685 23923043138301560356088216864427
2686 24003350973795477285650864004909
2687 24083899932132125089547561882079
2688 24164686926353954858816403892577
2689 24245717258652222316432562945795
2690 24326986806513213052276682556965
2691 24408500088383254725414124131031
2692 24490254439846488633859373405497
2693 24572254023987400823950651763803
2694 24654495385350162797581296337101
2695 24736983581287494143981458966671
2696 24819714856374336375265780954353
2697 24902693869057012441075846781555
2698 24985917797819488214770888529189
2699 25069390561680707375943184227335
2700 25153108824536437811359120441033
2701 25237078155348350946431325218395
2702 25321294270879993836784924680061
2703 25405761818536541147846647667679
2704 25490478132397037908618539740865
2705 25575447370534631047230464243475
2706 25660666055271600009426725467445
2707 25746139374319196708306547688439
2708 25831863413322756249522322698761
2709 25917843061875321564958933611307
2710 26004075322772542710089860813645
2711 26090564286191894488249471592671
2712 26177306501831691104815936132257
2713 26264307668292302626869642240099
2714 26351563462504539342866780978565
2715 26439078538215432563616727570775
2716 26526850231346006317070504488505
2717 26614882830093845245196771091035
2718 26703172702651493457565603457389
2719 26791725281914561000091560011439
2720 26880536386883895623662889418097
2721 26969611188663868991228865785811
2722 27058946505670791396513286218213
2723 27148546567372898774719733275527
2724 27238407923987051276975157300809
2725 27328536283386190205918821475195
2726 27418927288779760109388934606205
2727 27509585700873214112455195652575
2728 27600508760368489990984545590545
2729 27691700944509885167333827766227
2730 27783158392143028307200994512629
2731 27874886825153677251891311801367
2732 27966881892433159865116152525225
2733 28059148854625528724082980476043
2734 28151684562830262767866951443725
2735 28244493233372977361556869275199
2736 28337571353404451544611411960545
2737 28430924835710482351813902360739
2738 28524549154678323289192619700037
2739 28618449303044614441740275076567
2740 28712622275868737223590680200633
2741 28807072818218594221708386969243
2742 28901796896607638529318583471277
2743 28996800354012367866797696759567
2744 29092078817669284542210379002737
2745 29187637608173001399358314622675
2746 29283473542288917986225177207845
2747 29379590919804267305899588010023
2748 29475986125389565288570559391465
2749 29572665314745091083774674424315
2750 29669623677631341333920115231357
2751 29766866481054953551747275928607
2752 29864390610960377759858914916369
2753 29962200885452155767008637142643
2754 30060293265503737655706323009941
2755 30158673630826721159702203044823
2756 30257337558699375179946130240105
2757 30356290489384579102539014301099
2758 30455529124986262332768509384493
2759 30555058023998721925684002563487
2760 30654873285179051896062814115873
2761 30754981360661915355858121069187
2762 30855377254640112217660211267141
2763 30956066348168814932948163250807
2764 31057045531638380265321472708537
2765 31158319640959200542676538306459
2766 31259884612181135430258918813357
2767 31361746471718443663546334212623
2768 31463900634209609088678271303377
2769 31566352795098828835299035849795
2770 31669099405271959106107111482245
2771 31772145251588297439075130179431
2772 31875486279282034947963452579209
2773 31979129149982383136620521612283
2774 32083068778875708112964963934685
2775 32187310570499110528958908523295
2776 32291851409950076971133425918833
2777 32396696258161623880802848352499
2778 32501840883665220385858940691797
2779 32607291599814786796190709145655
2780 32713043549098928084608479948617
2781 32819102693058987188518225211275
2782 32925465333978666746567747985325
2783 33032136365587554916684932968095
2784 33139111739985125078443808241825
2785 33246398105752692052217629375779
2786 33353990375386649203299629170101
2787 33461894103079326448289133226007
2788 33570106017004042038173651876249
2789 33678631333753203078842782124891
2790 33787465529133691616847824271277
2791 33896615235788134408277348395663
2792 34006075370453222731081302018001
2793 34115852071526647364815391642883
2794 34225941654396079252369501203429
2795 34336348991622740226467739905607
2796 34447070001062050824363051265673
2797 34558111513265254138963542426875
2798 34669468245626948476960963031549
2799 34781145991186377395068357332799
2800 34893141260941065354185358332881
2801 35005459559658530391617187869971
2802 35118096162819940686031012342677
2803 35231057850948044255124781323255
2804 35344339525064255812558799715561
2805 35457947329009196622881038509611
2806 35571877564910548935390538814765
2807 35686135227696866212221377808095
2808 35800716089208344586222626038369
2809 35915627306294147962569437924131
2810 36030863227939186105386706838485
2811 36146429984957854169032488140823
2812 36262323914641227860259955186809
2813 36378550615130071774634364260475
2814 36495105386487309530607484248365
2815 36611995056053200774705058498351
2816 36729214455357643690450854861329
2817 36846769875595624905469736878435
2818 36964657477918206238762746978661
2819 37082882516521932033686342622151
2820 37201440449040738895545313486089
2821 37320338768728153236322617021915
2822 37439571675313900806219689825085
2823 37559145389516573168933159404319
2824 37679056249996333984565570437841
2825 37799309894345575538260090966067
2826 37919901537810735518747790169237
2827 38040838188559330079005939293031
2828 38162114505016827106187707128265
2829 38283737106068787046119259742283
2830 38405701826867992890311534548461
2831 38528014213021375035188451004479
2832 38650669547390626386172241984321
2833 38773675500868722878910916128611
2834 38897026194177525393378564166037
2835 39020727869464085416341570358615
2836 39144776931985482809439935200345
2837 39269179075812467722210240940827
2838 39393929386909859950018022458317
2839 39519035175694699578724446301551
2840 39644490759493644810390357148017
2841 39770303066326609822802080479683
2842 39896467784006520191262772597157
2843 40022990596231273509211762569287
2844 40149866750715357289942364931337
2845 40277103980108201127149675515771
2846 40404696308926327242982262884861
2847 40532650180804907014375501586751
2848 40660961791962362349897286321233
2849 40789637177888340433830294013203
2850 40918671101606665732088496674165
2851 41048071205766098849816485546055
2852 41177831576805480607371953004233
2853 41307959314330907113959894746827
2854 41438450109478821116779585934797
2855 41569309604742768128821108653439
2856 41700533051357295672178997455809
2857 41832128379385530697518683912547
2858 41964089429625713606642595635253
2859 42096422894388749897354549450039
2860 42229124694580604503796643831545
2861 42362201194727745361014008320859
2862 42495646897273526896207075227085
2863 42629469660056543953429665616303
2864 42763663573947130086085829608561
2865 42898235711451247192642985364867
2866 43033181764660364996395175316357
2867 43168507521023349012475026198759
2868 43304208033632374950317915214905
2869 43440291574912084779664300492859
2870 43576751616014331740596388789117
2871 43713595236559201818201088741183
2872 43850818162193584622180967456433
2873 43988426861106484186940286463699
2874 44126415850805452775786461444341
2875 44264793021429239901067559508423
2876 44403552365070423035964970508361
2877 44542701183491370644559229155563
2878 44682235007741612291636249189453
2879 44822159885837735214383917278815
2880 44962470534975338480869485744961
2881 45103175639424227839793644523299
2882 45244268395376370819133431796021
2883 45385756026427950431038504087575
2884 45527634299717382032718001873497
2885 45669909706264676890577186404155
2886 45812576707604132533541946011885
2887 45955643362046720166701946349103
2888 46099103473435460628016908367217
2889 46242964665959240832321667223203
2890 46387222118244077533632291565765
2891 46531882231136268556532804903143
2892 46676939548152422933452735722489
2893 46822402900648012260146179206939
2894 46968265468218510296217131387229
2895 47114534475133089778296077623967
2896 47261205672366547556995969607729
2897 47408285699459604529355971524179
2898 47555768806601540417498814396757
2899 47703663494351384168780743222183
2900 47851963120104011043333551908297
2901 48000675681811361509768934453451
2902 48149796166774373712972661711341
2903 48299331123976406747032381160703
2904 48449275047622718309749827068033
2905 48599636856612949213151798381987
2906 48750409673941063765961900874677
2907 48901600860132795959911267263511
2908 49053206037130254678622857394681
2909 49205232132139878600311626105099
2910 49357673053104012836886984835245
2911 49510537639075572436955573111247
2912 49663819046870902906752388544145
2913 49817525490731950732666660514147
2914 49971651929010686645464759218533
2915 50126204871915470083863957696167
2916 50281178798208046942471682049817
2917 50436582851177462653143853423387
2918 50592409874181852880311682394941
2919 50748667627922388565069112616639
2920 50905351374093465519533213979249
2921 51062468430564746557330894732371
2922 51220012432195099889388495193877
2923 51377992432450680544735617480263
2924 51536401546955227347150672047753
2925 51695247951923046654490209749419
2926 51854526665843283518680117200829
2927 52014244361779200326773430243263
2928 52174395287446539434561840952417
2929 52334988978770277948319006697859
2930 52496017872889817757961634767797
2931 52657490099778981562909902153431
2932 52819400709636842376565104468665
2933 52981757188313234939564121769739
2934 53144553175699195998233180777677
2935 53307797757219848772757272179503
2936 53471483955840297482778535728529
2937 53635620189527861051377602968451
2938 53800201249354610602259255043525
2939 53965234126892691692497780567431
2940 54130712709092877209169219218201
2941 54296647010341675683031728440795
2942 54463029142400011143906343277789
2943 54629867404047731600882627360671
2944 54797156904964637055241443046801
2945 54964905078680408176501854213043
2946 55133105530257113554645895649525
2947 55301767559899718177888514033543
2948 55470884009351651651032970822985
2949 55640463641762141379869427298379
2950 55810500850417958651705944906685
2951 55981003021072301292695576385599
2952 56151963785409553704163260707137
2953 56323393355798264055879379989283
2954 56495283816167550624721004819317
2955 56667643537387449522370311922071
2956 56840467555753698560306357377113
2957 57013763502547904832580408435851
2958 57187524743360019776877805898957
2959 57361761004152529009910052092399
2960 57536464647342911285715969057041
2961 57711644873224860177165386987299
2962 57887295918720775852339718252005
2963 58063425257877237405625397526823
2964 58240026523500134915560073453145
2965 58417109989512754258789109749179
2966 58594667678875783404536039250813
2967 58772708076641542050952853766191
2968 58951226103346352547514703563409
2969 59130229787204600464172909312915
2970 59309712005268581492855480686165
2971 59489682971185442574029859508135
2972 59670134735992884000403355402569
2973 59851076725708084808416693348299
2974 60032503134162412744270008975549
2975 60214421457340798953904986531903
2976 60396825335131428159470568057185
2977 60579725244586489470072284338595
2978 60763112917356540977553452098421
2979 60946997272692272595782727600247
2980 61131372805257155493839927299897
2981 61316247926442696900682695039211
2982 61501615306830857276059308646797
2983 61687485379644029267330026736559
2984 61873850155950090800108851412817
2985 62060719058866978770228534713315
2986 62248086274224435207446202448325
2987 62435959472365106522427629014247
2988 62624332021507741848736631170297
2989 62813214889534958601529598884987
2990 63002599356164117906047588867261
2991 63192494746577512407442181723535
2992 63382895328758857857573738388977
2993 63573809707199469022214095207347
2994 63765230520870102186687169435157
2995 63957168189365200944002209076999
2996 64149614707609382069492225328521
2997 64342579731267183488472680089099
2998 64536057247440895396523027568157
2999 64730055258602335143053039883295
3000 64924566684164339760301116991617
3001 65119603042391441600213049053667
3002 65315155223494240048228136377173
3003 65511232791163195907611271716055
3004 65707830095639822950084674361721
3005 65904955663704784793529139470539
3006 66102602056961735462266571597485
3007 66300780029542434209970657445615
3008 66499481219999963759008138236577
3009 66698715743780607409782583635843
3010 66898477143458689080800761752549
3011 67098773903435474927902127761479
3012 67299598663298702647570699488665
3013 67500963121465315497254379299003
3014 67702858175141781633637814409437
3015 67905293362045415447968493497999
3016 68108263006031096159979731013457
3017 68311775850368986974910064067187
3018 68515824280704691053940322975733
3019 68720419404820415731987472301831
3020 68925552436581817482638885984745
3021 69131233947216671666132209521803
3022 69337457198378691334983257141693
3023 69544230836617150701694918139327
3024 69751547503120275150937337407393
3025 69959419030156863998550095822995
3026 70167836157794014696810845126997
3027 70376808659993656341764639519703
3028 70586330622582708884285177619897
3029 70796411250486282715287462120843
3030 71007042361345594784300251531469
3031 71218235660444460970390416294287
3032 71429982032394631108577405623937
3033 71642292231855253768615282807171
3034 71855159584593060905233315353445
3035 72068592664408438016930779044679
3036 72282584097098258939155044212121
3037 72497145938407805585254656624891
3038 72712268675734111724769817637949
3039 72927962552712731890957395110255
3040 73144221200342889345661405137809
3041 73361054242003793218560819747635
3042 73578453212862198169776947601589
3043 73796430089968356257863544024263
3044 74014975638193040159454371575849
3045 74234100696974547223594105968075
3046 74453798606708935692151665218685
3047 74674078095605724323084937296031
3048 74894931531420814252607058111521
3049 75116371495423359223239510168467
3050 75338387890275398813073103786805
3051 75560991436426405113923503816375
3052 75784175537935730175602835970009
3053 76007950077902325431545111862731
3054 76232306530033300461945760323789
3055 76457256847380278630732636427951
3056 76682791813836484254118366669569
3057 76908922471776233802886742043491
3058 77135641869214414632667385009189
3059 77362959234207994491312502814375
3060 77590866415506938054181874961593
3061 77819376567050336449328980531867
3062 78048479216677948340783188705693
3063 78278185309908986392942024754703
3064 78508488287556240575114939298129
3065 78739397960993495519149482495987
3066 78970905797256338954892399292901
3067 79203024084133141108977287381159
3068 79435743224548103391335372648873
3069 79669074752913896515322256183019
3070 79903011254831689408751334176221
3071 80137562396876816212458387469087
3072 80372719723233016557178225780641
3073 80608496676150509586178842378387
3074 80844882784099762096868500664469
3075 81081888951956234657949588667991
3076 81319508615045339005498895134553
3077 81557751798614680370035422838187
3078 81796609670937888422947353293677
3079 82036095037132569491308857475279
3080 82276197718758957395627230506529
3081 82516929909132741065006260078371
3082 82758283808839942083540455158821
3083 83000269287530422592670020494695
3084 83242877901811162412048819721017
3085 83486123128726079595827975991323
3086 83729994366898477777020220295165
3087 83974502796466140397364736920239
3088 84219641676374066410307392299505
3089 84465421453494702862230443412979
3090 84711832733231716521532825150917
3091 84958888905322145106891008106375
3092 85206579470799080886545424159945
3093 85454916753803799385237085391947
3094 85703893070596675005917277662717
3095 85953518292707290431381649980287
3096 86203783848083946101990680701793
3097 86454703572487134208010164777555
3098 86706266501137458186960592356661
3099 86958484324283477987837847420567
3100 87211349736504172485613955402937
3101 87464873768299553343674764975083
3102 87719046732531446048900204540813
3103 87973882244690180449408357091567
3104 88229369741623264720915724009633
3105 88485521588472021591593010430915
3106 88742330093636906641962733778533
3107 88999805241354220629331796650039
3108 89257938283741203156281607663705
3109 89516743649727480368305486558395
3110 89776209692879783791082883360573
3111 90036348694641201210539726434415
3112 90297153022234280378659636014065
3113 90558633964573727385175769042387
3114 90820781728187087439051832732261
3115 91083610042912458813826478405479
3116 91347108288801919877839166386153
3117 91611289082133206240310366829707
3118 91876144418323281509682688298301
3119 92141684841714232643329337815263
3120 92407900971322823411521015601921
3121 92674807833513929297589839005427
3122 92942393453999091079142285701109
3123 93210670338409275127436567940439
3124 93479630949181514859503839170553
3125 93749286442885041166426014482347
3126 94019627043058904393903747800461
3127 94290666745711977884987174234895
3128 94562394573408906453707182440801
3129 94834823722109458413123912898499
3130 95107945676994481714258313180453
3131 95381771483304522722816855651351
3132 95656291366249280678543030015161
3133 95931520742757633988699389667771
3134 96207447510420455364069893781373
3135 96484084160165164291422163015215
3136 96761423181468479318691839131281
3137 97039476061694721097883252766771
3138 97318232618547317024412241223141
3139 97597707448663608018517938606503
3140 97877888898791291757653774225513
3141 98158790816410529281974850319947
3142 98440404329780532310065350831197
3143 98722740664124891839723079989183
3144 99005790195100378826154821050977
3145 99289568258674843407888305449491
3146 99574062699128660206065484189461
3147 99859286304629216422454873064407
3148 100145231242738188210836824040009
3149 100431909484655522454992202608075
3150 100719310267237110080855578485037
3151 101007448927369117955639723586991
3152 101296313338322478692226176498785
3153 101585917622969847123622214628195
3154 101876252910815844994201964781285
3155 102167330444090645324878412712087
3156 102459140439922167391112902264217
3157 102751698665874990815109764630363
3158 103044992623880921792120546623133
3159 103339035581257645946927841387823
3160 103633819155024263290116007219057
3161 103929355950881074611123885421651
3162 104225634759484403980738885383717
3163 104522671199376004070186515088007
3164 104820453181557373824238400503497
3165 105118994829496874651547592559387
3166 105418287272378284029372672473117
3167 105718341920243230922319015849215
3168 106019148692612806062808221466753
3169 106320724044256183912754040279667
3170 106623054665445999259682485120789
3171 106926154534469764327385394322167
3172 107230014994993305610998060216681
3173 107534648812977464056957916675787
3174 107840044821823449076285352556749
3175 108146218636656726720144214397711
3176 108453158061423819287533539533345
3177 108760877497589123068074538664899
3178 109069367821616371700822019184165
3179 109378641033392044800598516159063
3180 109688686378016048786972684691513
3181 109999520981128197083026993851963
3182 110311131095771741819484023317533
3183 110623531016091301061064801368207
3184 110936712029723053118250930181169
3185 111250686946585157258905261910867
3186 111565444559041228457210421056869
3187 111881000801278197065092929839239
3188 112197343055093044600427273996425
3189 112514486412350360940064944206043
3190 112832421038890061054495559020253
3191 113151159550747823879457097124703
3192 113470690816589439168174420659105
3193 113791032388448328926708931787859
3194 114112170417455016168115087469429
3195 114434119073737373985698657805655
3196 114756869798852195021933194252201
3197 115080435589699126976732988069451
3198 115404804824303553978660624097677
3199 115729994176652356269130972190991
3200 116055990363976959272194368871137
3201 116382809083437474588457846985411
3202 116710440170156050335682901020997
3203 117038896450998671339773715445719
3204 117368166776958786261683312592025
3205 117698268735558073973362336824859
3206 118029188374434220511162496240397
3207 118360940318386581263567936725359
3208 118693515552125855578650730762641
3209 119026927714404416145432564425811
3210 119361164475904069467767791253189
3211 119696243241453760061610820594343
3212 120032150208984078034316391531017
3213 120368901433406397116263104112507
3214 120706486857501032674506086835517
3215 121044919152683780940818732896255
3216 121384187176971398196712860690849
3217 121724308855579456814287285244595
3218 122065269861091600814956540241205
3219 122407085355838830976305891700631
3220 122749745707848666638880973141577
3221 123093265336334376160803196785803
3222 123437631385127736529693663767277
3223 123782861605769006973897243847183
3224 124128942151643170537285635539521
3225 124475889099405190245516160732323
3226 124823692295546819156927310420357
3227 125172364761923626270733537250807
3228 125521895023909889385507188342393
3229 125872301710181293284311829208475
3230 126223569639826686243102982128461
3231 126575714705487948236047747922575
3232 126928726967969387928145420333393
3233 127282620963434798758346908011859
3234 127637383935893944613697885338565
3235 127993033732461334979634235241127
3236 128349556349096222100048355063689
3237 128706968162088364275529950641531
3238 129065258728985567221922906598749
3239 129424441662252382672562251855871
3240 129784504641636440739385907642977
3241 130145467280760253661609806231315
3242 130507313824481956466207310306229
3243 130870060490585197253258364854967
3244 131233697355773476124809960511625
3245 131598238945749209316271218735627
3246 131963672433051552298471670273165
3247 132330015931905579850669848444959
3248 132697255109980713613165326763361
3249 133065407108931903494671694968579
3250 133434460677087420838990842940261
3251 133804430120988207545815309901335
3252 134175302735223459842468106635001
3253 134547098393035781840640162482523
3254 134919801380132430332146114487373
3255 135293427825417130837121359848623
3256 135667967928017637108484846778129
3257 136043436455002411028856847059731
3258 136419820105115806899044093855077
3259 136797137847151599064729710124423
3260 137175374428795930555303625199721
3261 137554547760428229727071505579803
3262 137934646217416196798477639334429
3263 138315684455864223425288202594207
3264 138697649701668977601289509841937
3265 139080561894541822165920111173171
3266 139464405141272686436214497500757
3267 139849195969522481400510506348215
3268 140234924165447031902844545286313
3269 140621605197506156573205241842955
3270 141009225057075991502583306338829
3271 141397803470164138652356450371519
3272 141787324659922464634767595488225
3273 142177806919429788642576122099267
3274 142569238657214127291995835112421
3275 142961634317858608525855839746519
3276 143354981183203241072629532787769
3277 143749299720661409396377783960411
3278 144144573453381023662236082355245
3279 144540819630471321465431628426447
3280 144938027278860196849070202885393
3281 145336212670084228909107215687955
3282 145735361236769021399894945202053
3283 146135493098132683940731079634023
3284 146536592561211156561287789492009
3285 146938677766449934349187766000891
3286 147341737167985811860115981280061
3287 147745785535089013717496494274623
3288 148150809672789434424057241460337
3289 148556830817547061078884179831859
3290 148963831700606726349449934663381
3291 149371830412130947837302255335735
3292 149780815493018334919361008009865
3293 150190803513260497030266389283083
3294 150601779836788251064346184313741
3295 151013764726396257678015983166367
3296 151426742235566888517013092815041
3297 151840730982486312473129949913155
3298 152255719108090152342168878569605
3299 152671721970285550610993971176759
3300 153088725582156903299375918187353
3301 153506752103992474677944333582459
3302 153925783631488699214059200726797
3303 154345838518772950694981781040495
3304 154766905534635276685623119927089
3305 155189001139605994345968052741315
3306 155612110686182034095044122702885
3307 156036254741895097211737345280679
3308 156461416937352823399307125569801
3309 156887616709529388334020077468123
3310 157314841219234639677570239431709
3311 157743106746692408247099980605247
3312 158172398835076400227394143996849
3313 158602740049156097454605720494291
3314 159034112343889780254642165021685
3315 159466534133117071284617324922231
3316 159899994108060479149678861448745
3317 160334509071991105387337744797515
3318 160770063940010200271531101579373
3319 161206680213928128582512670090335
3320 161644340508203405515556847012353
3321 162083065096089618937244036223235
3322 162522840758050419590786233717765
3323 162963684007504569295005732497719
3324 163405580371208955505634451076185
3325 163848552439386645922042645697211
3326 164292582261340338717668267831373
3327 164737688412993371436842184708143
3328 165183859272017321272190846723345
3329 165631112432743898762539037365571
3330 166079431778839299072655915104901
3331 166528839789899217352802139590311
3332 166979318506325250347766983935081
3333 167430888691025627563065416822427
3334 167883537121000859275480896294237
3335 168337280153389548193681343801247
3336 168792103294833086550874197540113
3337 169248029671230587961979905350195
3338 169705040582898160722822629631605
3339 170163155595277128916922993380183
3340 170622362297467217425266454526857
3341 171082678991465659592992404949003
3342 171544089112437292793985585380589
3343 172006615502209089100879846262751
3344 172470240194906732178991791703233
3345 172934983847379307204471194656867
3346 173400833289738654556059722484341
3347 173867805297778816126731903624599
3348 174335884812178344108579498231577
3349 174805095881521494620625177496795
3350 175275418814740376849084461203469
3351 175746874100360364719107773742767
3352 176219448708568016519119269569361
3353 176693161429299552361705553121411
3354 177167995734157696935858283341509
3355 177643974396809936440852243568711
3356 178121079360659487928177834740905
3357 178599331662550340677549548889819
3358 179078717752709858983968513724669
3359 179559255059819724361435860125983
3360 180040927678163524583769641127153
3361 180523760789725445925406619557299
3362 181007733991867620022897418819061
3363 181492868042998276808577714870551
3364 181979150113065965602721888514281
3365 182466598849539399838906393072331
3366 182955197550506197479156852566029
3367 183444969616156735236863770633663
3368 183935896436367371294367477342145
3369 184427999937390250901739569454435
3370 184921265547154929005893567108917
3371 185415711674893282781154292619511
3372 185911321833637837177650204410201
3373 186408121556926095547633232462171
3374 186906090442119517653701522530253
3375 187405249308834159984891786415087
3376 187905585311506562055177516797329
3377 188407117360061002697881381801315
3378 188909828358759569500206348434757
3379 189413742559144979395696752848967
3380 189918840255609860484509044204041
3381 190425144464200482552761527925051
3382 190932640143299409155576396324093
3383 191441345931982231416643168401983
3384 191951245349426103683237486878897
3385 192462364023799585213569657167923
3386 192974681375102857769766245989045
3387 193488218575657667631008365075431
3388 194002962390818463220266844516521
3389 194518932771596829822973163595435
3390 195036111393169184243294167197197
3391 195554523610799597391404561227583
3392 196074149077044746649024837235649
3393 196595011150024295557887087111331
3394 197117094911537596623271089490165
3395 197640418842632841765116628441367
3396 198164966525837831289835493047161
3397 198690764053719483606597158472027
3398 199217790241813692935009581545357
3399 199746067179025413624795614897231
3400 200275580646599177816235595137233
3401 200806351477642550409984011768291
3402 201338360788124333091506434923205
3403 201871634546617190434571991153319
3404 202406152238245028861401853044537
3405 202941937197951884140482480504219
3406 203478974493760629417505877297757
3407 204017282983336059083742879338079
3408 204556845692811641906023545058097
3409 205097689753813947110372380857683
3410 205639792957389913381130852393237
3411 206183178291354433780691448504007
3412 206727831049663229009028864848617
3413 207273772379455235975723403458635
3414 207820983492773201598468169655565
3415 208369490149491047201292965960799
3416 208919271897782827346210212082049
3417 209470352666060897689741341757475
3418 210022716840699221679226713349685
3419 210576384218050286421926800112567
3420 211131336668616473208725609051449
3421 211687602633032285566486662076411
3422 212245158940914465853295846597581
3423 212804029175101727714059036576239
3424 213364198771370536622994958766097
3425 213925688729458762573105020111267
3426 214488480118668955108077419861861
3427 215052599326668370447180201655303
3428 215618025222316146718713059318201
3429 216184782523622398461674336809723
3430 216752854880737655469251446867837
3431 217322263006244121257156506739359
3432 217892988157532702300828580805521
3433 218465059207504438274933171550003
3434 219038453015584577757931276767861
3435 219613192996447916627702846104295
3436 220189264641190390823341612413065
3437 220766689318866533092547300003339
3438 221345447666133085396848082666381
3439 221925567074200536049001363284447
3440 222507025117479950444964082314817
3441 223089847824994717061946605238627
3442 223674018045901164202514096633685
3443 224259556877431902451974756407799
3444 224846445694308008411020350618809
3445 225434713442227561314553278428651
3446 226024336775449020090679474293485
3447 226615339546904555340410155003951
3448 227207706719784314258798671383601
3449 227801460752504769276410124615619
3450 228396580940667634157512838428869
3451 228993095908162567023750928255047
3452 229590982730944822411970538953433
3453 230190267668958804762563441591483
3454 230790933722526123894235799669885
3455 231393001845237270960821250527039
3456 231996453304856402160360745627057
3457 232601317593346929737809845285043
3458 233207570743937153799645232882645
3459 233815237751127722764214277171303
3460 234424302418233041653570709731689
3461 235034788225564449656888339551755
3462 235646673838283925289110374997293
3463 236259988393883280201488890557887
3464 236874708770383250894454246512897
3465 237490861288007625976148564316835
3466 238108429155514645882761143305237
3467 238727433479570039100667779952183
3468 239347855004546840444523623522361
3469 239969724454258639194567051517419
3470 240593016460561072828005881733069
3471 241217757118397298609424469069711
3472 241843929751548147268271994041585
3473 242471558294335571551574301967139
3474 243100621331801474587592132664325
3475 243731148001631832691274625331879
3476 244363115045444457773634344442937
3477 244996549376200970805803670855387
3478 245631433457486313060648317214429
3479 246267789545279753785943636633343
3480 246905597279938598984941090468049
3481 247544888507945232094348949825651
3482 248185637138349011471090284755893
3483 248827869659695678965783053020615
3484 249471569544932526493626090595945
3485 250116760466312221061156249296747
3486 250763421066182328413864013233181
3487 251411581122603920085766439995263
3488 252061216714277152647377721162369
3489 252712355719053600991961772793091
3490 253364979460269473438309500434197
3491 254019111373380773289552107883383
3492 254674730154791103465728748257497
3493 255331868489919600955444336381867
3494 255990500215780337185424366849677
3495 256650651653518089273637785661647
3496 257312306318682624661489181752113
3497 257975488378220247573801781085571
3498 258640175798171044992901457663813
3499 259306399458295786758554962077575
3500 259974134105458940435126986028825
3501 260643409055786901178197147260347
3502 261314204913004718384742388966909
3503 261986545308865319289987608380687
3504 262660409227741118031565921735761
3505 263335829216849267214802495114227
3506 264012778925337266050148558821173
3507 264691285271454273558404283683495
3508 265371331331935106817583294490249
3509 266052942206992228881769920975851
3510 266736094543218250693016379315997
3511 267420820657757756794983306845983
3512 268107094360293397244728958981953
3513 268794945427459168544866916647203
3514 269484354628933679565318003917013
3515 270175345612098696425239326447543
3516 270867897179074023391560874778585
3517 271562042427460455735207977368811
3518 272257754341444687074115780871501
3519 272955060914094549920599510356943
3520 273653943952521339265658504881105
3521 274354429900220849727444321435043
3522 275056494699736521938346797152293
3523 275760171044655981584340872570055
3524 276465432880268282807942613628665
3525 277172309802019411702121715388475
3526 277880782640964880691175342957533
3527 278590875370885365577051338924719
3528 279302566105639273197607011127537
3529 280015889623652675075748390915475
3530 280730817126064134520531816547221
3531 281447377967897984321105065745415
3532 282165553295593691980679620564809
3533 282885369966104766537150686310603
3534 283606803875668950090278254694237
3535 284329887788244202975443388619039
3536 285054595578684361223479358402177
3537 285780957361334664263191568331043
3538 286508953385661782002737162069781
3539 287238608596147982682528031492183
3540 287969899935005587603476632771577
3541 288702863318785084181793377681355
3542 289437469326776796609698544363693
3543 290173747866238615962220684317743
3544 290911680122403441481754019817025
3545 291651292736801271828450816563555
3546 292392561528185693380348750294789
3547 293135519996008833087090509525671
3548 293880141051875021497504201763545
3549 294626456220356904645697981190619
3550 295374444445405530326091043192413
3551 296124131942509797752257853724783
3552 296875494755816917027147906907633
3553 297628569539711202107532967626803
3554 298383326743012696052318549185301
3555 299139795962766623641624280995495
3556 299897958682507733287743132317449
3557 300657842089239920353490840749675
3558 301419421222413386848938274101213
3559 302182730803999905715081186681791
3560 302947742376793450392123867848865
3561 303714488775636675363126381695651
3562 304482948132632214106943651139317
3563 305253147145862932788060732763895
3564 306025062078559131372845042489113
3565 306798729465236354871992492955307
3566 307574119541403004352627427349645
3567 308351262582776721183920756340879
3568 309130139369456750287765579858689
3569 309910778190923544737190604344387
3570 310693152767176403121295612804325
3571 311477299452469302404305763301671
3572 312263188641546722676173586740921
3573 313050853762641102981388770968251
3574 313840273145756203763435112429085
3575 314631473196382416656697419241679
3576 315424430076572171458665020628081
3577 316219181106869403179856078894771
3578 317015695822138182376028816843829
3579 317814005676218178068105792068775
3580 318614089977462736736695538109353
3581 319415978545066423973700842248427
3582 320219644062367611676406924336029
3583 321025123422776238818762844321151
3584 321832387200808780555441067921665
3585 322641468778359106321149733738515
3586 323452346456920521793206688889781
3587 324265047062026654649238006530871
3588 325079546057393455143091784161817
3589 325895882205076569239078821947947
3590 326714023324091547674045374293389
3591 327534002247660157935902855479951
3592 328355797931391649699333271200897
3593 329179440350659407742127286173827
3594 330004902290211424563972893672229
3595 330832220633896865185353619338855
3596 331661365818851418501893522545881
3597 332492371710874237417668537499355
3598 333325216045228696401669780950909
3599 334159927037689056075440364933167
3600 334996478399746803792996571621105
3601 335834910666687385748908909792819
3602 336675190478261293863664232639461
3603 337517351423611255375642811697351
3604 338361372327120228193041474449385
3605 339207283142597618621962706948043
3606 340055056802066062540046949197405
3607 340904730650219478299404795913183
3608 341756274256173058665816707027585
3609 342609722982872354904100101266323
3610 343465053022897424233370510538037
3611 344322293746654314883235339750359
3612 345181418365569151324936274288505
3613 346042467981905668166238743288715
3614 346905409268871148309556152081677
3615 347770275514390471301996484070031
3616 348637045668050962545338105640161
3617 349505750262317222515990327542179
3618 350376361181754386214118274346373
3619 351248917502338345369432849399303
3620 352123387186489829916297285282361
3621 352999807019843629195937832489819
3622 353878152339396299506524726891549
3623 354758453144576314907351009146383
3624 355640682503359625850007222354001
3625 356524881550575372188710748224211
3626 357411016827672526613752440340037
3627 358299122298039567546938883216583
3628 359189176331313938159907838966729
3629 360081210546281041179291051893227
3630 360975195310708178554467751381629
3631 361871171375909356044328069551807
3632 362769105551438302254550440769761
3633 363669035295774427755361335413651
3634 364570936350050701279022681067413
3635 365474838153662708684002344367607
3636 366380713829546894405393426648185
3637 367288605340701698941249095912043
3638 368198478184455269037233461611181
3639 369110367729874607332873306016559
3640 370024250775260799790003827239169
3641 370940160806224408520257696924899
3642 371858067051247829686090522543205
3643 372778010761546884414139398475031
3644 373699958889703998868222049219609
3645 374623948708518190724120428529467
3646 375549955877476280252482179171709
3647 376478010504863142353423149929967
3648 377408085103392770735328519300945
3649 378340222977503503571981204305779
3650 379274387916550746202434390054309
3651 380210616899172902155658886840935
3652 381148885820133763217140442858921
3653 382089228561573723206838110664971
3654 383031614500448050097143090807165
3655 383976085104059908523103149306527
3656 384922606905347929187571768574465
3657 385871217948822892872047113724019
3658 386821893096799769819418518535957
3659 387774663913493278316210448745047
3660 388729500948787609813878244398521
3661 389686449569714910621318838776299
3662 390645472490352879556672524954797
3663 391606607048656768081172286240463
3664 392569829642580560562947562043489
3665 393535173659392660665849675213667
3666 394502608521422594737517485535685
3667 395472176252582193976504006881303
3668 396443842651826506506371630630937
3669 397417647437040184936063744417883
3670 398393563730909144293969754475869
3671 399371624427487174747580641578767
3672 400351799263145672851821379742545
3673 401334134388591262284694896908467
3674 402318592249522907650990733245477
3675 403305210239492761212636333751239
3676 404293964851592463195188740897545
3677 405284890051811626314453807569451
3678 406277954318467205325030138931805
3679 407273201304313413309671386719359
3680 408270594983499274311412031266337
3681 409270176595174302375272914113619
3682 410271918473278592849230916641717
3683 411275854285550595015478596091255
3684 412281953656938369785195780851785
3685 413290262583368631634958817618699
3686 414300743573630902187333652987789
3687 415313434571313837617061305660207
3688 416328311129031930361421002500833
3689 417345408930410016001789926840515
3690 418364694628116521189820914786245
3691 419386213779485068798943887874167
3692 420409929029245565392642005798649
3693 421435882402064738451199236179739
3694 422464046410765478305698239458461
3695 423494454150339499483000633676943
3696 424527075535858769011624873610993
3697 425561957550824312652335996314451
3698 426599061418604301949398175371653
3699 427638426576542662122868983441127
3700 428680027098007985447323940951593
3701 429723900138968136946360413279499
3702 430770011326159548435529695793821
3703 431818406975801706190191644144895
3704 432869049943486863429287484584577
3705 433921981936908718245494815129235
3706 434977175503297449174323320003349
3707 436034664399638377545953860013495
3708 437094417482335584219554885100457
3709 438156483502043836671473114634283
3710 439220821660893083282128315786381
3711 440287473540338094084441229356207
3712 441356411961982373206364345863233
3713 442427674760111113350580194625347
3714 443501227645636538423292700090373
3715 444577116708688978105499581263191
3716 445655304681764212388294586569273
3717 446735833981869797211655230631387
3718 447818676669692504440411315029085
3719 448903867739090507495363007000079
3720 449991374199442073122613570335953
3721 451081246787262079015691680202163
3722 452173443583410277938606129527397
3723 453268006425751448856163719083111
3724 454364908750455499030846340353193
3725 455464188197263373016759438145787
3726 456565810098765355938681262394845
3727 457669821630896385994201095401887
3728 458776184250993615765027493665217
3729 459884942365673472305386841016339
3730 460996065788297323662320408841813
3731 462109591484118024125435674386519
3732 463225485578415375745373446864649
3733 464343799439181716725405986356171
3734 465464491006332660521129929910957
3735 466587602073816094635883049581423
3736 467713106120408256295103543145409
3737 468841041134338928994190673197987
3738 469971371874548433259489637059461
3739 471104147279616080928504905038071
3740 472239326786183860483496576905785
3741 473376956505495018553268305038971
3742 474517005363039555482342061625229
3743 475659510800551841897406206026127
3744 476804438913698492520683490120241
3745 477951841205665164161799414126547
3746 479101675629776133200889244408549
3747 480253984490904314206681528701543
3748 481408740383757694209299472047241
3749 482565983155017030333473426758683
3750 483725675349337910433113615459933
3751 484887867839954660820518615916767
3752 486052518926903612095809175029569
3753 487219675629637354264567596227827
3754 488389306991393775880973462916277
3755 489561450009454961742565488901015
3756 490736070768896398989961222158249
3757 491913221761765853657741125096203
3758 493092859649329117160244297282957
3759 494275028565110032774469403353327
3760 495459699427658419353537912572993
3761 496646913771066049915304739479555
3762 497836632851898369503015316920101
3763 499028908594344431555374721773015
3764 500223699096008220544442477262457
3765 501421051049237987962403300631387
3766 502620933837084255970773239964237
3767 503823385147042378067585619474063
3768 505028370084457600634281579440497
3769 506235942949411147044613106589875
3770 507446058095674279160886398461157
3771 508658761756306941217956474561127
3772 509874023688927522087999464623657
3773 511091886025628154920667405283099
3774 512312310566484193288966650335517
3775 513535348640285008695320221313631
3776 514760958430267090723349251479969
3777 515989187483829292721982628373363
3778 517220004063621692790893991158453
3779 518453447512386744679087565795447
3780 519689480825460394083863233595593
3781 520928160904632332561103000193099
3782 522169440489849277895482560137101
3783 523413366429392856528854578358367
3784 524659908825356708037830581017441
3785 525909109612355478798577811895171
3786 527160930134902805211118996744709
3787 528415422956306074158891284231639
3788 529672545262304383281369597345497
3789 530932346157086455143246004752091
3790 532194792043155758452066893031597
3791 533459924119566950024997920622703
3792 534727704201482367103156835518257
3793 535998189814865659959463583946195
3794 537271334019011178489039355483749
3795 538547183464591428705963057993191
3796 539825708304073095354627432908873
3797 541106951006981257159281642960539
3798 542390871891349677734110796652637
3799 543677525672340115704846756838399
3800 544966866779035916578014904556257
3801 546258946942732692177226314621555
3802 547553731439776410602552978372853
3803 548851261825588647670497539882103
3804 550151500249323636815836955766569
3805 551454504073238991875391663309515
3806 552760226073031168179563863791245
3807 554068713610952815369787035451839
3808 555379936089927844654267111197025
3809 556693937955701678604978650985763
3810 558010677237041090850126330792549
3811 559330210607792989999489348397943
3812 560652491404457052868510592246937
3813 561977572047392667731484596848187
3814 563305417832238962036360894348909
3815 564636070173766585541419979643215
3816 565969491209928564013806595999825
3817 567305739370686718928192879921299
3818 568644766039371289041657395460325
3819 569986620575542084067777621097639
3820 571331270186292233003694219765609
3821 572678761291251275609718309393723
3822 574029050685532877269638678851933
3823 575382196275419501202338949743519
3824 576738151226933997995495767522673
3825 578096967367309157286454638660211
3826 579458610598942278665813296830229
3827 580823122672969296947459348005687
3828 582190464607186000787426479868649
3829 583560697128039960111726589650219
3830 584933769419732421155235163660941
3831 586309732708740147606355605188255
3832 587688553086097856068746315476993
3833 589070277759147724184194108866851
3834 590454863485103535625903244247973
3835 591842367948866182159790930989303
3836 593232744185342087358254987230201
3837 594626045465734054003676073293403
3838 596022236083701407595561905907789
3839 597421359879427748658727073260239
3840 598823375543995684305425774274545
3841 600228346218931242966246077330627
3842 601636219264999090350580645449797
3843 603047046937284853622188744529959
3844 604460795966198074394041637206633
3845 605877512728562723570184217077403
3846 607297154211457355109093643106013
3847 608719778856355641281408213434143
3848 610145338655430059004302915071761
3849 611573888605339998940346261054387
3850 613005390996269263852008449849333
3851 614439891965291359276027406399447
3852 615877348650847400715603602697097
3853 617317825156847293928221606057195
3854 618761268885550026310381940631757
3855 620207731742547313437722125019583
3856 621657180467753292407177581161153
3857 623109662465689140255209716821411
3858 624565133556143813798189082221765
3859 626023654404317005184182797207479
3860 627485174196708995798502687887129
3861 628949750401224299435599101521563
3862 630417344201954314883569998185197
3863 631888001918678680282148055342127
3864 633361681183329136560225624309969
3865 634838446314936777427416239994531
3866 636318244198073769575455110124101
3867 637801127664367504807783575754151
3868 639287062410423555689985587827721
3869 640776097829775637066195681576379
3870 642268187017333199307533179376221
3871 643763393362438018334348365554463
3872 645261664782482297288609872115281
3873 646763059417277817452754893620179
3874 648267538576380910159521543695637
3875 649775148315487145961806668258455
3876 651285846260082526736026517248745
3877 652799697343370326329575203927019
3878 654316647623156645958190324998509
3879 655836752032955215185814946948959
3880 657359973799092891244827524277505
3881 658886364595050845487664119551203
3882 660415876105653981800991943980885
3883 661948572633753213622431143836119
3884 663484402064859607575972463667193
3885 665023422317340922522946439533531
3886 666565595083540892646671739480557
3887 668110966968489076211874561673679
3888 669659494171563455488983159022033
3889 671211244541219702389307680009699
3890 672766160874578518654990063861189
3891 674324300502015828248061615637767
3892 675885625622258802472327800755817
3893 677450188815294380705890270736667
3894 679017941853657220559899923603485
3895 680588948669667508625572671799967
3896 682163156997043471854306711323825
3897 683740625737770715216345265210707
3898 685321315473379348327825760899381
3899 686905274680167884243104152994135
3900 688492457563769299838645990920137
3901 690082934240245191746435583450699
3902 691676645889760381888445288674893
3903 693273650757232672115250118120127
3904 694873911386593275291761958451073
3905 696477479579052805999133277087299
3906 698084307283953460528953553765429
3907 699694459921421181840150904359799
3908 701307883414270901608523582907481
3909 702924639139433359183416263640411
3910 704544684845558894320607101686765
3911 706168071846623384807587906450191
3912 707794752349173936640166048353937
3913 709424797710301274134960176419651
3914 711058149547054277842160235167333
3915 712694865230213442659840267069767
3916 714334907705128272368122982040073
3917 715978329648645518473220033103643
3918 717625081560374308615811043917469
3919 719275231008283302303806121060351
3920 720928721582159113987553796292113
3921 722585617287036305779711531672979
3922 724245874449009395788918298083253
3923 725909544778277794260615707996423
3924 727576580824112165427133938703273
3925 729247053967717326590977139036587
3926 730920905136212224925704830723277
3927 732598193128253140727635916543007
3928 734278879854647478693919236768513
3929 735963020018544270916790524884003
3930 737650561347000774032459109524213
3931 739341574279949146038647789869271
3932 741036000482051854981497155729945
3933 742733904736410943768062298273531
3934 744435244115460747663269460982573
3935 746140069732841820438410254299439
3936 747848334240472759706771946437649
3937 749560109933485994459230281492675
3938 751275336468885879658741438634085
3939 752994074901694512027047134969511
3940 754716284239372572167397291760841
3941 756442022000163887189086879401755
3942 758171234480434881770468971372573
3943 759903993026251717769319908774143
3944 761640239297381175828250522385521
3945 763380037947681548345807650919379
3946 765123345866985061998859735640565
3947 766870215029408628291517563772167
3948 768620596851985126600888635797033
3949 770374566598897826326447900034699
3950 772132060635755994281011759733741
3951 773893142390451848620326523208287
3952 775657769846342021567547956995297
3953 777426001221193611352633436556643
3954 779197782742393653208892556437013
3955 780973185669725453694724827926679
3956 782752152013963953852162784975545
3957 784534746902077999181199800698139
3958 786320926285247200631510416159277
3959 788110744307521021710069699539663
3960 789904149315329105358635945267089
3961 791701219692384230924944922190787
3962 793501889802954735734901307900645
3963 795306224598062021065714229611047
3964 797114182101451457002914784646649
3965 798925819808839219267645243224315
3966 800741084226683664447819892333853
3967 802560047744712962687491874660831
3968 804382650332026143480763260330449
3969 806208960197410919460763836525907
3970 808038930633776017552759354356085
3971 809872617989290107072899246256583
3972 811709969309277189039893998326057
3973 813551063821558376248900049424651
3974 815395836212643524975748145008909
3975 817244350496729603966492055309503
3976 819096565256184479547543591064289
3977 820952539298833905871709773532963
3978 822812217171311687076113759406709
3979 824675674035875064947512842787639
3980 826542846844232930347618544727481
3981 828413806575610677316169653626219
3982 830288504740439335561926109880013
3983 832166998813656025681877775923535
3984 834049236316772986557314742050417
3985 835935295950445455533591999139299
3986 837825112230507069907047957732869
3987 839718750203569517231458247981575
3988 841616167278635964876329323478521
3989 843517424390885707016296094162683
3990 845422463253115561011871343480829
3991 847331362428599917643168307747999
3992 849244056745699127490328203188625
3993 851160618142295923350177961170227
3994 853080998545955863025140916229749
3995 855005254846558785177429804272711
3996 856933334086925846870536453873513
3997 858865316954453253011574365244331
3998 860801136139980940958634328652461
3999 862740859329525332507588644897023
4000 864684440897800791791623346676897
4001 866631944616730486934479216335075
4002 868583310636718087715016919613909
4003 870538618034250168420212294920439
4004 872497802207556937180863834848057
4005 874460934856852498479863413575499
4006 876427968122739258794319763389325
4007 878398959193122509608888228630639
4008 880373854237016163720464835830577
4009 882352736478860516113254388995555
4010 884335535288985297958244366740101
4011 886322321340092907531088841708231
4012 888313047775609342596995706884921
4013 890307779046489590015662040366747
4014 892306455196735866870768644526685
4015 894309155538453312165921277034239
4016 896315814966635109468209603770321
4017 898326506195506591049935415285139
4018 900341180120106709759383887328117
4019 902359897072627824366297568955367
4020 904382599365869360885914697002697
4021 906409373801268464987847263730827
4022 908440147572425848227257089957469
4023 910474992230489162008119589433983
4024 912513861440834430810895834385473
4025 914556819006210030680049806171875
4026 916603805526223737890226948772629
4027 918654901054509802577454712320567
4028 920710039037777448705806822940345
4029 922769294922312329245054995001931
4030 924832616439712309003857112578509
4031 926900066420568264540737322179087
4032 928971585810420543662503644634033
4033 931047263018597684156537285233123
4034 933127024841864714818611337199173
4035 935210942430429535677481114183239
4036 937298969593884394359186085321881
4037 939391171298296488794596805114235
4038 941487486273479425479735136234493
4039 943587997729313943990228404375135
4040 945692635792933188718043074022897
4041 947801478997814234068066490069107
4042 949914473274448125156057470480341
4043 952031682377032615104335670534247
4044 954153047701145304838006981350537
4045 956278656631085651029461872449515
4046 958408436523591421776083458704861
4047 960542459815971744148512203077535
4048 962680678696781797782016485768929
4049 964823160779910184127104061273027
4050 966969841219997484293997541720405
4051 969120806892195687943201921490455
4052 971275985478401572901129253092665
4053 973435456705290534877814218094475
4054 975599167659096232805121220447149
4055 977767180807514650744773518851983
4056 979939437454799049467858623618577
4057 982116026947697498849803889312003
4058 984296874339130450897994491472837
4059 986482054542673208578759874453191
4060 988671517284169827735783557031577
4061 990865333217035543574879959391995
4062 993063435452852528410468393526493
4063 995265911906992273722669477859599
4064 997472690584464576943101984908913
4065 999683850867090889091962928797043
4066 1001899339465399865647065634096469
4067 1004119220178013855417736201174087
4068 1006343432996382867284720903054377
4069 1008572070214157651784304545997387
4070 1010805053039484509816613276392509
4071 1013042460051718454819997588131199
4072 1015284238689295968172816234629921
4073 1017530460661905488280000389013411
4074 1019781059621122020169165359043157
4075 1022036123207178102406215442433975
4076 1024295579252061384776119295169785
4077 1026559508082979671662081515065355
4078 1028827855120220952051616436427757
4079 1031100686852135062643800012239535
4080 1033377939598917195642000245948481
4081 1035659709384278354192200257401283
4082 1037945915801201804460810640481253
4083 1040236637802873414121610879159303
4084 1042531823653414777665705268480505
4085 1044831544266903349104416715438107
4086 1047135733141251952387787464983325
4087 1049444479365083646550937417669743
4088 1051757708892977112148028988356977
4089 1054075505649265587575296055682291
4090 1056397811327352184634187514075989
4091 1058724695421545802839601066717831
4092 1061056092411282459411737095492745
4093 1063392099809249497328009009476811
4094 1065732636674047638711906123315581
4095 1068077781673938775176408886961887
4096 1070427484124586614054906111465185
4097 1072781815199552088711542678538499
4098 1075140706929012625893150776551509
4099 1077504251717082688624746930800919
4100 1079872371494640860996042484176793
4101 1082245153511553835427868704642699
4102 1084622537822518600808544649246253
4103 1087004595233105803708927474284239
4104 1089391260184250656838269345862689
4105 1091782629834289602621294040360675
4106 1094178623079652264365685621558213
4107 1096579320067160754178518969203079
4108 1098984667809076971281706073643577
4109 1101394741293984821770598797233243
4110 1103809468923060649955928745411037
4111 1106228946195542219205559076021231
4112 1108653093217414978690822299064337
4113 1111081998101974585021625532854227
4114 1113515601731146655045838085502869
4115 1115953973463879598265734537140679
4116 1118397048326808078019516591336713
4117 1120844925223983562821438239516043
4118 1123297521039897339536319081884253
4119 1125754918640575722610193306152799
4120 1128217061740305426724146513542177
4121 1130684028767251300713239398083059
4122 1133155745351465111085177984564853
4123 1135632309164370464045986254935191
4124 1138113640317922665304463737865017
4125 1140599826390131437037385336149355
4126 1143090808294207031304278439695853
4127 1145586656619912283936608129216879
4128 1148087304544716774456220634232641
4129 1150592854259599420213372526997731
4130 1153103218598476446924601877599109
4131 1155618484445640000217000115284327
4132 1158138593697093742651691139543097
4133 1160663625046223145103977865736443
4134 1163193505187050709110758940649085
4135 1165728330864787084016460903636399
4136 1168268022079045422719291981402481
4137 1170812667990552506942114128024883
4138 1173362208174630437184972198613493
4139 1175916715831450363296736625563655
4140 1178476120235880230608351647308137
4141 1181040527838922021968106051252555
4142 1183609848787933593995022262747837
4143 1186184170925844135445067108451999
4144 1188763436845038985064620771174881
4145 1191347725342539600698633575381107
4146 1193936962350214997871429433436213
4147 1196531246173215798168200096713175
4148 1199130494912692794979517727125465
4149 1201734800952535105563404062084363
4150 1204344099868649380020606126952813
4151 1206958468655766845222190660920623
4152 1209577834726921283323542935844417
4153 1212202305719757333605241752769027
4154 1214831792022487484990537189890821
4155 1217466380589973886471673792310343
4156 1220106014640325979786586348353465
4157 1222750773351854169459062920823003
4158 1225400581302968635770597881713885
4159 1228055540967888402515242776431023
4160 1230715565529956379786015824495569
4161 1233380751356250289991960781731187
4162 1236051032054967351748999815091077
4163 1238726485422236183848095742206567
4164 1241407039312371383291140707435305
4165 1244092800933362295119201343460907
4166 1246783680918006046934225268586589
4167 1249479767237313404878666119822271
4168 1252181001410077082171068735428481
4169 1254887466110878908456380416280659
4170 1257599081613026888799785387408181
4171 1260315954020678858888754610048407
4172 1263037994570208985935390128914041
4173 1265765301289959250448877224471051
4174 1268497807892072680851255987408365
4175 1271235591318082315040539437596303
4176 1273978579292541191414594429298817
4177 1276726881121291212427658967816643
4178 1279480404579717960956424111041989
4179 1282239241575873255000516279334743
4180 1285003330002703513517246901494841
4181 1287772756029132105792777589034331
4182 1290547437600953081626944225697661
4183 1293327482172462883072657545955151
4184 1296112801363262423972162352146897
4185 1298903491687423271513195723419987
4186 1301699488181754234588696767013349
4187 1304500868906616124532165924478055
4188 1307307559460205670338975794094537
4189 1310119672727285349476084861656779
4190 1312937112317887597273671852730077
4191 1315759973893089040036035690206399
4192 1318588193078079924677852410440737
4193 1321421857326789728069077419749747
4194 1324260885215875705495955254121077
4195 1327105383698085162716182193236087
4196 1329955263693110638120270960630105
4197 1332810624066703564878652240906155
4198 1335671397372409343489815404191949
4199 1338537664699149319339783095662223
4200 1341409348009071317194365861803009
4201 1344286564973759122119805722974339
4202 1347169215842792126907073543669829
4203 1350057397544097263498018496411031
4204 1352951046704985482806104270528217
4205 1355850249536728996866682232106043
4206 1358754924627031563874103936623197
4207 1361665180515274509722625186205263
4208 1364580926922202340645233416404721
4209 1367502265555366574575356705786803
4210 1370429124885562392708751287502757
4211 1373361590049572494278719949740519
4212 1376299580186582746508818170349513
4213 1379243214533630609766941548231435
4214 1382192393899555904238826001320573
4215 1385147214686903081277985387274079
4216 1388107613523477233604463540632897
4217 1391073678040702368125584470507891
4218 1394045324539223991926620895223413
4219 1397022665790584566015944616766423
4220 1400005606206614603705836719646985
4221 1402994251941919514717030781849163
4222 1405988530053542289797120633333773
4223 1408988525924963534345391318137359
4224 1411994159539211541836698813365441
4225 1415005549530487064977366532785443
4226 1418022596599415241839867268397989
4227 1421045398081877277171436767223607
4228 1424073889225146291020526682877081
4229 1427108161660839416332346093562203
4230 1430148126705117910108794507995485
4231 1433193901690688243781885810894223
4232 1436245387967908141535132808172849
4233 1439302693738629151115002195413459
4234 1442365745850802600555515556663941
4235 1445434629116194727690053451329479
4236 1448509264338635405244532115292233
4237 1451589771198777692537696429270123
4238 1454676047963362399990620809020925
4239 1457768196022685595646254068624959
4240 1460866146244278277714359346425985
4241 1463969993808240810245250150104755
4242 1467079648285246492859661713445141
4243 1470195228363721074394420603631127
4244 1473316636096215466733376995967753
4245 1476443978021753025443328053846795
4246 1479577181921742452473976628214157
4247 1482716333873221364793650985401231
4248 1485861351487744441209738957820801
4249 1489012359929496375154401492170371
4250 1492169252392211030609176127756101
4251 1495332134180540053772489007425271
4252 1498500934092056177872833805540569
4253 1501675748717344548506496762387291
4254 1504856487471786090062687078754365
4255 1508043268586520988373869781554415
4256 1511235993983953064114969877588113
4257 1514434772486436940040364508066579
4258 1517639529691532612901105150325381
4259 1520850354672313915973027421574375
4260 1524067160943358075009093050343305
4261 1527290078195476395800955196107771
4262 1530518996474417256587869564269789
4263 1533754022764405552494515505831455
4264 1536995087114095067756198740287809
4265 1540242284412415957629104753551571
4266 1543495524349855058379422222112565
4267 1546754927008158343441989802014871
4268 1550020391784375516349609724862601
4269 1553292031316547490912496425369227
4270 1556569766629199739254504890432365
4271 1559853691788278320813746672395055
4272 1563143717505217492577151581173889
4273 1566439974594039855643495185819107
4274 1569742353699803717875366848646757
4275 1573050960798458083115751759511639
4276 1576365725975809443969850107537337
4277 1579686745847712794135518329228091
4278 1583013928491775050027375140718237
4279 1586347397543606198979885129593295
4280 1589687047482148816598785992606993
4281 1593032995760042801161239196164851
4282 1596385160620346156431135776441125
4283 1599743636990361127406819759022311
4284 1603108336181573751952112040678505
4285 1606479389627663752626588696521563
4286 1609856686896312780999398861402173
4287 1613240335338521131131779115883167
4288 1616630263530032025562415629156449
4289 1620026571924479441018881607878707
4290 1623429163015341726508320009262037
4291 1626838165969696749283630773679031
4292 1630253472562807957797639999373289
4293 1633675200904392866906265110907691
4294 1637103270925221446392049638187629
4295 1640537775609326223729893864510671
4296 1643978626855342129722042036123585
4297 1647425957399591478332999495410275
4298 1650879654697293725257591859640741
4299 1654339830933637414665608442355991
4300 1657806409143803416675185448844345
4301 1661279494464367953638786207081339
4302 1664758986409855578220989894803821
4303 1668245016101751578223734694261583
4304 1671737474966979352356597979465201
4305 1675236481083534993280668040605555
4306 1678741954587926285463661502868357
4307 1682253990008842226056500626710119
4308 1685772496612967207210912977585289
4309 1689297611736400729365021247472411
4310 1692829217604896459819402951687741
4311 1696367430113249770348445968631839
4312 1699912170987635023141116137287105
4313 1703463546644418217546461462168883
4314 1707021457083736839520287802240341
4315 1710586032013326763608645755216919
4316 1714157163577718963499623674733001
4317 1717734971098692250650060505373195
4318 1721319372416732847542669599665389
4319 1724910466183995203943351003756575
4320 1728508156954047068578924801290625
4321 1732112587356973114338282740940163
4322 1735723635695511881636863320289477
4323 1739341420046274282430296450508023
4324 1742965862660997016939580348231481
4325 1746597068286283246656132362726139
4326 1750234937531842864548121914177869
4327 1753879602920254351568479454960879
4328 1757530952750424432499771052464241
4329 1761189111212121996140148480703219
4330 1764853991182100532382511861684581
4331 1768525695582827819130509430712327
4332 1772204126098281730554749141532105
4333 1775889427293301796257609203773883
4334 1779581478590717914911447085009341
4335 1783280396290348344627006866105951
4336 1786986103196306113258356200315105
4337 1790698705760529075073861508081459
4338 1794418101772154301292371160923541
4339 1798144427959411075003520950138807
4340 1801877567806641526450325882141929
4341 1805617650971433621334277119402347
4342 1809364586945358509154372715122381
4343 1813118480164285289160103992872607
4344 1816879232845210180791105596976833
4345 1820646988827177245824937830661411
4346 1824421627133949866261985254360549
4347 1828203265729979135156673236465911
4348 1831991826264868458303572935272985
4349 1835787418714904806006426039694395
4350 1839589935343587803751508686163629
4351 1843399518574511428398276179049231
4352 1847216048554356629735027921843697
4353 1851039655818610693029643840572275
4354 1854870251604998182787244126844229
4355 1858707939063952728277477102007975
4356 1862552620243790661269842685989993
4357 1866404441415787222965618754946107
4358 1870263278217978449656371259445341
4359 1874129253754083252622069777193343
4360 1878002283500781338479901996657841
4361 1881882483127723491023369432584755
4362 1885769742524468214261876793400405
4363 1889664205112128620505283736807767
4364 1893565751346495675960699634421417
4365 1897474510932538857518148536263051
4366 1901390395743921121093311757020781
4367 1905313509421482934116766866898399
4368 1909243752455784686009288499581313
4369 1913181276429281636030901567154851
4370 1917125950777401621733016625217413
4371 1921077903354741338691253072137719
4372 1925037047167329716922155078184377
4373 1929003499381668564872879994884027
4374 1932977149664823281253322528690957
4375 1936958141298703798027540913496943
4376 1940946355166395230754301232722353
4377 1944941922502514208015988141014963
4378 1948944752363196370097179904743461
4379 1952954953607761416999108333719367
4380 1956972420460429399042128015433481
4381 1960997309720862618667636950191963
4382 1965029488011880752134504172892637
4383 1969069084913519649777409210961503
4384 1973116014692868630850802818930129
4385 1977170392439911018791035885648467
4386 1981232108260703597311034278100565
4387 1985301307635092861891428337023863
4388 1989377868052438349249567169874377
4389 1993461925961711219238080923123499
4390 1997553385746771807432796393490381
4391 2001652360165038702273688366267391
4392 2005758740543896417250331608175169
4393 2009872686298087765879679107178563
4394 2013994063518938480384463963254533
4395 2018123000772598511865807732209751
4396 2022259413147062390079167151570393
4397 2026403417733253227855085557270459
4398 2030554901889603806198904085110701
4399 2034714015560003522498774762053295
4400 2038880630479101906920939286133457
4401 2043054888631093063698131875718371
4402 2047236690942666384743615212986565
4403 2051426151774716296118176844429767
4404 2055623164127069010338922137605353
4405 2059827885580226078827004574808059
4406 2064040182657471931509194627821917
4407 2068260185678736866910169345827647
4408 2072487806863158186177713657459153
4409 2076723168205472616696775639697363
4410 2080966150596835445638630844815861
4411 2085216911449440651805190209040311
4412 2089475317859829618194878816798633
4413 2093741513508734039559360153799755
4414 2098015400338309597045033437339789
4415 2102297091551577765295575235741599
4416 2106586479509455923578504873145761
4417 2110883724867023181244267038454211
4418 2115188691619642597145967171747221
4419 2119501513717593657172648111322935
4420 2123822098670655208573539105516697
4421 2128150573287242568521295476330011
4422 2132486815742615643451019625914157
4423 2136830984031367608538255020357519
4424 2141182946997024040643696837098545
4425 2145542847319410857434326584517827
4426 2149910587354179600058413057735077
4427 2154286281074154304652038094195207
4428 2158669818571193319080257081040809
4429 2163061366391363377975826214581371
4430 2167460780436020053872471196351933
4431 2171868201965300033034836720585823
4432 2176283535352206516380327680289841
4433 2180706908660176912473654486864339
4434 2185138200798265107435541892677493
4435 2189577568837734329973003895850519
4436 2194024881083723315619059705123177
4437 2198480282116111683274554177975691
4438 2202943672166943322639297424352205
4439 2207415170710842759431060649607231
4440 2211894661063987981556208347155521
4441 2216382315541279014102048062304099
4442 2220877987145134831831322853118965
4443 2225381818062677609803662718661399
4444 2229893713800931967455474063957529
4445 2234413801168915650133092888644891
4446 2238941959454995155910991813440813
4447 2243478348056530088594414491480783
4448 2248022831935800955493077475114257
4449 2252575561000922909600710349410179
4450 2257136429389971650920619703253797
4451 2261705561555445783147909216758343
4452 2266282837915085024567854980828713
4453 2270868433769889956626616248918235
4454 2275462201730538628678664073617885
4455 2280064282326221483110511592520735
4456 2284674582354660735316585865417713
4457 2289293230069617362534363831333491
4458 2293920101251251971146643955791157
4459 2298555361348498883601770899522983
4460 2303198869403662517939412049185129
4461 2307850780830786833306276647769291
4462 2312510986289560037366606810061197
4463 2317179611831550512191999616076767
4464 2321856538646968141460183771559073
4465 2326541940604353569670714424045411
4466 2331235670602469045810383415707861
4467 2335937872234186535200664428781943
4468 2340648448673470871833322480929401
4469 2345367533165333884283550637645083
4470 2350094995669648901220690755220461
4471 2354831007332098551542983507422191
4472 2359575422965365133139138114790545
4473 2364328400408777394888760437976483
4474 2369089832210490506358685666170277
4475 2373859841656943050707506181401191
4476 2378638310737389881740395088158537
4477 2383425415605775658214843824844987
4478 2388221006050013871028119656651229
4479 2393025230018303899131528830512991
4480 2397837985206118897412239426332401
4481 2402659411859286683430089864995955
4482 2407489374654410200044199100763541
4483 2412328047850873927817151838681639
4484 2417175286258818434702868560249449
4485 2422031246420276690918041158608139
4486 2426895821303304451797403001150829
4487 2431769136243676232363413803399903
4488 2436651070600021401162722154803585
4489 2441541806580537328955446188030851
4490 2446441186028907876537308313803957
4491 2451349363340317570584137670556087
4492 2456266233481809119050852832519257
4493 2461191936657180451077117902835163
4494 2466126340057170886278467086922349
4495 2471069616605720091080980093447119
4496 2476021621218110662297273321242705
4497 2480982512274424586083306257714947
4498 2485952179774160737803483620612837
4499 2490930754612099492987559931679271
4500 2495918108509056492154351824948409
4501 2500914431122059646276771033357051
4502 2505919560870514140165157137726781
4503 2510933653445897229434185983160383
4504 2515956604547556594299904378158385
4505 2520988553734535955490396060674963
4506 2526029367793709505384347906845109
4507 2531079221328698759342202278168039
4508 2536137966653062481130695948451305
4509 2541205768488568950251515835271115
4510 2546282509848113305690904768848429
4511 2551368327037171517852119537334719
4512 2556463088788710734755583250324993
4513 2561566986689479527127974719959971
4514 2566679859357312403415677904149749
4515 2571801861157863979906738374913655
4516 2576932889708851841197530118608761
4517 2582073085303699981459087886372219
4518 2587222311172858533022479891821293
4519 2592380749296557630702185833753199
4520 2597548243400796805990557455579185
4521 2602724964745119442761520480609251
4522 2607910793527210008400934080727397
4523 2613105868099628412972388360409895
4524 2618310057626739390601549178721401
4525 2623523552493803566825832728919675
4526 2628746190996079014647669863767869
4527 2633978129939464683045595437951391
4528 2639219263796477690213432956822897
4529 2644469738308367529958710803036851
4530 2649729411095621267218754125542069
4531 2654998469480117791382421715755783
4532 2660276753824773864167269316401161
4533 2665564437350740034823670771163435
4534 2670861401041463852541089848678349
4535 2676167780878688000252899448444831
4536 2681483446726231410005445242386849
4537 2686808592888509883911397676748323
4538 2692143053158030199365265065172245
4539 2697486990125476499380420333573143
4540 2702840290952173359318754311861081
4541 2708203109060695806381523953053067
4542 2713575296472390556015397171819789
4543 2718957043696036017734280017688239
4544 2724348192611961210863949490486481
4545 2729748913552732322772150863280355
4546 2735159089060577970407013588984421
4547 2740578856513352313066349112150791
4548 2746008082681144137877019237074233
4549 2751446967457079502133137311886843
4550 2756895338040978450701786743598301
4551 2762353363799218548843360324516479
4552 2767820928480384232636393222487537
4553 2773298186216757953765073592799123
4554 2778784990449037428836279801789461
4555 2784281530812461630836450768446151
4556 2789787647794410761301482315897737
4557 2795303515405518858997160059042251
4558 2800829013464595537065874803855133
4559 2806364284313821305604705135983039
4560 2811909187552581201988257731834561
4561 2817463931009394255696732727833635
4562 2823028336272427030518239131476341
4563 2828602574403147411475990202825527
4564 2834186531596644786784249791663865
4565 2839780360404001906227522265115467
4566 2845383914317756639000504155325965
4567 2850997384981674179548414810347855
4568 2856620609553633422306240874079569
4569 2862253768691510903775500868649763
4570 2867896733575672617670851858338213
4571 2873549654358978897005462131641479
4572 2879212386960211418911534954014457
4573 2884885140845564025867504342161371
4574 2890567738643707664038259733545917
4575 2896260349630716601974534069201471
4576 2901962860634879559346979355907089
4577 2907675425869845394045071018664755
4578 2913397895859695038739937228356597
4579 2919130469373934267590171384149255
4580 2924872975402793498543298626684585
4581 2930625600539967991623978498983275
4582 2936388213738807412016331841757533
4583 2942160965855203345924617155238175
4584 2947943713412767030108725725145825
4585 2953736665489483376414824707559587
4586 2959539645223846592942898699164757
4587 2965352823680077640477955673916855
4588 2971176084428914785628921244289977
4589 2977009588004534016911643691843499
4590 2982853176378543491628082516207693
4591 2988707056238025425623771885406383
4592 2994571051562837705351604333375505
4593 3000445353228622479783641093720355
4594 3006329829988530188568490500752037
4595 3012224630310308081788142866150215
4596 3018129611934077306618176779646649
4597 3024044986337484871610385250296347
4598 3029970572203786486782540929616413
4599 3035906547215759335128809627346703
4600 3041852788879410072571223751858769
4601 3047809463409723291832923772662643
4602 3053776409042848894156604881497429
4603 3059753834328426026230647381868455
4604 3065741564983640625023539029632361
4605 3071739788375736524162878565812715
4606 3077748375220020782699982399445757
4607 3083767476840323976558508163421215
4608 3089796946157178130438570417131649
4609 3095837002427838690343400563533955
4610 3101887455300414868321862688726613
4611 3107948490258925649833961991450999
4612 3114019979640632136422915862819801
4613 3120102093013325921381234774637099
4614 3126194669834134991400659962167629
4615 3132297916686893819904111317703887
4616 3138411659133780956880566152013681
4617 3144536087229250179920176850577379
4618 3150671068624242648012195708668101
4619 3156816759516745061552792807837767
4620 3162973006051060991212655340553113
4621 3169140036155526073714393868522523
4622 3175317654037407049711735049925213
4623 3181506046591703258670327921205679
4624 3187705088758084579078975413070001
4625 3193914947019279133863194789599571
4626 3200135460964299798276251484906613
4627 3206366840904331144741115814031015
4628 3212608908355480672113788454941257
4629 3218861860418239337204530542527979
4630 3225125556106935181755367187992509
4631 3231400159323110633742870142092255
4632 3237685511885058386053475487763553
4633 3243981843192649879389846272076515
4634 3250288958936182726422873748527221
4635 3256607044976159415466846942892887
4636 3262935976608280883178113358274681
4637 3269275922165943255122538246032971
4638 3275626717662752688540435368437389
4639 3281988580380399445628909310668175
4640 3288361323012419737761999253858881
4641 3294745150537341442492253313758051
4642 3301139919053452056015258160747877
4643 3307545793341362278355999349444359
4644 3313962615612787132443079289601145
4645 3320390615125713994878674669505883
4646 3326829596957215275778215716293789
4647 3333279748658838850039096191396111
4648 3339740942928187587899149417258833
4649 3346213356140853981419749566371859
4650 3352696814382575811350924237986037
4651 3359191543159659717593010057446951
4652 3365697350531183066421284811223529
4653 3372214443251926300289638208155051
4654 3378742679019357822509847420770077
4655 3385282220046856219323434078508031
4656 3391832910784526196721209521489217
4657 3398394982095100346861539428479475
4658 3404968235118332705562315405786837
4659 3411552864607240289900420748001943
4660 3418148734818162433187013082740473
4661 3424756028479796075172335169637643
4662 3431374568422387292847193081573453
4663 3438004583669194133920629416588335
4664 3444645881631365756211182557270657
4665 3451298668129215614759408674842051
4666 3457962800908610515518692583042693
4667 3464638444786249357822838307720327
4668 3471325439641226876732226758093273
4669 3478024024635638758491076989910907
4670 3484733992240268930633393707816541
4671 3491455544420036972317807322282095
4672 3498188541446810662185438038831473
4673 3504933168344911213156140456520723
4674 3511689248691798670114235251610325
4675 3518457008792855305691236539436071
4676 3525236257979380330979979717066153
4677 3532027204714629882083405159987915
4678 3538829702904347662383066542810045
4679 3545643923722052593727961396820031
4680 3552469697582933005324397666235169
4681 3559307274232734338270750286003955
4682 3566156438764434425153285831571445
4683 3573017396026981575136945784825751
4684 3579890009875705028180373866538009
4685 3586774461223914899181090393860043
4686 3593670574532324753537124771251981
4687 3600578579434154921069313084590447
4688 3607498280309219384453275493130305
4689 3614429892180346864267192474735555
4690 3621373261824430467274507025037541
4691 3628328568164964644720674012104391
4692 3635295637259129687191450856566617
4693 3642274720196550868899109320120315
4694 3649265604095129248756014473285757
4695 3656268491585466160250920762050671
4696 3663283245897579717133561877384849
4697 3670310052013010501515806931039859
4698 3677348730406912028979164559583717
4699 3684399518131038489784557570603655
4700 3691462209508300742312545336527913
4701 3698537029277545779156899169766251
4702 3705623818267528256512832166402909
4703 3712722757414245462731469971309343
4704 3719833675037537247201904280111201
4705 3726956820887017362652137514235027
4706 3734091981797589641982705962668373
4707 3741239362142006121350601077341015
4708 3748398822711357102926171818798393
4709 3755570554984674024531961177411627
4710 3762754369714594436887751291899533
4711 3769950513214818173425893557327535
4712 3777158776088823242827625765886657
4713 3784379383799203023713475494116355
4714 3791612179682076325580418181294085
4715 3798857341985757496190388539297735
4716 3806114698347851814071368263994201
4717 3813384502914587451675080706870427
4718 3820666537010024595404735001684253
4719 3827961014531679054780072840066255
4720 3835267786376484857223423810693585
4721 3842587052053738555448734069907859
4722 3849918617269223000958054171290309
4723 3857262731713146430898100438957383
4724 3864619185167093647494002063320169
4725 3871988202095129592312253767931339
4726 3879369628615907853510551639678557
4727 3886763642709427331846723320208383
4728 3894170069397819112353106191110337
4729 3901589170244708631083405152350771
4730 3909020717435070904380526948307061
4731 3916464931856549055864148858083191
4732 3923921660981438760577912483215161
4733 3931391107320238782911754310135787
4734 3938873077080083204096566382128813
4735 3946367817395876764150975066971631
4736 3953875119277879991090338865690497
4737 3961395210185049823631081705739171
4738 3968927930267926223538809212801029
4739 3976473467027738309861565486238359
4740 3984031636056690783426034210468505
4741 3991602707901075718737951242011067
4742 3999186448602108503222228180978429
4743 4006783081737794308239243969754831
4744 4014392456724810590832852407047537
4745 4022014772380247524065308968231315
4746 4029649836297636803732342249017317
4747 4037297900314567677384106795631175
4748 4044958749603323541444834743679273
4749 4052632619171550344544802000899563
4750 4060319340349673547215971453712765
4751 4068019108821480649511394041951519
4752 4075731734028707638801236084146785
4753 4083457491216926690802196719720307
4754 4091196147464443108904410604725045
4755 4098947923011566138058168613926807
4756 4106712669050270839511335180582089
4757 4114490586525007460419002260648523
4758 4122281479062974883835416987940781
4759 4130085605601591879930478284134159
4760 4137902741543968079825091649149089
4761 4145733132557925924133573954896067
4762 4153576604696530180927142847328069
4763 4161433354190870471617155338337079
4764 4169303193593470770686330132516409
4765 4177186395143876361021524669105499
4766 4185082725895570192635211715423229
4767 4192992409792675937068017155787695
4768 4200915294373537597973746291127441
4769 4208851588607449058850467155092083
4770 4216801084571098953501366980865253
4771 4224764052043678112386260491242471
4772 4232740260305608861996050785150953
4773 4240729956506692660757478321844203
4774 4248732969547432993119634327084029
4775 4256749494541249945787432656441791
4776 4264779342833115627919828198234433
4777 4272822790500375972591900671535827
4778 4280879599639876880374266923379509
4779 4288950001842251216541905493890935
4780 4297033835256105847104719575156489
4781 4305131317526928999903619209518635
4782 4313242237038693207428420670739725
4783 4321366865042944638799776310103631
4784 4329504972379750987809195899086689
4785 4337656804070724872546945467314563
4786 4345822190025439176926564750831237
4787 4354001326013747523488957000166263
4788 4362194020093935131965696575351001
4789 4370400559298160747651482638656955
4790 4378620692692774933043551601194237
4791 4386854662044001169844053939351439
4792 4395102300036635433530217818572209
4793 4403363827103907371002748158380819
4794 4411639032081557352091301405501957
4795 4419928184936683813001419690511975
4796 4428231057672688844306110570313129
4797 4436547897207512832688033717326331
4798 4444878529669653733379439903993853
4799 4453223158641384998626911500106559
4800 4461581582005890355208714219604033
4801 4469954095567067671906242452717427
4802 4478340444095847777822499277152341
4803 4486740872253083995763720874641399
4804 4495155214177332087067844842581161
4805 4503583686972571791800581189403051
4806 4512026080018150662148909249242733
4807 4520482667421198311760364333682383
4808 4528953214787979559331788800163201
4809 4537437978985682130068608682318979
4810 4545936776247237562798241328484005
4811 4554449819093972371132889977772343
4812 4562976899546614785374103906021977
4813 4571518317060873269909951099036603
4814 4580073817107245680034464116420509
4815 4588643639671890881672357314522735
4816 4597227623163208881871419148706257
4817 4605825987053683464369813033638035
4818 4614438515654174429562529371818181
4819 4623065491614785320724659342575015
4820 4631706669610841403786462176797929
4821 4640362316755599928931671858940603
4822 4649032243116133868604512420031485
4823 4657716663527658653602398402743615
4824 4666415373056459909461753392639649
4825 4675128668893343094238901082486067
4826 4683856294950920518595130491001301
4827 4692598496749616413550501294960919
4828 4701355106227205261142506176444521
4829 4710126351553707437351877693409131
4830 4718912006838167075158481887553645
4831 4727712366126417205152968329438319
4832 4736527176965830683679346332023329
4833 4745356708518699093172254672219907
4834 4754200774044206196315440534225509
4835 4763059584595926523670005640193943
4836 4771932935440565647217103729973689
4837 4780821127591259368184792848825083
4838 4789723902396188826647409708467853
4839 4798641511236521580118145714050223
4840 4807573776615222991964399050922033
4841 4816520936865993230914815287846291
4842 4825482758942438212267561651917445
4843 4834459539792351188352335163165799
4844 4843451029248370518823167118794985
4845 4852457494746592356807515550378363
4846 4861478749878809505441031176736029
4847 4870515008440731954713078986275903
4848 4879566060289240152424437375618209
4849 4888632217254140806511908350720659
4850 4897713206691435151746389045553653
4851 4906809291438063199880501756234743
4852 4915920290404119071821614675912265
4853 4925046442217667039574414678549483
4854 4934187516275687892956693756116365
4855 4943343807230232402137064298266639
4856 4952515064814864449018464003938657
4857 4961701559364027499703388442921475
4858 4970903100686863734330658410428357
4859 4980119911614835534576483693584791
4860 4989351770506247776329634792213177
4861 4998598999962413572325257332827995
4862 5007861320269935979261035216055693
4863 5017138998131874650039434133145039
4864 5026431853043558831873595620189745
4865 5035740121277703696510104068719987
4866 5045063574955652488110422384872133
4867 5054402510154925258043839920071111
4868 5063756671761792686028567026698025
4869 5073126339585563352024999417686683
4870 5082511312202928887101526134220125
4871 5091911821369180507164098859361279
4872 5101327640347850452525103338102113
4873 5110759096786349506705039097987379
4874 5120205911421696932585657664659349
4875 5129668346564657531332046402455607
4876 5139146224305322921733368204954313
4877 5148639784101058821666318016557707
4878 5158148789739951779404699319938669
4879 5167673550942600156724418268434047
4880 5177213800026607056872546185600129
4881 5186769826694284921326783487952835
4882 5196341424095250438814128138859845
4883 5205928826377864992980025031533015
4884 5215531808879661994975281333492473
4885 5225150695044275430350946768814907
4886 5234785207686991319715892437947213
4887 5244435612707727646172949354591727
4888 5254101727607777487929491433490097
4889 5263783799604320609848564280811955
4890 5273481582334414837601145429492933
4891 5283195395398693936283335704784263
4892 5292924964094549687555163982695945
4893 5302670582179847435815466417924603
4894 5312432045991711279379915409541917
4895 5322209584838754165557679415811615
4896 5332002974769594170335127367751057
4897 5341812544727939214781242546170995
4898 5351638009690735210302016169855125
4899 5361479645854977961788263207818935
4900 5371337258605405643331410532654057
4901 5381211108751796653650292552135659
4902 5391100941916353096152047424740685
4903 5401007080047524915833120824126143
4904 5410929250699740940906302422157185
4905 5420867744410328129320268782000771
4906 5430822358373487742778768881900741
4907 5440793325167044724201593147668631
4908 5450780417074360567675895085445881
4909 5460783971937947219238545674712571
4910 5470803692902076623022929805884557
4911 5480839866071948963145776463811919
4912 5490892292508430999521664870180433
4913 5500961233224821687982064271031347
4914 5511046436264767172527164292103077
4915 5521148224122394210059338000028199
4916 5531266322125217780476063372264393
4917 5541401024435491466418222157134075
4918 5551552124132663202280864255815645
4919 5561719862735947217885961097355199
4920 5571903998849979848699451345837713
4921 5582104884437360987118099690789395
4922 5592322215358119908110938146338709
4923 5602556279914686956930296700453911
4924 5612806882400086487691222051852553
4925 5623074279289636686946114676606155
4926 5633358220483960017857535836227533
4927 5643659029940187768109519274420415
4928 5653976429751906710606963933381985
4929 5664310725399564429055960434264707
4930 5674661695659102625674369922700165
4931 5685029593191899904865119654233111
4932 5695414170291052665542053207104505
4933 5705815782565745732223273338170075
4934 5716234126239719367620151148835053
4935 5726669487663767700211738074038895
4936 5737121673071730984120884403194289
4937 5747590942008568029654399683426211
4938 5758077038091137869563337461153989
4939 5768580296563048223672823764823911
4940 5779100425799746260058560449276681
4941 5789637741385073348910130162649851
4942 5800192018135397562422036446454461
4943 5810763511439612584188829634993311
4944 5821351975396291379987939207313777
4945 5831957762229133585681889373884019
4946 5842580569463416377617441122441173
4947 5853220686033853809993077632617623
4948 5863877912713601653061652903326441
4949 5874552519705057202989809611469771
4950 5885244238361519859872350719446317
4951 5895953416741933738353056400789151
4952 5906679753734719932328717926326209
4953 5917423569994398817151555061795171
4954 5928184642240040022334777153468293
4955 5938963220407735760933646265340631
4956 5949759061342798448616509892995129
4957 5960572523200834628175666500642939
4958 5971403294813607375250244297758829
4959 5982251675641833930584933127314383
4960 5993117454939388695417129992720497
4961 6004000913942645759497331293267171
4962 6014901776762900845671608123740101
4963 6025820394173840226291213983397735
4964 6036756470388630126630328264111977
4965 6047710319928036443758519068499451
4966 6058681721381463469869109749069533
4967 6069670928613286768052682970624799
4968 6080677691227200522124039712701009
4969 6091702378428013700559150739212691
4970 6102744666503128724513241637262101
4971 6113804867844693884327616967064247
4972 6124882764474305699198410650842985
4973 6135978640226899098271561014280011
4974 6147092221141457188670167514531117
4975 6158223855531231123652466794933727
4976 6169373246303829874865998673365025
4977 6180540713045506925402008987503619
4978 6191726031205223975884053049456981
4979 6202929462190217888280685445874295
4980 6214150742834114743625508000509433
4981 6225390256161915983161241201640699
4982 6236647669814278556146107879537933
4983 6247923298494083310936578869634831
4984 6259216928206722646633463794872017
4985 6270528840147625718805941883864323
4986 6281858759329418173229358328864357
4987 6293207039513708635652375833445671
4988 6304573375961971863705176179800937
4989 6315958100858164144231288244889147
4990 6327360974300869703224759260356925
4991 6338782270431409885142235530026143
4992 6350221721773725774051603850150001
4993 6361679712587840726530539376460243
4994 6373155912715137452561050376621141
4995 6384650632612339580126907396721447
4996 6396163661325398751357773782366153
4997 6407695280164245094298549925623851
4998 6419245211415155253371818491659373
4999 6430813820041404561932275008171807
5000 6442400787465807971819235894249345
5001 6454006457405012237925630262997699
5002 6465630582960293856414888996959957
5003 6477273442414639052762284010306231
5004 6488934767280995656984837545933625
5005 6500614941781185275231314560790171
5006 6512313636807492803445862622102221
5007 6524031165703100211563252111240271
5008 6535767310898878826785340218612881
5009 6547522367215651290398634204202179
5010 6559296040194413914471779483334181
5011 6571088708329159683156262527286439
5012 6582900045780009536135293737285641
5013 6594730400231140627434110389418971
5014 6606579528955669790494841471516893
5015 6618447702404006590681493856178303
5016 6630334655911468060734333798273969
5017 6642240777708912163087110626822643
5018 6654165730409384813039553591147381
5019 6666109839719062622353838723739815
5020 6678072876786031154818874437311401
5021 6690055145920421286749651972588075
5022 6702056346216482605276536412033645
5023 6714076860686410491846545598212959
5024 6726116363849297005538559422558305
5025 6738175199793985859672276656891011
5026 6750253127876253081235979174388117
5027 6762350423970100479524461216183671
5028 6774466815568861835795197046569049
5029 6786602703027542614386895260137915
5030 6798757733777315966794137404772941
5031 6810932246586398691177733694371471
5032 6823126004659943562955732129328497
5033 6835339316844191009922431400059683
5034 6847571885776124997594698350296261
5035 6859824088652683012072147898203431
5036 6872095602565764028763712792367065
5037 6884386774888197886563560709429467
5038 6896697358967672535578642294529533
5039 6909027640438877577673883500192319
5040 6921377333135788550979965884292977
5041 6933746854103155777021109779009651
5042 6946135840661120856848672132457301
5043 6958544633860338236634672620122887
5044 6970973001119444157642339503474793
5045 6983421246992826365410914292277163
5046 6995889073514769971023905293224301
5047 7008376864153623939450216351451103
5048 7020884289736250525044777945399553
5049 7033411708392376142560454576283427
5050 7045958860024676071715559237837589
5051 7058526042344846036631240578371063
5052 7071112961939194982641980216593529
5053 7083720038291802826720793893513755
5054 7096346911813967544724069149879885
5055 7108993921945158918182568108095663
5056 7121660836408168350990800859018065
5057 7134347961841325602595809311242915
5058 7147054994731601859922837650106117
5059 7159782331824590769582512003600839
5060 7172529625622613019186594428087097
5061 7185297250955001141773272853684091
5062 7198084940741590934868247268298621
5063 7210892994258017298463088152900191
5064 7223721121277127011635159906816145
5065 7236569737687943454033875217085427
5066 7249438484695387969054608224495189
5067 7262327703059630578446194781606055
5068 7275237157612440252797777597028937
5069 7288167167639840653799514663406795
5070 7301117412935601213295870150673997
5071 7314088303835482220255151020386815
5072 7327079486509377807801721988937153
5073 7340091337372143787385019552338051
5074 7353123592237943162548979723923733
5075 7366176546607418732121858313958615
5076 7379249911872286972632035061776857
5077 7392344109566499560684381506088491
5078 7405458772005244212444519038214541
5079 7418594253184008964725578076678639
5080 7431750302255838200166212231160465
5081 7444927251725608341831017048528355
5082 7458124774122501731184877940097797
5083 7471343285773239372971822624656967
5084 7484582433050436005745208003215353
5085 7497842587490832434289603149324347
5086 7511123488303900776090099943284445
5087 7524425433303094808312033178228799
5088 7537748126959945279379680287299697
5089 7551092004993722584952749818534867
5090 7564456684806700389936424209440565
5091 7577842533136620165336950482053479
5092 7591249291688077027017696405620201
5093 7604677296022710529597325473555403
5094 7618126221579740802857183663252461
5095 7631596479112265582461061141540671
5096 7645087716405525698515142538732481
5097 7658600313431839213048974272761923
5098 7672133999442995057201696727053397
5099 7685689084714934946733085169026103
5100 7699265258863264848923435831808377
5101 7712862971790906555937048255678763
5102 7726481831179221656662511531474285
5103 7740122207201571789737566911321487
5104 7753783848892731101322204694500817
5105 7767467083955475887173024315577347
5106 7781171589164471273121229129143237
5107 7794897780769140462275612279078535
5108 7808645299633296591349309913140857
5109 7822414535186854556770598219545883
5110 7836205204912038459651122550102365
5111 7850017633734389081079468468954431
5112 7863851499766906266891363012296017
5113 7877707260166127791329027473448595
5114 7891584522465158955567299512665013
5115 7905483653849618419296845499052455
5116 7919404403536907182918693826997705
5117 7933347104437422205621625617633035
5118 7947311427887121213581530402052573
5119 7961297802136782471566981847872063
5120 7975305850650414028739929495534913
5121 7989335978987241946518540395979619
5122 8003387896505907836905256740948309
5123 8017461927860479273331485365140599
5124 8031557758317396298605803150137305
5125 8045675840317539770805024764318283
5126 8059815783201058461674726159601165
5127 8073977956651060017422804998939631
5128 8088162103571505624663742313550353
5129 8102368570484419762648199032122275
5130 8116597009520711666396830978412965
5131 8130847867007950228405205272618855
5132 8145120758243813396457736123935577
5133 8159416091822282308333136780496891
5134 8173733578820375936355557088901437
5135 8188073541168625570682636402313519
5136 8202435664165830213607803271118897
5137 8216820404544029054780797418396915
5138 8231227364557820034831282105972533
5139 8245656928631240072396579200046599
5140 8260108823371552451501241300967753
5141 8274583408390657648577567570669899
5142 8289080328227655067407821061898269
5143 8303600033282454407560661661227487
5144 8318142140368223878184351656400193
5145 8332707053300002750580257844022659
5146 8347294489609328121022745473364597
5147 8361904770511392379896088038891575
5148 8376537574667338983945604844407609
5149 8391193375661736660625275387040843
5150 8405871755287614658018697918700973
5151 8420573112177228425613315946975503
5152 8435297167729278755748047451820593
5153 8450044285544750384284956136527171
5154 8464814112513562483250537841644357
5155 8479607093558607170517793020296327
5156 8494422846410379615814738524131321
5157 8509261780580059412499971166895387
5158 8524123604623965115143240869937181
5159 8539008654418603662940087052714095
5160 8553916593534687686115770514593457
5161 8568847909600299090174739458566835
5162 8583802175565533865558173564771541
5163 8598779794355426504742428354994215
5164 8613780489314417361242163607917545
5165 8628804618989417464252518713275403
5166 8643851831318872994063362056236701
5167 8658922579660276682159378467167871
5168 8674016471948666058401413703342977
5169 8689133931231902677687204362351459
5170 8704274649453176468279161727408565
5171 8719438977933900371859560974692759
5172 8734626569749654904898643341898937
5173 8749837917989406069089279877199019
5174 8765072600631419918077593755021741
5175 8780331011799248659815473393403151
5176 8795612880368701720617357769955233
5177 8810918566996560858358308626945059
5178 8826247712747922158720795606989029
5179 8841600783486276491469717475740039
5180 8856977371103222081728292633762169
5181 8872377916346363276633861342161691
5182 8887802101513793183499594079519037
5183 8903250279623961530356892464413455
5184 8918722106980772977545482774608753
5185 8934218075154427583699249743067059
5186 8949737758065318875728459124074741
5187 8965281558734904250640024097851367
5188 8980849199323938504601392393054825
5189 8996441052664357023861359157120171
5190 9012056742500661703556086212012413
5191 9027696751844137037094205501651103
5192 9043360661575599645584718593990657
5193 9059048915066369036602839407441443
5194 9074761201158861693689765968378069
5195 9090497867189465676011746886286679
5196 9106258571786440745341632920201721
5197 9122043808731614466898988644596939
5198 9137853147209419004918188090431789
5199 9153687002548056098773672029384719
5200 9169545077734815308784537781298561
5201 9185427764573286157357646355303491
5202 9201334677232904342771016891376741
5203 9217266302652987244160158575696967
5204 9233222224409707939810601441775097
5205 9249202880931213364864748947425819
5206 9265207962916889796026866576029117
5207 9281237820933619474313263952138991
5208 9297292105967791349327298611902865
5209 9313371331876915438191181293433811
5210 9329475044544694212264041852153813
5211 9345603674938778128354665108411943
5212 9361756920485184611876509184445097
5213 9377935173965845062795961192809835
5214 9394138052539345559473762077880797
5215 9410366039619647135576797478672703
5216 9426618721920432083152612208435073
5217 9442896541289908633269291172946387
5218 9459199180810001950391202776701589
5219 9475527004845228735589832037975767
5220 9491879645840277414843169797245113
5221 9508257634629434607395741210698507
5222 9524660506983579510321563905006957
5223 9541088700957598274644849903062831
5224 9557541915944954995288717195633185
5225 9574020538528927836294715283862531
5226 9590524188370800198980856561493253
5227 9607053354006694821272225487048839
5228 9623607611536640145119837420988377
5229 9640187419114023841409832899906011
5230 9656792444878862695720056364791997
5231 9673423066008510513977695327795663
5232 9690078907162133517970240341575505
5233 9706760502539396298553797368709363
5234 9723467392514741947089356475661989
5235 9740200005884475110347701128706695
5236 9756958047340600157118007548206441
5237 9773741910414687874347954926822411
5238 9790551202950158538680935485877501
5239 9807386430208858323955373091750367
5240 9824247148471681265244121280078881
5241 9841133834274781011204962105504403
5242 9858046143388010814776290274699541
5243 9874984459692791339256235074822903
5244 9891948411830370588175459346864921
5245 9908938528772148804040949391415211
5246 9925954350302887316506297988967917
5247 9942996311344757263986810987350095
5248 9960064109830646918180679399837601
5249 9977158150072371307106181656894275
5250 9994278024511510866452938168645317
5251 10011424257586777266270976540089927
5252 10028596393279948761329389155196089
5253 10045794912019148341034269056738491
5254 10063019475220759567877695046218877
5255 10080270458307937937169580200922703
5256 10097547490885953294755742692575441
5257 10114851110522854012240451026003123
5258 10132180848677723281845628766156965
5259 10149537154575323529451846573547463
5260 10166919706553723881793405424458217
5261 10184328927697371677296011125534091
5262 10201764399236260123657277096847677
5263 10219226648218966039772583561191999
5264 10236715224542627997222200896837985
5265 10254230603691414002714138933700691
5266 10271772449371278575563827877384213
5267 10289341139698309080203461489862551
5268 10306936296608876668842892302449241
5269 10324558474666219068515571609531147
5270 10342207183660739265959802428492589
5271 10359882890715490759476461923948079
5272 10377585267573739216922559754127201
5273 10395314739538017445443377660351651
5274 10413070889330392972943113186431013
5275 10430854242114518212269983517409495
5276 10448664347232327263234092732058521
5277 10466501683385773633436347240134939
5278 10484365908728046604007687487323997
5279 10502257418721014902006761544810287
5280 10520175813924906584536001440694417
5281 10538121667277899318508789415150803
5282 10556094477156239983148051550426533
5283 10574094714359639728662229093280743
5284 10592122055755521571157986898284009
5285 10610176918623335497153163762266123
5286 10628258892927606773760433122171741
5287 10646368505752340867594755688650431
5288 10664505296800465748740730163139521
5289 10682669764348194470775434620197875
5290 10700861543512707676245840397976117
5291 10719081046039960599459731315843159
5292 10737327864405805023000567973687225
5293 10755602579702479582909332926813515
5294 10773904689193428347868254815748653
5295 10792234659608914725375203776099791
5296 10810592169144392323047175719141153
5297 10828977642196646684825568639186819
5298 10847390656639618599955471188540101
5299 10865831757326108302793466432544823
5300 10884300466820358685258401585618425
5301 10902797296818577197788640953677051
5302 10921321876806577498544969831790397
5303 10939874619797547094628256924511567
5304 10958455122374709389417051724338865
5305 10977063958038264045451846898745555
5306 10995700629720839808080015501419653
5307 11014365608147261168409394936293767
5308 11033058564526177827300232776560681
5309 11051779937049665216313670840397771
5310 11070529281632016505674024022599421
5311 11089307166479849894522954857963903
5312 11108113097557556021142750077357857
5313 11126947595266361405326251775614195
5314 11145810294314889659894190242439669
5315 11164701599634107245666097843136183
5316 11183621108885360117449232788257929
5317 11202569403853712239057504895478251
5318 11221545975417437145926931664732781
5319 11240551310071968511218803213842159
5320 11259585060597117053869496159848321
5321 11278647685525694443929662834984515
5322 11297738729499702886271263661540805
5323 11316858762747048191556727797677175
5324 11336007297491458031530085603565753
5325 11355184847142763667890889851036859
5326 11374391047250612227195441875471773
5327 11393626308099573382471136564318927
5328 11412890221805502698071114887453937
5329 11432183385744657662243027057903731
5330 11451505268189771953045738977118117
5331 11470856376135726887572883745274311
5332 11490236350696493836473267905976489
5333 11509645652910727086230549672298027
5334 11529083834041819863583782657510653
5335 11548551460280206424417295023043167
5336 11568048043453474377066114823150913
5337 11587574101105648408952467553633971
5338 11607129262377287275574239709115157
5339 11626713953151249123468274188060055
5340 11646327741296187346395918252776937
5341 11665971248426170269208247153804331
5342 11685643932290371794361556267383629
5343 11705346300126825761892178514057039
5344 11725078001460395915532251723660801
5345 11744839488926861786026971119912963
5346 11764630314077648154436724714782501
5347 11784451050594489745241485853297623
5348 11804301199334701564635035197748761
5349 11824181299671723475684068503935035
5350 11844090957102276387860500719006045
5351 11864030614754221590978986237748591
5352 11883999831927141528271352233274321
5353 11903999234744277443180348208445523
5354 11924028281380041413181182190394757
5355 11944087474949207176483679656286695
5356 11964176471040209376765455805281449
5357 11984295723924328383062568148971739
5358 12004444777083390925635422165649981
5359 12024624220842685109382591188932863
5360 12044833535375046956781780025904961
5361 12065073276917709971670817192400147
5362 12085343041874795738848062314408789
5363 12105643280752215390013657291018583
5364 12125973553617941326374461596778281
5365 12146334480998594543041218482724811
5366 12166725523262448635810065557177133
5367 12187147189683735721209653165269455
5368 12207599123150285706324000672191169
5369 12228081799808540561276465668280643
5370 12248594741255351705024834962135397
5371 12269138556808999783606711336264055
5372 12289712714032326496856914752083417
5373 12310317773987041544119562347157083
5374 12330953340021173935246157815760173
5375 12351619850081965863955338857035663
5376 12372316870339202478360244497291057
5377 12393045030791734873476399050998803
5378 12413803779267774556024379017335429
5379 12434593640552789386966761989170055
5380 12455414238988802292797267825347817
5381 12476266068269055625946980934516123
5382 12497148635969727398708513660326717
5383 12518062561461784109179778237675839
5384 12539007315219221635534146491587201
5385 12559983451449838155795030297182163
5386 12580990576140335464037246917385973
5387 12602029132082503814869386981432759
5388 12623098676578504957124220698290409
5389 12644199855530628951236753189534795
5390 12665332095078968915083645329780653
5391 12686495943234589271167866749663215
5392 12707691011844753501510900399407713
5393 12728917797408549468800715747106915
5394 12750175813730399829248355882616485
5395 12771465671534619030920729278726359
5396 12792786843882160900941596793704697
5397 12814139891738585830497646937957723
5398 12835524413193514538577583496316077
5399 12856940868236312608758435238728143
5400 12878388787514722042948732331790961
5401 12899868844223680046467390939020211
5402 12921380448082668218591732166812293
5403 12942924150160517893786921277154855
5404 12964499570369816636668112925665481
5405 12986107200141437579043989291174235
5406 13007746553103294407537087478011357
5407 13029418246528636654212584143320383
5408 13051121742932995569340908157100513
5409 13072857620941045133937381179770195
5410 13094625456788221078066812387324373
5411 13116425728457965602513348444502231
5412 13138257961471774744494535025027049
5413 13160122829269832781329791908616683
5414 13182019747430158355729239936133037
5415 13203949259067831864044958241403999
5416 13225910988051793213870269614233985
5417 13247905427801567368529384703640931
5418 13269932083489482133827866234396197
5419 13291991597312667001920637167963991
5420 13314083401471725163507268843054233
5421 13336208098601040238610955799171419
5422 13358365251802657915046625665204013
5423 13380555345209834393044053556544751
5424 13402777905614003523395781943322897
5425 13425033603246204984096147037417235
5426 13447321856189999724487434636941861
5427 13469643211378679369735868590802343
5428 13491997283804557577595394511548777
5429 13514384586331850662334558333573755
5430 13536804600002426363214552082574589
5431 13559257984219163000112508654480575
5432 13581744164624208818916681230644641
5433 13604263748808322727968334126356499
5434 13626816304539043708350105348329333
5435 13649402306081499024755454571239671
5436 13672021282735578808556491794750889
5437 13694673913475806080919332221870731
5438 13717359602114282146153743851385997
5439 13740078916416584950295826010314591
5440 13762831451519368592544143231816385
5441 13785617739243512566719127794130755
5442 13808437246898275470278623137692069
5443 13831290641942822817058570905836951
5444 13854177351345500364004503352672313
5445 13877097973461310398959986234307515
5446 13900052084437958066037480972730477
5447 13923040162785996143151463296744175
5448 13946061727249412651478651197158641
5449 13969117477055636692329016739840787
5450 13992206789534170540309559050779237
5451 14015330256603611973629721777066791
5452 14038487458288318738718546371823177
5453 14061678931893975693723404276302811
5454 14084904152921405447363960778832861
5455 14108163779826035111560657195189759
5456 14131457240931128092803429235970833
5457 14154785142997234034809897336048371
5458 14178147050171383419655549395872277
5459 14201543457963217145574288837122775
5460 14224973863238721460171980271970633
5461 14248438990788822685603686221828939
5462 14271938203168702844709015188859725
5463 14295472093463303583594767108432287
5464 14319040251206952791019283798850113
5465 14342643204699234812418007680087427
5466 14366280429188705289033565113601317
5467 14389952592251333847356971981755639
5468 14413659115320228128395994559530073
5469 14437400620792166746048175764575803
5470 14461176647736525074567542120267757
5471 14484987716611680206023733419475951
5472 14508833307319799253032371396433809
5473 14532714152288426655219582758873347
5474 14556629618193728754608320558939237
5475 14580580293602905577459775125750055
5476 14604565769712028750567065309179145
5477 14628586579359203771678877138298011
5478 14652642188191988766418459350307133
5479 14676733285179863368337905367118431
5480 14700859260852965948521512740712977
5481 14725020763700615831146113229894963
5482 14749217326180159605770113373554837
5483 14773449464940185681790843144734839
5484 14797716670717802648939798445093033
5485 14822019666227241820595326105082955
5486 14846357820155000027835695271596493
5487 14870731725654403561438211394138431
5488 14895140966205085032602335011450305
5489 14919586096923724057042665791773187
5490 14944066554843136220550238068003493
5491 14968583052897985501169897924445175
5492 14993134967010368902872964732749913
5493 15017722953442925015102328485643867
5494 15042346545576676559544883871205549
5495 15067006256038847060934316536995823
5496 15091701579029882652183146491160849
5497 15116433243516454121390841766408355
5498 15141200605624087844576663174531141
5499 15166004278274451795121339086673351
5500 15190843821664393598347798652260873
5501 15215719810076219642446810427504731
5502 15240631669547295895028191868196573
5503 15265580121569598033742951907280735
5504 15290564546527185633072382595088465
5505 15315585588603824770152763651099763
5506 15340642788501321314133781935111221
5507 15365736663136255316028771953116631
5508 15390866690772976055132977714391977
5509 15416033628922781133468668902317643
5510 15441236806507495100650418044528045
5511 15466476857807457881460036704499039
5512 15491753330505397777232340772515393
5513 15517066805345322874527070777960611
5514 15542416712094645559673077575566357
5515 15567803762108093551288122345698903
5516 15593227340151608949062690835069017
5517 15618688100697164251030275973976059
5518 15644185572323052390699261353583757
5519 15669720287905284356370872888826895
5520 15695291704185202945765379892347505
5521 15720900601592153942895303466950435
5522 15746546292399819765442827459317829
5523 15772229419064311830589412733838823
5524 15797949537758565168683915201936681
5525 15823707216104528903619190110669755
5526 15849501888180232749326209332522205
5527 15875334274190737508528300797678591
5528 15901203743697124646233667596417105
5529 15927110973682842678175902450109395
5530 15953055465369900369073151699773269
5531 15979037781223609950151060920670263
5532 16005057360152341795407757846325705
5533 16031114988269524788541995869952683
5534 16057209983827803956652315614731757
5535 16083342977873167210938198006780511
5536 16109513532542719082387839651159009
5537 16135722221074623650238710561866723
5538 16161968468536668338088275406081909
5539 16188253016002020328638056023844055
5540 16214575205761117673710767732507321
5541 16240935736940029853156372529302171
5542 16267334101125911368436198786788877
5543 16293770859268354491598402447475087
5544 16320245458888374126676205636571985
5545 16346758684986210127051933658909155
5546 16373309851192822517602593893469349
5547 16399899596914332888177246247269927
5548 16426527472863932490610566237834249
5549 16453194075311819965068015453646875
5550 16479898797812108494801567320358781
5551 16506642410079330854853582886604543
5552 16533424240939857055881100132887185
5553 16560244993886670615994863701873395
5554 16587104166376856484507087006137461
5555 16614002310268543101845859811007143
5556 16640938876768667240722623105179529
5557 16667914653674745191185672117103979
5558 16694928947698823417607142270704141
5559 16721982422006218523705583527568479
5560 16749074596652169470968586626075745
5561 16776206093035127978085760592487299
5562 16803376290229931116566552467747029
5563 16830585964172164795847377077731287
5564 16857834446700007210039214792457913
5565 16885122434455930029983124850637979
5566 16912449432783776560106776557514125
5567 16939815995532637319268622332376623
5568 16967221562971391396352800942532209
5569 16994666947489800546900705201025571
5570 17022151425101804379020478758650853
5571 17049675678653266967451625283877703
5572 17077239223257189597587459788184665
5573 17104842684628429108777727712673723
5574 17132485445428237012618107905753277
5575 17160168273549902691041702813689215
5576 17187890503128069574930508124573777
5577 17215652839211873238460126275230867
5578 17243454772724488310565770996890517
5579 17271296881021024030133656161724295
5580 17299178576493606109557767296037449
5581 17327100701449582790554080920979595
5582 17355062509495447889483786987914765
5583 17383064695556587796651259710718399
5584 17411106778208512245076494124331265
5585 17439189370262668857814804932703491
5586 17467311862826531104918699197372341
5587 17495475032315621101472902203762935
5588 17523678198495284514983172653650841
5589 17551922087202051095195815732536859
5590 17580206163617045587206735840974317
5591 17608531028671999758950911643082415
5592 17636896079512704766732198626541713
5593 17665302164135049142254983148606435
5594 17693748549680083454526281691312165
5595 17722235914076596619617309313598983
5596 17750763781745951346433750048601369
5597 17779332774020434156729270038528635
5598 17807942265018328089533713160756797
5599 17836593056631595177809489792961375
5600 17865284438588069488089365010036529
5601 17894017168953759318989505613970547
5602 17922790693725859947477948892884117
5603 17951605619005528409597383380978471
5604 17980461348627267091661168664726377
5605 18009358723488409463149537846768235
5606 18038297008180669120641575225324045
5607 18067276889997300683219130077750815
5608 18096297888140426207311587311468353
5609 18125360640253298086668564310638403
5610 18154464492860671331369181538958037
5611 18183610275542077366972538790977751
5612 18212797262521493936548697892419001
5613 18242026211959488922356066650672267
5614 18271296583922720293625885834609453
5615 18300608973351601652662328637721967
5616 18329962785995418440468694331970449
5617 18359358872656529827442180698382179
5618 18388796481519369660463888744223557
5619 18418276326554276397197112986335623
5620 18447797892480128537227636227748761
5621 18477361847982184246202322255580347
5622 18506967527615198767325609026767581
5623 18536615762892126242681104437432767
5624 18566305832930513655045125643876881
5625 18596038489146395831950504278212275
5626 18625813194017856724218948532993813
5627 18655630546753480156990193064348967
5628 18685489943243671178701850323260393
5629 18715392261732823883267838565198635
5630 18745336718595455756185383391147917
5631 18775324051186567949356126401491135
5632 18805353732209123005450151841580577
5633 18835426436904676591213805542414787
5634 18865541499098739831288119979043765
5635 18895699747645015774610080530549175
5636 18925900466417777912410490772402457
5637 18956144410573966198493745792688683
5638 18986431032389070368624317846771149
5639 19016760953821489088807132227291503
5640 19047133539092212556075091921514289
5641 19077549694496962525970242778977763
5642 19108008619889323515965789418665669
5643 19138511061793441464927040230509095
5644 19169056502121882362819670496900441
5645 19199645597840586771529949239662523
5646 19230277692065181629820665050233021
5647 19260953619970060269848944125491679
5648 19291672649006468370592979044261425
5649 19322435563485754892782351316152115
5650 19353241787116853661545946261885653
5651 19384091964156860307884526345804263
5652 19414985443815760787517662074041865
5653 19445923142462862255194501319232171
5654 19476904262588158267333926231435325
5655 19507929539001636169080671997569727
5656 19538998459563463808900717943342465
5657 19570111694334057061625993526010659
5658 19601268568278583368614318797486805
5659 19632469941740906696483378422687127
5660 19663715050443090113982590650862009
5661 19695004706744471791618756899272587
5662 19726338316665925522291669412239309
5663 19757716532365425601524130585321903
5664 19789138714073140715574167117789265
5665 19820605763436726997064678699229603
5666 19852116889431699384902613674920197
5667 19883672832181119594093345137692679
5668 19915273066805443853233427878370681
5669 19946918286109363425897025515858395
5670 19978607783128121326977535574357149
5671 20010342455287543215424097489280703
5672 20042121516052752871564831091006833
5673 20073945782497687753669128183920019
5674 20105814671165468076732045235430613
5675 20137728821540641993390239597892647
5676 20169687595176565172874483608046377
5677 20201691906682598123744190675662411
5678 20233740950781069145456407449896637
5679 20265835489925561444603767831042687
5680 20297974971493377496616079200984545
5681 20330160113027539111390657597744771
5682 20362390194612919916558085827258133
5683 20394666114468890951959711358339991
5684 20426987096012573118123633747388953
5685 20459353950712149848557393700186891
5686 20491766096593639193786557882721165
5687 20524224177657451573094957142253871
5688 20556727541859460461376041519882385
5689 20589277134997844734931695575106243
5690 20621872110017292532779536078580997
5691 20654513264482219888764490226341287
5692 20687200032448709779095908015365017
5693 20719933135183162140904372800424251
5694 20752711858232040392898904114854461
5695 20785537090553567904865110973173071
5696 20818408059738988602371265113953457
5697 20851325578772840254188947581175635
5698 20884289060085972886982966788297813
5699 20917299173240604934161205652387815
5700 20950355231555584061978921757858921
5701 20983458209277009415307512985965899
5702 21016607245730701124748546342375549
5703 21049803141317491186989010681550303
5704 21083045336460633184169586788433857
5705 21116334545099645000792104500266435
5706 21149670055551721326131429512516885
5707 21183052767598280551378955774410807
5708 21216481889663796276867947053975801
5709 21249958266358709792973927645513291
5710 21283481272859170872033972926842125
5711 21317051606602858309256866840549935
5712 21350668567028626143788503304794241
5713 21384333140971866296042669952277763
5714 21418044467899892477826297191595269
5715 21451803336328058340634464805387207
5716 21485609196866363290160989955587513
5717 21519462763652991661351326145889083
5718 21553363315264906096670118099765789
5719 21587311776247349021739687346564335
5720 21621307326952844121727878945582513
5721 21655350838828924374526193072351123
5722 21689441670402734534220120399340085
5723 21723580523967708545583591105312167
5724 21757766706868677559918254623146153
5725 21792001191807026405398215256310347
5726 21826283125419193353261542611987837
5727 21860613308914886665975616130232479
5728 21894991173457634221356544880222721
5729 21929417463429740565314696692294179
5730 21963891418852542574730233525811477
5731 21998414000231828346651210514409207
5732 22032984363284684557848694259569433
5733 22067603387828530503575788627515019
5734 22102270449028081790180200128677005
5735 22136986230077847185200951810520047
5736 22171750041095488696186515721032321
5737 22206562870104933646111961248813827
5738 22241423845029188821663085144923269
5739 22276333788488472501809727917009927
5740 22311292105517810948789661658110329
5741 22346299571807818070743906286341403
5742 22381355406116412500457485795559037
5743 22416460577261335965885246044571535
5744 22451614247772964765388129490669937
5745 22486817286274372890978944188248243
5746 22522069069949350039423275569189397
5747 22557370291157587341161624229081063
5748 22592720252193027620324352125453129
5749 22628119963417114175366296980595019
5750 22663568516513393644973673092004125
5751 22699066766846332896311579443875871
5752 22734614102760845898158243696604961
5753 22770211300837157624880727589629843
5754 22805857593981971379641181388619541
5755 22841553940522836210042051326132823
5756 22877299505187727407857800174894425
5757 22913095165201669698147255604817099
5758 22948940281255753584131451463758605
5759 22984835575871508396005217943147055
5760 23020780309295304114047595631582945
5761 23056775531964366045520446216261187
5762 23092820317219477352642890406919973
5763 23128915524368937155399433698536455
5764 23165060550382065716394026872912185
5765 23201256161817898138426258882130619
5766 23237501593067320550110864619795165
5767 23273797809026519497533645797013167
5768 23310143962288527543201050389692593
5769 23346540960010272572501031824303635
5770 23382988130176777473354460616855509
5771 23419486219101204984735874917915175
5772 23456034473024659140019026637137417
5773 23492633950792122740673384056429451
5774 23529283728878840095978039245570621
5775 23565984655371159036642890886670751
5776 23602736141374977865475240954932385
5777 23639538953113760876179350241098035
5778 23676392309012563533513912973745077
5779 23713297209642315978896722128802615
5780 23750252762981328494671149839555833
5781 23787259911043658929652568384351915
5782 23824317965113495624679148279845805
5783 23861427682077402229280065771460175
5784 23898588313361551306472161160924513
5785 23935800904268862668154160973971619
5786 23973064536614734222935494930801189
5787 24010380067034237444613196433849863
5788 24047746888091287898286261891672121
5789 24085165797922023557880567948214267
5790 24122635983124034482086242009260317
5791 24160158470672228414742704467307919
5792 24197732354640712004764870651569009
5793 24235358581728307668241620131792243
5794 24273036471742023571793929623509093
5795 24310766764051500711329208171937607
5796 24348548717597175819069020602690153
5797 24386383395022289916482085644814859
5798 24424269855637881604978891520169277
5799 24462208984427949402842361923487039
5800 24500200137876259844566920883258497
5801 24538244149671849015817199550666675
5802 24576340181381233239986601040228085
5803 24614489272944456243070397017893911
5804 24652690528537127998166461694999705
5805 24690944875383856801562988605033035
5806 24729251645677908115535191432549837
5807 24767611581916905262596570710585647
5808 24806023929253150612364047548182721
5809 24844489778205836652706162426103811
5810 24883008151655903987159279056672293
5811 24921579971523689238418554665810231
5812 24960204576033731604121510901033561
5813 24998882799847464538145436543776891
5814 25037613814699847001430023633277981
5815 25076398652902491869192159292314575
5816 25115236411862141811657409649043025
5817 25154128038510155544469986189725139
5818 25193072848773597713509422858977445
5819 25232071612747889379575606773348071
5820 25271123537643235795674120032985161
5821 25310229749506632019779976792734731
5822 25349389249675317314474752151910941
5823 25388602961915283607174736414983903
5824 25427870240794360308453597786890785
5825 25467191910644976507223051618044307
5826 25506567145398252712644355460393493
5827 25545996980532261311049793548071991
5828 25585480506024799699862233987110969
5829 25625018693554827261695361953723243
5830 25664610820072976213647014887275469
5831 25704257691549420843464325797285039
5832 25743958497700135119849155150891617
5833 25783714373613832774252925442819907
5834 25823524324034770882316986262357029
5835 25863389262801190685575778644923831
5836 25903308549637270935361855422045945
5837 25943283012728214833127084699550587
5838 25983311812838603634943923462000701
5839 26023396024757638102306619878100015
5840 26063534689639081384289224952693969
5841 26103728815517463603489003711041203
5842 26143977664091786054419306753646725
5843 26184282043096233436357066716489319
5844 26224641150064797595170878668170633
5845 26265056110274934327851000926387275
5846 26305525938359340938118305755237341
5847 26346051551334460984102186461295583
5848 26386632294837925696713707503764833
5849 26427269027370413094883068115951571
5850 26467960868122149699515391158596981
5851 26508708926681900572695515179205623
5852 26549512225795414526188070058331465
5853 26590371786467442715756637868010539
5854 26631286875580263680227427465143821
5855 26672258284416057717478257920719503
5856 26713285219187156091536765500359809
5857 26754368814154904434442412486043523
5858 26795508062708442175625136478349861
5859 26836703915435886499035857057473207
5860 26877955683832869477821184422224537
5861 26919264258121325092472012763184123
5862 26960628737131914621806848010804061
5863 27002050238381022646524920884314063
5864 27043527794717234683211249198378001
5865 27085062407009949618855489708657203
5866 27126653353190666206640274688035269
5867 27168301438727760692232676415111783
5868 27210005843785955433114654294455977
5869 27251767742208450660050302984469515
5870 27293586081201628810991096671295581
5871 27335461848403013951348112786736575
5872 27377394334892240317971403633941153
5873 27419384438310050143101267921679731
5874 27461431273646129640195992971040981
5875 27503535939192331593491654810900471
5876 27545697471394488367169795616668201
5877 27587916881330881057147144547645515
5878 27630193434961776214447230425948461
5879 27672527956416482300893589248385071
5880 27714919596481176912689725686738369
5881 27757369569336844880252276997672099
5882 27799876795757657098965616157509509
5883 27842442269885850465460826098710743
5884 27885065294743541022622464096236825
5885 27927746753049428286864670469908859
5886 27970485757483814582049557624609341
5887 28013283426689511095208240803484463
5888 28056138777747673658494706693529457
5889 28099052855174719390298514052840659
5890 28142024879303086169489278378347909
5891 28185055716870144874139501206538823
5892 28228144493444009395987977096453833
5893 28271292427572932861549662298425499
5894 28314498454660207202551890381847229
5895 28357763554794029232488423801382463
5896 28401087039250098304870859642812225
5897 28444469794954405372193846241373939
5898 28487910919771801820819904693208053
5899 28531411563071989395177138543247959
5900 28574970700960259609145893708453481
5901 28618589413463007595055590148630603
5902 28662266909122438833413488386781133
5903 28706004054390018949083776569050575
5904 28749799983066215089421719260445921
5905 28793655906661826978069103236085859
5906 28837570759428352740097627856156869
5907 28881545529019015436851665261897591
5908 28925579514251681720759880253556409
5909 28969673639216368857582324873273051
5910 29013826955459958216627236850801437
5911 29058040650986554696283231490717167
5912 29102313675794606820844284145973297
5913 29146647123352955866314372988248403
5914 29191040208321846219793215798898885
5915 29235493779518400951888166115255527
5916 29280006988224894457683318854646537
5917 29324581047932634658371950405860443
5918 29369214875595706093766128668246045
5919 29413909495059167993646754563423071
5920 29458664159660661091157490574150145
5921 29503479827752156286719878506143763
5922 29548355532869638593854852509469173
5923 29593292477350801045094299570234615
5924 29638289616509620583866123556675881
5925 29683348025804669738892634945546635
5926 29728466929381080551864008993441005
5927 29773647186697592461732730754875919
5928 29818887922182447848976518093396513
5929 29864190394006184710882456973031683
5930 29909553476938261196432605288222085
5931 29954978223496980283606524655793239
5932 30000463874508686784264261872679673
5933 30046011392460493699107394610233243
5934 30091619819364914516845332177738861
5935 30137290340414617594657074876535311
5936 30183021921708639076118456090618001
5937 30228815651076941211842166992406899
5938 30274670733513182070902965859918405
5939 30320588058156647551988546201890631
5940 30366566705562148960792862107939657
5941 30412607979833304398219091855669787
5942 30458710723082408387789802717541981
5943 30504876002339909330863355644634175
5944 30551103073285769947671090399543489
5945 30597392877620485953191496241580883
5946 30643744464682561029425214275006933
5947 30690159031484934775153818216871703
5948 30736635521088827972588625541033481
5949 30783175053683924469688799539454731
5950 30829776796834370006514715358210989
5951 30876441678368500917727706625614911
5952 30923168760271623709738858123851105
5953 30969959347112171558202997912959651
5954 31016812295282423478847860246006501
5955 31063728655886077384288558744794551
5956 31110707686286576371709628565910297
5957 31157750341957246958896212412733723
5958 31204855658031480793846879879158253
5959 31252024863033410241100912056155023
5960 31299256853277929465319361936687537
5961 31346552793392570987808201720327123
5962 31393911825131845724373172496485125
5963 31441334882180898411050030737677351
5964 31488821037895234966131809096598857
5965 31536371590978990635916159382520923
5966 31583985395917565477076431061757181
5967 31631663508933205809515326601876575
5968 31679405179367677155902861777913025
5969 31727211393859045834088754776401555
5970 31775081133805572554484970225825173
5971 31823015678958713701587227216576055
5972 31871013904691224751144396230226121
5973 31919076977455039403720381139635723
5974 31967204054558391472150056941327693
5975 32015396049758459548402739552909951
5976 32063652040344541891235005979963809
5977 32111973337828030498706991705233059
5978 32160358776433064550671569110946405
5979 32208809456575555948760993238999639
5980 32257324576358258739264133231949241
5981 32305905160490566182542138592478779
5982 32354550173308765708966074031230797
5983 32403260897393927521896931531393295
5984 32452036217534746132910580005012081
5985 32500877285312581264338891603312595
5986 32549783274814806214471343122334917
5987 32598755097523485018122915430064711
5988 32647791817937226451074412453919625
5989 32696894782158790003506726333954651
5990 32746062779933953892418539414053725
5991 32795296945767893570642400063881375
5992 32844596459253954433559639387179025
5993 32893962361456035976268448174944051
5994 32943393616872551235787636395233269
5995 32992891498058403367471517506997047
5996 33042454891062560581317936231205897
5997 33092084963091925143607010609991051
5998 33141780859683332605426490744295309
5999 33191543537767928477002200209000319
6000 33241372015371440519719954416596705
6001 33291267682574197755857917340238947
6002 33341229299594713348267970229177893
6003 33391258007339752793552236712669431
6004 33441353006239571752750350417655801
6005 33491515304835192542162859628512283
6006 33541743886001113386166212496433901
6007 33592040036700930498558867544866831
6008 33642402618828365355452898747937425
6009 33692832833454786109931447679220019
6010 33743329784800433025266110468017989
6011 33793894465795337023356934025881895
6012 33844525868629260366530403885916969
6013 33895225399346436873040411877386267
6014 33945991827980166609406299275394301
6015 33996826279169626266891382360465695
6016 34047727956657992512202127315578673
6017 34098697885157134065485728088751891
6018 34149735023691458774644026535410005
6019 34200840692075116612437078522635255
6020 34252013708717254948416210683060009
6021 34303255322409057114386345887672267
6022 34354564611243464932154125269457357
6023 34405942573051329202679596072291327
6024 34457388213767878263743384311087425
6025 34508902920637154192721421396871331
6026 34560485470464844268765584436340069
6027 34612136996957286640805657047457591
6028 34663856694565055212732293948094361
6029 34715645617822278599726343674613179
6030 34767502674244134518473197834765037
6031 34819429234411141240234472231259727
6032 34871424087366186350189002286100625
6033 34923488486227019899919070738985635
6034 34975621528625592640830572341776837
6035 35027824196775437529605977569580935
6036 35080095499139473445979219286220873
6037 35132436836356981634612049031213787
6038 35184846961430858100066431783565629
6039 35237327046900983936379379949261023
6040 35289876237183951412502611862804977
6041 35342495631557872416773406850296403
6042 35395184119201018200663370671189333
6043 35447943075626450538637691976445239
6044 35500771299158029371599371091544489
6045 35553670028840044016096873790183371
6046 35606638368990535357424857532508365
6047 35659677303228308737742237483336927
6048 35712785825567186120393663042889313
6049 35765965388103775563065686956691939
6050 35819214681501451998846174328134613
6051 35872534924123166598613686871765623
6052 35925925236678163436114655349112313
6053 35979386727382463814130659183922971
6054 36032918294293549066271034518751341
6055 36086521295230796878067420526110543
6056 36140194544845381381157151316996913
6057 36193939284407405534215117469346019
6058 36247754600892550921104045724548901
6059 36301641516706324723062374986150279
6060 36355598975492931895232043668993481
6061 36409628467548188037865932427413051
6062 36463728668357729922644371490947965
6063 36517900803993232876545043336828703
6064 36572144007900233094972524601986321
6065 36626459366171451288465306333862259
6066 36680845781190222108278179790338261
6067 36735304632245229406569970153969783
6068 36789834698410798379894233097563945
6069 36844437270038105234300705607401451
6070 36899111389395524768036818856657613
6071 36953858115773587942120786590504255
6072 37008676368972910045738433567704865
6073 37063567653958109663366822999158595
6074 37118530648853745261033618213644789
6075 37173566558157422325884197734921751
6076 37228674534554806739029184147913913
6077 37283855673033412066174906251081883
6078 37339108855493172222399290963447277
6079 37394435496921510891205073538269295
6080 37449834328406395779473275927094001
6081 37505306685375637438768001778846467
6082 37560851580973476033210576119439077
6083 37616470085066522813251308028352423
6084 37672161134622743940720927629139625
6085 37727926214555754678288559659938779
6086 37783764006790644877091978669766973
6087 37839675731582975394730645970396799
6088 37895660515623277553453246357982033
6089 37951719494560780076600765294352819
6090 38007851500299427293657666686416757
6091 38064058000062785473299715958990279
6092 38120337695276894706233351051499017
6093 38176691923916168043529006630818763
6094 38233119719721082959414102352815757
6095 38289622130494052377188090394139455
6096 38346198095609587351940838624901857
6097 38402849116653227425591239277641507
6098 38459573863303859136523876184664213
6099 38516373583734107554335469631081303
6100 38573247358141950336167830936356761
6101 38630196369817698046161083950741211
6102 38687219417309357563811442198423757
6103 38744317980331481963421301748899471
6104 38801490770355208029752922915184849
6105 38858739118348135045440305575719267
6106 38916062060521737618794152382948421
6107 38973460649263848797763391968136263
6108 39030933808026858100082031805048361
6109 39088483082697259712891433052115579
6110 39146107075982885230931305811808509
6111 39203807092330032254238262744722751
6112 39261582197199582861351994851992785
6113 39319433565768968435908089539403091
6114 39377360020183810449376877287181301
6115 39435363015425974652431986970798887
6116 39493441273690572620938980032525673
6117 39551596130082184125185466998867147
6118 39609826606314910849714891191912557
6119 39668133800584037064452189338937567
6120 39726516574004763772374425857462561
6121 39784976527686077847952134559517731
6122 39843512232240792999488499399158677
6123 39902125003852985217046907101538967
6124 39960813913725836416392594189285657
6125 40019580127168243910345303244868155
6126 40078422473223987109262568628773485
6127 40137342418870112934351710188762031
6128 40196338661183401261730064059597393
6129 40255412578264701961366414804523491
6130 40314563139541626516805033188235909
6131 40373791482033206222064520996145863
6132 40433096447914203316901003665258617
6133 40492479652762673451836806484588955
6134 40551939680435793472863048527874333
6135 40611477815342628721681434535327199
6136 40671093147238636166354334398650193
6137 40730786849760173453354606936331635
6138 40790557721989506674150705909770069
6139 40850407284334747680586938352482727
6140 40910334179547531734994204683790121
6141 40970339829984035749784885887317003
6142 41030423180278076841362181675540141
6143 41090585375209453590968540138972511
6144 41150825272415767109900517349045217
6145 41211144462048527779094877223247843
6146 41271541535111129267610393768392789
6147 41332017800221617047375306852957335
6148 41392572319549077244735324443553945
6149 41453206303055819000841314195363659
6150 41513918502103547117680667373127917
6151 41574710483734155327267557938903599
6152 41635580855848632439425704668518705
6153 41696531060383001390530789966066211
6154 41757560057079915632092030652495717
6155 41818668966218552633958435445226183
6156 41879856650079168824781884127105145
6157 41941124717956343765513675692201723
6158 42002471734388395529571440648358397
6159 42063899042912536104894112301019711
6160 42125405660544434629130830084316625
6161 42186992853491933758724373205563891
6162 42248659336708761587561895557962805
6163 42310406685852873272519924633579783
6164 42372233526105391030762449455652713
6165 42434141270129888805129126890185387
6166 42496128895724901226705756566921133
6167 42558197527859758407388081771481311
6168 42620346014322442430365034099657985
6169 42682576008272532098976589277682243
6170 42744886012940304937842990233824821
6171 42807277424157525675435330872765879
6172 42869749231936732778256485501833433
6173 42932302704037566100232990842917323
6174 42994936570821790917464264646072205
6175 43057652402767170684026216372795311
6176 43120448819220574681277036665686865
6177 43183327252142827157998120228225347
6178 43246286650809235304949563303152677
6179 43309328187252036913027918074449799
6180 43372450647175001670587692346081561
6181 43435655739979399334587983336905627
6182 43498941945916989838287414142209533
6183 43562310660766241089490989792214911
6184 43625760894960355518230510420950705
6185 43689293890665376190076446942701555
6186 43752908392334704739360965012284309
6187 43816605969061914288946404741699015
6188 43880385230462512962163959023790249
6189 43944247656741319046910036590036747
6190 44008192133623269535523357413668221
6191 44072219881086211732916374256518751
6192 44136329657147601407419054245490849
6193 44200523187623494967758932030304003
6194 44264798954578758199268500703812309
6195 44329158339238120472487941561652759
6196 44393600368389577174356762554880633
6197 44458126291726903752868036555424139
6198 44522734824633133158491173415105357
6199 44587427593336227919217246815558607
6200 44652203137147936819965324242203217
6201 44717062982162536947714978677027875
6202 44782006002449054948196497917866085
6203 44847033422993564315802333014976295
6204 44912144015396823518554938541611225
6205 44977339482649905723240573745476315
6206 45042618316203391946926169085702429
6207 45107981908995725896111667485733279
6208 45173429261182481818169306467882001
6209 45238961670077219576110162454646515
6210 45304577799047701416624514039944181
6211 45370279322920932184812822474537127
6212 45436064747800715197650792798625129
6213 45501935615808859817932934622058155
6214 45567890811031707238910327459690973
6215 45633931532065365649625108647855455
6216 45700056566664872968678174945369505
6217 45766267636039179488246327622953891
6218 45832563201251813220494681910606965
6219 45898944697052198000531492199747415
6220 45965411070272019798164595451632025
6221 46031963669999626033299134519582827
6222 46098601124041052166751551485522349
6223 46165325119692196936401523824926703
6224 46232134190720695810134098882237361
6225 46299029845140667691283547382226851
6226 46366010979917308389215055634434629
6227 46433078806476980187483870880925255
6228 46500232081084353243958742615668729
6229 46567472576580082492665007152891835
6230 46634798691769277567840682951100669
6231 46702211924126442171272120168093583
6232 46769711186211964157276846015336241
6233 46837297835934392386711999861708371
6234 46904970513837964717268630527850837
6235 46972730890913174661154302461892647
6236 47040577497396905314796657554577225
6237 47108511860231444414246856198299371
6238 47176532866926087017586438355281469
6239 47244641757506926579199340968378047
6240 47312837233878863278471855299886497
6241 47381121128037657852171927618023139
6242 47449491802716908913852614214402069
6243 47517950758254147258633989596334135
6244 47586496935102587780149948298189753
6245 47655131666114322702374245929223691
6246 47723853599798413878297163693628557
6247 47792664419980610712250594528837615
6248 47861562629462051524283006379830353
6249 47930549810585871779191022060930883
6250 47999624775014644294842218713633029
6251 48068788827480023251170075691047879
6252 48138040647051301660508802755893145
6253 48207382065590369842034150679997787
6254 48276811463822772460547028278509565
6255 48346330317307613316278437834770415
6256 48415937578237784673751818302913937
6257 48485634586244189488284793657707379
6258 48555419969734927216656951345791541
6259 48625295467929031424025305124199143
6260 48695259518217355912636830333052617
6261 48765313750799112886129385417939339
6262 48835456954779732126386856565643933
6263 48905690441144912295302640922546367
6264 48976012893234460496944823947056001
6265 49046426138342854976950104904201987
6266 49116928563124419077146929901626805
6267 49187521651730808060377976538778103
6268 49258204334062397177481850199630649
6269 49328977997870332038909457056954603
6270 49399841207802343067569478409769709
6271 49470795754734809263855125938018735
6272 49541840047597443280455073301366177
6273 49612975733166635619345234401339203
6274 49684201618450656722833385199553189
6275 49755518977414039940447826035646919
6276 49826926512517810698174420718679001
6277 49898426064245992140728999828092731
6278 49970015985036964409727279898284957
6279 50041697815233430371078781177775759
6280 50113470427927406712387286924258385
6281 50185335261967449657461143136883923
6282 50257290844611463493149971489253429
6283 50329338987730938109729029010926151
6284 50401478106726160584574011642871273
6285 50473709822886216665738214820074411
6286 50546032957062667143032385537075261
6287 50618448807219078417890083508288223
6288 50690956042911504246561805325255201
6289 50763556550103696624377209372048115
6290 50836248623055497137609413037072757
6291 50909033850101559883149993657131383
6292 50981911077282681288210683612762521
6293 51054881752141529247433204650206731
6294 51127944430816401449563313780170317
6295 51201100886826038733284718188051631
6296 51274349553967128878469815646352737
6297 51347692062933687517257328480137539
6298 51421127211827865934137413635349477
6299 51494656338462058055333495543604071
6300 51568278048575320392316527650579449
6301 51641994309981061472989431856633915
6302 51715803360491521430099676549424285
6303 51789706807203770032150981074740847
6304 51863703513046294067354895028620561
6305 51937794900971791068533260855914963
6306 52011979527763144898012968481219861
6307 52086259193593273199749155272518343
6308 52160632302063262801421185669151465
6309 52235100535745097029841832026758635
6310 52309662628389213220293925306995325
6311 52384319968964703706897953849576895
6312 52459071138736213662367850707142337
6313 52533918103571039061130602210864531
6314 52608859130749427961919969833442389
6315 52683895803229105348856861200944599
6316 52759026995252020815979089824096441
6317 52834254133661026541344462729332875
6318 52909575752195536844098472815953325
6319 52984993706467117670551660539643279
6320 53060506324400678391641229576348961
6321 53136115354199874589763371063592835
6322 53211819504179053847048325541487781
6323 53287620167453946005112938286067911
6324 53363515940314872244147411775185433
6325 53439508767917679725300656951968251
6326 53515596926175798189069318298732733
6327 53591781999446333791759850396181103
6328 53668062847095986267459982464900209
6329 53744440958344044897763791157615795
6330 53820914786666722781197104971936709
6331 53897486248823988213608189132969415
6332 53974153644500403673935223833876681
6333 54050918726775414942062220555772139
6334 54127780219034489789337644707596125
6335 54204739492130410488471988004735903
6336 54281795156865587422697391517933345
6337 54358949176897102269251418471960883
6338 54436199788370844082253355705592597
6339 54513548636611791586975338335787447
6340 54590994511364302215584289587961561
6341 54668538950181520867422810477813771
6342 54746180389401810681396297284546285
6343 54823920759968476811658915456338927
6344 54901758365965597491453830010982241
6345 54979694937963616311968975720695363
6346 55057729216362032919151466617070629
6347 55135862576764056492438754449469831
6348 55214093604307720594422594686955129
6349 55292424317618215657436390989884891
6350 55370852893125746680376141882250717
6351 55449381027731968054374027031236335
6352 55528007479660678463124694806017489
6353 55606733801900254057712964476607731
6354 55685558437284711191180934360425989
6355 55764483292305998264354391136959559
6356 55843506685845316998139016010181513
6357 55922630370099075016324403023050027
6358 56001853053717957530423047147387197
6359 56081176163795180068152509588094975
6360 56160598212050872475123717964115361
6361 56240121288908975169768385187022323
6362 56319743522940520885168305199861493
6363 56399466622450879522256287609821271
6364 56479289386424942769544464143391577
6365 56559213320764453310269876014842443
6366 56639236883584498630829403353255853
6367 56719361998738380890200280429555727
6368 56799586957456009126158821413323585
6369 56879913555639522399632539430503811
6370 56960340442606200137743306519416389
6371 57040869110482128864327035266227479
6372 57121498030143479407638938575316953
6373 57202229305960411747129477184214619
6374 57283061079915058191295250587632637
6375 57363995040310322732796081819937551
6376 57445029986171283265243527689936529
6377 57526167445694336480695010091010035
6378 57607405857711621263662200574765637
6379 57688747192379859711279230270906663
6380 57770189665879453971239518576842857
6381 57851735144517660920369833657418059
6382 57933382239920543906460240522623965
6383 58015132442511837972572204993889343
6384 58096984257522134445443962958244513
6385 58178939764851688311187057489459635
6386 58260997115261835400257650519558133
6387 58343158005933632300466350981105207
6388 58425421208153717248572277799020169
6389 58507788310752426863534333260345067
6390 58590257664864457642033787415763405
6391 58672831321405843408906928836992751
6392 58755507462135714997137886786953601
6393 58838287957032073933931381662381251
6394 58921171440620365881976053328726821
6395 59004159376515399271045576701044919
6396 59087250274673185162109214270891929
6397 59170446231675296163904742857706555
6398 59253745371135754752459323478012029
6399 59337149445492114152429646245208463
6400 59420657166577279270344426721947985
6401 59504270167823966812729648117078675
6402 59587986776688283909388080955940837
6403 59671809052384391471035554680554791
6404 59755735188781877352296062321498665
6405 59839767031888101308765900536073771
6406 59923903242824661704900097651856925
6407 60008145283793545015936156203576287
6408 60092491635409039795020092193946945
6409 60176944464680578137004343526445075
6410 60261501805463331597539947351208149
6411 60346165478857555150620362284905303
6412 60430934159954773334712090630925833
6413 60515809510484769860167450485714219
6414 60600789864748979291851618877498093
6415 60685877251424548124235851601550031
6416 60771069877085456582658104575917089
6417 60856369605613096241671986199429219
6418 60941775061194484091048478688793893
6419 61027287766594968345197574445710679
6420 61112906142451263821328123445141017
6421 61198632405321606617565121108955835
6422 61284464562711509016352770318286653
6423 61370404441168543127081913017937935
6424 61456450739020160884864133421670769
6425 61542605077773647933017266400932851
6426 61628865808815242315881666579638757
6427 61715234992085208302616561812813767
6428 61801710792482168146030380423922057
6429 61888295128463486876974250711891259
6430 61974986554389351869324776131451005
6431 62061786659623283759529238956442815
6432 62148693815507010776137184979108833
6433 62235710268658791133713125923547795
6434 62322834042168524525142962496948725
6435 62410066924009300050188686451390647
6436 62497407638805521676380470776884713
6437 62584857813150086192857298910666379
6438 62672415769794632860156825122207501
6439 62760083622144952361566274698488495
6440 62847859463061294388770090660588801
6441 62935745292384299953283711506316675
6442 63023739619332000613171438770406277
6443 63111844033921015198845972724056407
6444 63200056936322453184750161800008985
6445 63288380543917695788809730478194587
6446 63376812881776170259630421016058429
6447 63465355764024602054384004467877615
6448 63554007889187529974159341396917777
6449 63642770938660284636135098446215987
6450 63731643158221915693285223764347461
6451 63820626727876393349682194397834599
6452 63909719705596823178234593029229897
6453 63998924086519110793354288606815835
6454 64088238419062802195669064269543581
6455 64177664265583856346022474888455391
6456 64267200030267600828011148196945185
6457 64356847949543580492311008041543603
6458 64446606018014332391737532918178933
6459 64536476107880939636993668253546999
6460 64626456832307039229304619097869033
6461 64716549950807952107277335754365099
6462 64806753671390203077231845112163213
6463 64897070191152701301148073314912111
6464 64987497575936517243101285763947233
6465 65078037800189170823601394727302563
6466 65168689423116748597858399090326117
6467 65259454010706994589746757483083287
6468 65350329947395590423019137703686809
6469 65441319542365817183034174082753691
6470 65532420698926498956343353903006317
6471 65623635348851078041328991453536527
6472 65714962086781596909930070463976817
6473 65806402669092408793057956471107635
6474 65897955325650615602391074354129733
6475 65989622226162434886422625279505671
6476 66081401460533195820110489188496841
6477 66173295007552368734511888140379611
6478 66265301398138815567216829856296925
6479 66357422259029154644645040777151295
6480 66449655891151442793662646966457921
6481 66542004673948686542449303440148819
6482 66634466471371729308039144157832053
6483 66727043243101732666094362827896343
6484 66819733590165913423478479867009737
6485 66912539243378123253670826868479499
6486 67005458444348067714641405257480397
6487 67098493377437092777998614448659183
6488 67191642093903447653214950393572673
6489 67284906639568724497638950870857699
6490 67378285479241095789929759396307589
6491 67471780296225616223349371739116215
6492 67565389355166904711154743134947193
6493 67659115048609442379626785391071131
6494 67752955263781201973525393927872941
6495 67846911911991100361899149181923983
6496 67940983629225599958970190387858897
6497 68035172162213505462857658288511379
6498 68129475708943986500034348323196805
6499 68223896525439085337847923211042247
6500 68318432571923075776256048065513513
6501 68413085974899043069573063200719835
6502 68507855151047528301473371001141181
6503 68602741798318852805562407488316415
6504 68697744214128821510254643436614945
6505 68792864755738039231639861530083795
6506 68888101312855269202244965018578773
6507 68983455821115126449269337713614103
6508 69078926886759499479814274362118377
6509 69174516301316796094126884250229899
6510 69270222197037539808829642730908077
6511 69366046908880236587924644902940959
6512 69461988352880992397198720024759361
6513 69558048661087883145110656219891331
6514 69654226277413706672752124406288005
6515 69750522864855867697579302197100695
6516 69846936721631323141830542464939321
6517 69943470238829894343424810122537787
6518 70040121278061676757618693140733485
6519 70136891829585912964189843752914991
6520 70233780412658766942550874427780273
6521 70330788905106327518052390855917715
6522 70427915390168285645852296138816133
6523 70525162205181073457838095273577383
6524 70622527301627651159916066249919145
6525 70720012779131938422235612758252091
6526 70817617099183851916844872830043453
6527 70915341929063697017028035908839007
6528 71013185541240481587547779154691889
6529 71111150392680325606145027304506643
6530 71209234254768005600666397132278613
6531 71307439188067277305127040288282359
6532 71405763694826350084320989587099145
6533 71504209645504988332300291327126091
6534 71602775145145941525328199978973037
6535 71701462513183560228255666899139775
6536 71800269695457232209333071970365953
6537 71899198814357855306334590646904611
6538 71998248301388656132017652282504293
6539 72097419895538393871356122564463991
6540 72196711781686615084446066623098361
6541 72296126491223514766371742512330299
6542 72395661743872902931642344523327373
6543 72495319622931431295446446388950735
6544 72595098645484922595533342392493041
6545 72695000650364818459360177701910483
6546 72795023773092486602457862776793701
6547 72895170334063903315094647767025191
6548 72995438250931558676237461386083529
6549 73095829710896692866131962739354459
6550 73196343060883647569213201001396125
6551 73296980104312403446590431939383583
6552 73397738988941614461413194114547665
6553 73498622277429968338690807704447475
6554 73599627700724160576305337857342965
6555 73700757299583525342995859593714007
6556 73802009618003590318111641974269833
6557 73903386508942241111246523536738859
6558 74004886060790774903202537047468333
6559 74106510671857543613595945057696671
6560 74208258183796827080087510224744961
6561 74310130842255317313487651819281283
6562 74412126965375846605427009115144805
6563 74514248363833689465640815244323511
6564 74616493205374420541317295089461369
6565 74718864012458402787623267132746299
6566 74821358542117419341255384660360397
6567 74923978859082472716397066266093359
6568 75026723464209186291445010799676625
6569 75129594277387673084887495684347107
6570 75232589292718465548165299739082597
6571 75335711002518586041695876193604711
6572 75438957179475697894466422564481449
6573 75542330104194564485531510888855835
6574 75645828122561191624655662696734621
6575 75749452994465031428939211553308639
6576 75853202915030900095282033215254897
6577 75957080421695442727944238246543379
6578 76061083230565635242527345507343477
6579 76165213464711266560214357808670615
6580 76269469554970692608264725598407369
6581 76373853495735744126691367893656331
6582 76478363245285016924802831106698861
6583 76583001289903704243030511080944799
6584 76687765442315004524781413355746049
6585 76792657942082457626846092692828995
6586 76897677141473513902201540729568069
6587 77002824828511176199585830123391415
6588 77108099161328839045957710916776697
6589 77213502755251192229598044826751675
6590 77319033223635752966150271432319981
6591 77424692772359722481408829490612815
6592 77530479789664727058126724502337201
6593 77636396278233799915876556560974051
6594 77742440218617307245868785093249221
6595 77848614085478969553826857298464071
6596 77954915687575049856283604426739497
6597 78061347273985406947121738193921211
6598 78167907183187060487636722906434109
6599 78274597253877443069798159315232127
6600 78381415554090417720990428071322097
6601 78488364787546773162853079702165427
6602 78595442534928823459309301775105525
6603 78702650996896891124632464660667607
6604 78809988597241888687153927356801257
6605 78917457295739931331848014835998315
6606 79025055088092400713206093491695181
6607 79132784462388014331886956325166431
6608 79240643192961600338387515841695009
6609 79348633620872550013975367108137923
6610 79456753974563050058776112841567957
6611 79565006173507974732110829981784983
6612 79673388247327013596601254590789497
6613 79781902910879878791714047530463099
6614 79890547755158979886417374749083181
6615 79999324958246094702041068181885359
6616 80108232968041731655011830805415249
6617 80217273752992991458374170347117507
6618 80326445274135642478831028822384037
6619 80435750087896251811606542931927527
6620 80545185881675532231491462233323177
6621 80654755061241493424356053427226363
6622 80764455826399724599241664601219517
6623 80874290117080221202062954316114271
6624 80984255973155964341118950866350481
6625 81094356080090022808998341635610035
6626 81204588042468560996694383678239573
6627 81314954052281035713749377154749863
6628 81425452521102579328158992146421385
6629 81536085491664533788782702125926443
6630 81646850840730149079385857799793933
6631 81757751203798757858956297611065375
6632 81868784214409219724190431929238753
6633 81979952294355889416328351271478883
6634 82091253679517928580734983258066485
6635 82202690244818220374468335764647575
6636 82314260066713940404520126396338329
6637 82425965860348442101041308535205467
6638 82537805180310202493714857015216941
6639 82649780289462522386336535941880911
6640 82761889508712509946783592833942929
6641 82874134963768584249022355639750723
6642 82986514471327665366166156998458341
6643 83099030695843207677589661598724999
6644 83211681301430803681874473553455561
6645 83324468667053224730967162161235483
6646 83437391039605042394799666717355869
6647 83550450321174032962722238259091903
6648 83663644543461748722909762842946257
6649 83776976489113958253023087686335155
6650 83890443625627591926443547615458165
6651 84004048304033583557465840092204327
6652 84117788801683750988797033962311785
6653 84231667244844001572406852477893931
6654 84345681484446718113404238462923373
6655 84459834144129652597244005923381279
6656 84574122900174854069240361426130785
6657 84688550153968607255419727605317923
6658 84803114130030403998174425348290613
6659 84917816785173400251267745631878391
6660 85032656053762294237679499392547673
6661 85147634822039624726220094405200763
6662 85262750495034459221711140399465165
6663 85378005427283464329130379382153327
6664 85493397939807282415268910501847377
6665 85608930128671115450160479994434019
6666 85724599850480235166540978625972453
6667 85840409749377320449646062569551111
6668 85956357458130695293127743882848377
6669 86072445452526238998647020301646619
6670 86188671861999425776426387220155069
6671 86305038721838611209705753527195263
6672 86421543943659962232876154235766417
6673 86538190412459575834978423573645395
6674 86654975557290808763195457060307605
6675 86771901700826087288158473976842503
6676 86888967176661870969194401635179657
6677 87006174086954593561286098476168587
6678 87123520261401834000736946606564845
6679 87241008433691426793399233139785503
6680 87358636122847182909833252087721217
6681 87476405895508397786817209658565155
6682 87594315827880639808709362180163925
6683 87712367981187960407662045983262647
6684 87830560276069619460258081456950201
6685 87948895565030399248499847813506555
6686 88067371311780239775116493009708941
6687 88185989834313589335490809364914511
6688 88304749443069707777136112924450897
6689 88423652312694654102668718252977923
6690 88542696170320302287735133715775205
6691 88661883826011437062669593299908263
6692 88781212766973533818195305994431993
6693 88900685577358334058800540967125051
6694 89020300361601652213134200346457085
6695 89140059127105628504831430511176767
6696 89259959809264554338097917574526705
6697 89380005303119208323254654961542387
6698 89500192998759642232736280210480277
6699 89620525314265118109461758503411495
6700 89741000468398332787996851051770409
6701 89861620710148814700505649494777419
6702 89982383719021822241378692486134605
6703 90103292327242860531133070204432831
6704 90224344039013998120084245029874209
6705 90345541386781822401890315893156387
6706 90466882519793547275832523932048373
6707 90588369451890191701118427210687991
6708 90710000087563621622182163519688825
6709 90831777386546813498819379706508331
6710 90953698651150416877258161339624237
6711 91075766376321944044667861138164943
6712 91197978730544643104654728819344785
6713 91320337982263544028863875284095459
6714 91442841847057757469739347516498565
6715 91565493110308041785096863477673575
6716 91688289289989590605613889279645049
6717 91811232950057461788413773057045851
6718 91934322181166315438939805083733213
6719 92057559081360675516272307815006175
6720 92180941452826290598140141273777809
6721 92304472366955614639810987156230227
6722 92428149059806428073218588541608725
6723 92551974031758125989388188547246695
6724 92675945491596967488306764123647657
6725 92800065664291877219381479047842443
6726 92924332270136402744087779862817741
6727 93048748128012355787230480790762847
6728 93173310727118809581614581183623489
6729 93298022692380313445925552057939395
6730 93422882023576840972615405407403541
6731 93547890897731365620453261213925367
6732 93673047071100364309776924736198489
6733 93798353625837747544552304754978571
6734 93923807824094861384314520410627789
6735 94049412142719991061173070622622383
6736 94175164805899290240983085278745489
6737 94301068041413339801257157827048899
6738 94427119544871808366510999306639205
6739 94553322209714815319064479889561095
6740 94679673404387244510242006027936921
6741 94806175858403723218885203580841371
6742 94932827541834700991642604830175613
6743 95059630621931197154926082984004415
6744 95186582889777039415941694240558065
6745 95313687390094778410048618855536243
6746 95440941399284194496652891945428853
6747 95568347402609720382384434382611591
6748 95695903593146586256480931254472489
6749 95823612298109561116040619479373419
6750 95951471082020257195131258390658237
6751 96079482942651741470885843266460959
6752 96207645194361621235644279333212065
6753 96335960583522336788168842836143235
6754 96464427097053719172524441097331029
6755 96593046873132918171960070108564887
6756 96721817728953077557003509385811801
6757 96850742717194589501471967293355275
6758 96979819079394839370214426846755917
6759 97109049369781190350156172188739503
6760 97238431690606366396549672270373329
6761 97367968441230072141218384799065443
6762 97497657149845580592358189331159301
6763 97627500838858144051285881941364711
6764 97757496847264331038447751627746713
6765 97887647866203389915624000700137339
6766 98017951914797814779328451934237021
6767 98148411142307642658615025247790191
6768 98279023308945565911146861346849937
6769 98409791581183912682139104339044339
6770 98540713078662950248320632590749397
6771 98671790456662667137889710654104327
6772 98803021759338054751890043242570249
6773 98934409400705765242278905750418603
6774 99065950945794000368729113610873213
6775 99197649356080415497720025839882943
6776 99329501994799323117383065773315521
6777 99461511595932619714362888390460771
6778 99593676125088436829102431254355093
6779 99725997798517449329813879297311831
6780 99858474287489818264345416049645785
6781 99991108842709668726252960665970699
6782 100123898531784026673941217113714445
6783 100256846021755812075293443740801455
6784 100389949410011527192002264893513873
6785 100523211051416607514163867488473155
6786 100656628518190232516980899362247013
6787 100790204814210242516245948590501223
6788 100923937248453467780885162105122585
6789 101057828623183691025481853481077979
6790 101191876814400903963438811773256221
6791 101326084145512993238790550375184943
6792 101460448217134012305948326428772753
6793 101594972305159233039714169094965907
6794 101729653500568635149315978868949493
6795 101864494418779101273639901220891719
6796 101999493183981387955661181210092425
6797 102134652168003761658433649796500395
6798 102269968917777971612253764417271549
6799 102405446507359418826623539765684191
6800 102541082138257363103829358514741025
6801 102676878712984242319014323105965763
6802 102812834052037275074899687447499861
6803 102948950476493896175724679759075607
6804 103085225630674939055410996324072633
6805 103221662767805742678465106741290283
6806 103358258972854072140173647350249421
6807 103495016891719409146599695687301807
6808 103631934598669954213982788873888641
6809 103769014558902498732331606306898883
6810 103906254196664292559384432000322789
6811 104043656690197084271152651831081031
6812 104181219197399819848495020469057241
6813 104318944623555966404243702407554043
6814 104456830827747903018596024209597981
6815 104594880079879868086123159083592783
6816 104733090050936402235446318099807313
6817 104871463991979414332665729323980019
6818 105009998972689318532231355357270069
6819 105148697720826995105794277096653223
6820 105287558198947932415969075489455689
6821 105426582962377790273735546180509931
6822 105565769377179805063319240037618205
6823 105705120654046330396440059190377887
6824 105844633955442358879449774997741825
6825 105984312155707911853140680600275395
6826 106124153154028140472673504524815477
6827 106264159223390324121031311256490967
6828 106404327983480309573424172914415481
6829 106544662795009302607401687083704139
6830 106685160589883876375780401731496301
6831 106825824186784928162816580010151983
6832 106966651523562646215754492127311105
6833 107107645165856529490724142153370147
6834 107248802508717732274003652265711909
6835 107390126706762742215359742040334151
6836 107531614953366620785509187855857465
6837 107673270142653603683962572212486267
6838 107815090117946426287615648684353245
6839 107957077242973241287924024106356751
6840 108099229038489637002040040474863057
6841 108241548960996595122099592911718387
6842 108384033879631561152914994623576821
6843 108526686637554285974278124615420583
6844 108669505196153926708221245545276425
6845 108812492065268520947849776069749675
6846 108955644673939774337230829737167293
6847 109098966209957704992063690931765151
6848 109242453809647139809408255226132033
6849 109386110451490496774307247482302515
6850 109529933868940031246935670222646901
6851 109673926523564518939178420525517367
6852 109818085872485165391557117421992409
6853 109962415397012087145090241443177483
6854 110106912016440056669309546095034061
6855 110251578504567732331150447221883631
6856 110396412850396801162983118964764193
6857 110541417590725700605357452425169539
6858 110686590090828151653016601898205189
6859 110831933637178669282048514594121703
6860 110977445249472888854752587436058329
6861 111123128018801096536353938030616219
6862 111268979626046913095545123644694653
6863 111415002528211890808856374273310703
6864 111561194228516163389920783954249073
6865 111707558164783571533943947914488339
6866 111854091254810113509192312082248389
6867 112000796298964222285725567970754119
6868 112147671275483074922620361819346505
6869 112294718774507128532298025192257547
6870 112441936063117417653647553440972349
6871 112589326525729237293196687037791359
6872 112736887120234359073769632627984641
6873 112884620950593570717293237827810547
6874 113032525734952192787121340020414293
6875 113180603900925126003464023195027991
6876 113328852951217958851943325189762745
6877 113477276354545279840165991521806955
6878 113625870974036515846370038962475885
6879 113774639715405252993389408878982031
6880 113923580407370410589444637999881409
6881 114072695777896809892535847761740227
6882 114221983036789929744134436794707013
6883 114371445570316840718987886709653959
6884 114521080375151370304541777829895769
6885 114670890497423356583144194078970203
6886 114820873695906556689745180240896253
6887 114971032386847835731269024790721263
6888 115121364050296419003239277427942257
6889 115271872259012611904421166120497075
6890 115422553748673308645535936567692325
6891 115573411510766670080213493359578535
6892 115724443342137024166794517285147913
6893 115875651971231567198872686598891883
6894 116027034624988352126897355655495261
6895 116178594668400971410496746513534399
6896 116330329119534997149340504260518977
6897 116482241041280044160933214242923731
6898 116634328143841592793207624682293717
6899 116786592939647014665755613606351927
6900 116939032778672937815283926829376025
6901 117091651341594384878454513973880171
6902 117244445303035323083371703794117133
6903 117397417688342649745162965429726991
6904 117550566328779161117847252968527681
6905 117703893879640810706135265095647171
6906 117857397607121576773506421447450917
6907 118011080894815249955061731108052855
6908 118164940703187906793046579456781657
6909 118318980199971318547753608193636763
6910 118473196985130424396248530327316509
6911 118627593659139004010901438105130991
6912 118782167518966640094494495783703697
6913 118936922267207561033742094996075411
6914 119091854608049289602210843495827429
6915 119246967502213929856657389429401223
6916 119402258813671003247682074355859977
6917 119557731245347301528761646035512747
6918 119713381995753806661931454242454045
6919 119869214538411202184376764914853471
6920 120025225715274528187577146222659809
6921 120181418797824475299955276451736211
6922 120337791323746234045447545655300597
6923 120494345913453120300040970284151287
6924 120651079913736387926828139705494169
6925 120807996967589988774877100404142571
6926 120965093798564767100579860542129933
6927 121122373391138017510592324979661391
6928 121279833565850380539653688066111905
6929 121437477098803519020097137002284643
6930 121595301076476147714015807680660389
6931 121753309111402427698010392752411031
6932 121911497952390135574179181942971289
6933 122069870894926852543690201314764571
6934 122228425519547453107251239713451805
6935 122387164385861728631331667852704687
6936 122546084855401380434702804100101489
6937 122705190612449250682537761315538547
6938 122864478334542102684974525034477989
6939 123023951083999231322606049597947431
6940 123183606573770273472900652761714409
6941 123343447678985638416741834267940171
6942 123503471431675990488371460821755005
6943 123663681438277622077820106081745887
6944 123824074509545353414883092545626817
6945 123984653894281269573013923197537939
6946 124145417189213920851375761201096981
6947 124306366969377459334952028792499415
6948 124467500544140815600161479758053577
6949 124628821706916823544738474214273547
6950 124790326989193469395067961171456109
6951 124952019577740599857581017539988079
6952 125113897134781336070405457960702753
6953 125275962552039157005334928083577091
6954 125438212882322944272112300795969541
6955 125600651691393552513965868504291863
6956 125763275807558477234437514683807865
6957 125926088481398037071370593432893147
6958 126089087288850900124374029819493565
6959 126252274906618092520712050651172623
6960 126415648504317373953992729653194705
6961 126579211992379391330713618027268595
6962 126742961839039130362341994559932293
6963 126906901245281448301172296915624775
6964 127071027907958085213156409047456041
6965 127235344659281945588958613613021339
6966 127399848597450814167989026329918973
6967 127564543307563587738220025673815455
6968 127729425546033111698470712264065633
6969 127894498692774167351150277243463443
6970 128059760177912495106230166464475957
6971 128225212768260050979283544679923127
6972 128390853607578909323815012856453321
6973 128556686623306696257840443357954411
6974 128722708309189081815332701057568909
6975 128888921802310541090126640904657039
6976 129055324843646993189827028999462113
6977 129221920275103780516522780474640323
6978 129388705138022483487089301925061157
6979 129555683124309486905823171021882999
6980 129722850884629512693575103640656825
6981 129890211886765558532925890675592251
6982 130057763504166920796214481625932861
6983 130225508530796347746183972866994959
6984 130393444120335335256398189279885905
6985 130561574163671569069065802536402067
6986 130729895172679845421082663797484293
6987 130898410329516915048018774007020135
6988 131067117307950257121524813433693705
6989 131236019056289240516426825836417371
6990 131405112473168070423871029637203101
6991 131574401379969375264120203760794879
6992 131743882345796903681197105387287713
6993 131913558854944957845279648740263315
6994 132083428360219130294744741665328053
6995 132253493557930495425739209949521847
6996 132423751644255764904639924673369353
6997 132594206530984167171158804620862667
6998 132764854685057053673688223611656493
6999 132935699360389344778329249730929743
7000 133106738125038175720922041859355041
7001 133277974051117829428213811206040771
7002 133449403962398005143649617406444453
7003 133621031700836640747954904172329015
7004 133792853858563393473389611844618521
7005 133964873888151243395424625257005403
7006 134137089236739457305340458314848173
7007 134309502642655771005804317534787279
7008 134482111270026737988301961405883953
7009 134654919118613580900343732707431507
7010 134827922506287891251664144219231845
7011 135001124819089847400771572534048359
7012 135174523559936508588116128251886633
7013 135348121797529038933068338621710619
7014 135521916418487689089008130793717533
7015 135695911209719198770384727375327871
7016 135870102793171810249629021371815809
7017 136044494624017661220695994076482035
7018 136219084116486905130080639262190229
7019 136393874104759076925036272204335415
7020 136568861589512215106510787677411017
7021 136744050728659562337072361736245291
7022 136919437775718723021828023347864045
7023 137095026112198382807479397118533103
7024 137270813297327390383370723268657153
7025 137446802340801887403175496689914723
7026 137622990142866785048982918512600837
7027 137799380515190296690871479565934839
7028 137975970025986219573614030816377817
7029 138152762255743245522119322508262107
7030 138329754479553606082961430237858541
7031 138506949629233951903356303694940239
7032 138684344654347401128329807328904465
7033 138861943731475526388653672127699603
7034 139039743135606856967565345641602533
7035 139217746208101953469393737855902087
7036 139395950549113653870937299453147017
7037 139574359170215406665528366524909115
7038 139752968917921509180836631283594525
7039 139931783724747206697489508932763423
7040 140110800007032078394319755890382657
7041 140290021460683925006422338283819635
7042 140469445303994432389669011745715829
7043 140649074499406554074801370856073751
7044 140828906036247241627196400340785929
7045 141008944010213391264009597635155691
7046 141189184740205082259723197992141805
7047 141369631581826850802490889508459583
7048 141550282074764295672530139117502465
7049 141731139348212859322928742585817507
7050 141912200125825159659699416183443173
7051 142093468441699463757961475160560439
7052 142274940657582167071995055497696249
7053 142456620479019343583197863527611259
7054 142638505167231473053495011070072109
7055 142820597611904722142606660206078991
7056 143002894823364559774250700151438033
7057 143185400981006183246823098107843891
7058 143368112300658305544496307312646661
7059 143551032245391438242568141708039975
7060 143734158229316566571532802186395081
7061 143917493500519124955858353599465563
7062 144101034698840459867565580825525661
7063 144284785900310076823781416450170143
7064 144468743504787469345762222790082305
7065 144652911145689221542533621273710707
7066 144837286131737439168955554639109621
7067 145021871352739130584895589061555159
7068 145206663784849379581541028103555689
7069 145391667687500025664590671267890923
7070 145576879156858818845992333114958253
7071 145762301792151843265386235634185727
7072 145947932929555505657174272418606561
7073 146133775828666497706479562207291523
7074 146319827171857192237257321820738981
7075 146506090978364227995233769135954391
7076 146692563655272235475450248632725401
7077 146879248884136237712112246703749723
7078 147066143925234201697987796262447885
7079 147253251770880153256838622869451087
7080 147440569246155210686794905057882737
7081 147628100749023809045986674422305043
7082 147815842295573515892857699720818629
7083 148003797482167904129506881000219751
7084 148191963722056207774086533081042185
7085 148380344212430794923068601195032059
7086 148568935656297741567400059686389629
7087 148757742089874692530029257025402879
7088 148946759877170779345812761617913745
7089 149135992804211193185335990883782163
7090 149325437977209126878831197965651605
7091 149515098521486518396307383755076247
7092 149704971200864574679596874966873897
7093 149895060438313491047763102914373739
7094 150085362274021409145966937001637133
7095 150275880253367279644224473461359615
7096 150466611816794633477496855137093889
7097 150657560169110172577348221712852131
7098 150848721970265083799662412837632805
7099 151040101395628709362699079139534071
7100 151231694633298845564989917232112153
7101 151423505592981742217789329628110747
7102 151615531333366659280316380113647533
7103 151807774974077576923074017263115311
7104 152000233328086641703333714222230609
7105 152192910756425517175885022304556707
7106 152385803354095559306860726204653861
7107 152578914670122045006238167080089607
7108 152772242086733737439604205296388553
7109 152965788930777398342491667248048763
7110 153159551699828758795279783784817181
7111 153353534693605432701256798627603711
7112 153547734040355491798559880169722001
7113 153742153695853593916536318169834899
7114 153936790730159776753768329835650357
7115 154131648212495234892297033799499607
7116 154326722975851078720373729134850537
7117 154522019419677230538689730481097963
7118 154717533556184093004761806695131693
7119 154913269053594883687696730081425087
7120 155109223184145712978230008763816865
7121 155305399370280005196362351857417795
7122 155501794049111907174505344611416965
7123 155698411539283363393864573237311735
7124 155895248015749118989692894426135033
7125 156092307335864120387660461052731643
7126 156289586646489170386383524502285005
7127 156487089028756071542632006563474767
7128 156684811250050609672169587308748657
7129 156882757839713203242763993370611363
7130 157080924639903774630510686096803237
7131 157279315461459940370104315943639271
7132 157477927491215758822333255979998761
7133 157676764180553855195276260002445947
7134 157875822029587546913191379609152445
7135 158075105280716941150587986489652575
7136 158274610121692135718803041936789905
7137 158474340455637289665452071321436083
7138 158674293366028843511339357073516373
7139 158874472025577329887364595699778807
7140 159074873071814040373226034000726441
7141 159275501187473394794164781204208267
7142 159476352126680577190629036385544013
7143 159677429709162723847548174278126783
7144 159878731171450327365255372788074529
7145 160080259909472030976034848727039715
7146 160282012420522207443083382737678965
7147 160483992997858647682513697707577623
7148 160686197790552091471001410510661785
7149 160888630795780161544271703108722811
7150 161091288942579242040871021793623821
7151 161294175551655366677873699609470671
7152 161497287178813397646941071467383921
7153 161700628504485458438965432817493539
7154 161904195355639943282972887652178149
7155 162107991480303697445348148423753895
7156 162312014163237604452131207009773705
7157 162516266793657377865982269717226267
7158 162720745827147920680923965873183229
7159 162925455679533497373308285620447263
7160 163130392315830839506018552374958065
7161 163335559895720081480590257853248659
7162 163540955293991417146254492432053717
7163 163746581817093645886899684245396567
7164 163952436067578535765797651383528041
7165 164158522688946457717634184735012043
7166 164364837497116662521989729318126381
7167 164571384282159531588758898622578015
7168 164778160273709198703295441020110433
7169 164985168998500815255160344923104035
7170 165192406744963203899371358499758837
7171 165399878053904892001928886639678647
7172 165607578824525479813061335633549049
7173 165815513225609729463280545191894875
7174 166023678184034590020051766672722733
7175 166232076927751877871671072099095663
7176 166440706125235013655992535283187505
7177 166649570420739595346207731416162915
7178 166858665585014574572734620263762949
7179 167067995515821888767592897733281383
7180 167277557286832060234098190681096649
7181 167487354549444581344093713527851547
7182 167697383519314025853591300480861181
7183 167907648796343210590763973215528767
7184 168118146298901148623649246694433809
7185 168328880125414168700422863564085875
7186 168539847231802417464990442710036309
7187 168751050891480125541491380892628519
7188 168962487671964625749435672787896905
7189 169174162377132369735652613095308203
7190 169386070623897669959619407528156237
7191 169598216415585967762955142041359423
7192 169810596778641537745875128118769729
7193 170023215375366178714107466051346851
7194 170236068466042153528019641249436181
7195 170449160563961734428285529364738295
7196 170662487640219186204600891970272825
7197 170876053833788129372367255138553307
7198 171089856036265811137158162095499053
7199 171303897610187080904607198432579407
7200 171518174988373822824772790592032881
7201 171732693124251665124365431405658179
7202 171947447514071894931593241831868261
7203 172162442218999695224603717813996391
7204 172377674324300937645430568531103897
7205 172593147396917294855642265716121723
7206 172808857745904502858723066401355613
7207 173024809906145830809959287021917599
7208 173240999776407480300222063428286545
7209 173457431610246877768664708850934387
7210 173674102155711912077647387252213717
7211 173891014932693213453190047988252327
7212 174108166283711956632244115392370313
7213 174325561168687240118377269537366603
7214 174543195151874405706476994653752173
7215 174761072207254034168499722925427103
7216 174979189450886069814736765038369281
7217 175197550492220235760518851918171939
7218 175416151571620898935948989083502997
7219 175634997362563667086898658344950039
7220 175854083578113771852962077758742777
7221 176073414625382013991944165997440219
7222 176292987179629010994018803989141101
7223 176512804758068387247028475096656143
7224 176732863761155448838726725712833617
7225 176953169114311459008374535278104835
7226 177173716384383823743774048275394629
7227 177394509561440734774118489510268295
7228 177615545724063271728667895416120345
7229 177836828589857500631373542499773179
7230 178058354225166285970199853122374749
7231 178280127458959358735886693877210911
7232 178502143952813735970568467046336017
7233 178724408110608967293941958424903667
7234 178946916662257446769236081786653717
7235 179169673042774578761777819084808455
7236 179392673689556487538401540654788233
7237 179615923544819528100788970461498539
7238 179839418119245706323321847384076941
7239 180063161564345030001970101744145407
7240 180287150757823245253696152050735457
7241 180511389567248979572507267495657283
7242 180735873990163336099868313423513173
7243 180960608865824956084678305844637591
7244 181185589890760267960460131062207161
7245 181410821407712940024741412409797963
7246 181636300208708024415769267096468621
7247 181862029728746577550347005510555215
7248 182088006344395885954225843948244721
7249 182314235137422559830874887049750083
7250 182540711449209633487865790271250181
7251 182767439537986317946016738427489287
7252 182994416244395378219237996784854489
7253 183221645467088665942090939617189563
7254 183449123218978426815856304855074621
7255 183676854294593085626655536112802687
7256 183904834402190168525433521933350321
7257 184133067922249430064119838411000051
7258 184361551571505803350508836095054261
7259 184590288919059210042739293748682439
7260 184819276196414994692254960291997801
7261 185048518625240195517681016614248363
7262 185278011443657578115331656100374381
7263 185507758940455668086304626223896287
7264 185737758021939785902834581788533729
7265 185968012471015922820983108187831427
7266 186198518371647439412642793305499189
7267 186429280554717491746381966074354231
7268 186660294653099013539867760551419449
7269 186891565174499176687492659261732875
7270 187123088661227381076397761341814317
7271 187354868838407984946819694440489455
7272 187586901825668939736010934659306801
7273 187819192902296156374771702467486403
7274 188051737359341375555834328311051557
7275 188284539399779099967372753462756903
7276 188517595961074116953742546866777913
7277 188750910867379895916434534537638587
7278 188984480132042222251872015762538781
7279 189218308687439538572018256991512959
7280 189452392023534094236872987349943985
7281 189686734804750867408570869957069427
7282 189921333501899580654140141219604469
7283 190156191822107765175772077602017159
7284 190391305966612539139556286684721257
7285 190626681122137067145571908525143787
7286 190862312615841051721771212937371837
7287 191098204678155359079616463894740895
7288 191334354211894467677856627355095329
7289 191570765154887132444774412478177859
7290 191807433316722846831631745777975221
7291 192044363838208560906307175223259255
7292 192281552078268221526123733644872665
7293 192519002724254401273195802761193835
7294 192756712317391592458121678952037773
7295 192994684508790751122362903718765807
7296 193232915505778820635580734867034225
7297 193471410544620795679709421411628067
7298 193710164861126732899645402450712549
7299 193949182831719872765857489308210151
7300 194188461173627797129913528784497305
7301 194428003972114044808860055986307963
7302 194667807006347956166542400167806141
7303 194907875383448229958741461071461983
7304 195148204544939547441029223523067121
7305 195388799092612215521550775441823987
7306 195629655601600990619970622461486101
7307 195870777726946007824099210399581191
7308 196112161631591182055150557192178281
7309 196353812711004403158306519149818219
7310 196595726003876328703937973814460029
7311 196837906031222851227277591390027551
7312 197080349434201167102758172246877953
7313 197323060331147402296148797328991843
7314 197566034519729413474280624015616821
7315 197809277058727046205372639088925495
7316 198052783435280523128120779705748537
7317 198296558257099119019500313502696587
7318 198540598048589228045927833414153549
7319 198784906591875834623083684372962991
7320 199029479863669964302806011059593873
7321 199274323417533511401189887684142819
7322 199519432213306830643600786214725797
7323 199764810806919217552785218735511239
7324 200010455896403303363417357964647801
7325 200256371493811772031552044970147035
7326 200502553436777101115517444473999485
7327 200749006839971357278529372005752079
7328 200995727077048426283634130123492561
7329 201242718924691464497625730335303507
7330 201489978748348025766173374513018869
7331 201737510452877950695731236788942855
7332 201985309945614017002622220280634537
7333 202233382805631955260220180772051051
7334 202481724031512049108062970162752701
7335 202730338076624602307806695637457887
7336 202979221716587840644135846175990977
7337 203228378998475660073378629809957219
7338 203477805685050022877331944184470133
7339 203727507007404769190495114879545527
7340 203977478175449754525527578044342777
7341 204227724125957941518894629543046347
7342 204478241105136353849472169473568781
7343 204729033074430087428545253943945935
7344 204980095998560550623642803235761249
7345 205231435367861304147662627077706179
7346 205483046215258248222324259271815429
7347 205734933033296498756806831141819623
7348 205987092511951047648943237383243993
7349 206239528836853335514886823601007163
7350 206492237593359541733843975157080189
7351 206745224200912715169035454825851567
7352 206998483760817283081948220690643953
7353 207252021209764354299560382802117075
7354 207505832893840460460966818583936373
7355 207759922656185760467675908552891687
7356 208014286495430829868967695324418025
7357 208268929952157764977629349601380779
7358 208523848008733898037086969960701245
7359 208779045270505086687404917435229375
7360 209034518258411373605765270026355489
7361 209290271308303710813596699282880227
7362 209546299910951759169202918529214037
7363 209802609509283912302299791720556183
7364 210059195252120898186753620971990201
7365 210316062040776668822085853928053995
7366 210573206235311304707722125844153389
7367 210830631692866751265548808207535887
7368 211088334352984718363415213133760513
7369 211346319915475033339412939187081923
7370 211604583128426914648046559120816773
7371 211863128782598356225545442877018023
7372 212121953352668400002627738105121241
7373 212381061150746849743480516905582811
7374 212640447737780331935566434017426877
7375 212900118471573234633660306073567791
7376 213160068550679413266169299121046385
7377 213420302876240613334338761927207219
7378 213680817754816407900755027121096917
7379 213941617217841297920908779141206951
7380 214202696977497642959973052934139049
7381 214464062912046295815181460294404651
7382 214725709684369408191665190824736061
7383 214987642099974476363576560086694815
7384 215249856667038580741905144983696769
7385 215512357651004786318051837452589427
7386 215775140656243144517573351255364053
7387 216038211059507911293571339066267991
7388 216301563985072563572064053998619705
7389 216565204469114885455642944844286635
7390 216829128651669502031561016043991917
7391 217093340675999936321672683650856591
7392 217357836215207397640152347365455201
7393 217622621185355831683327558303376163
7394 217887690282097335932325451800985221
7395 218153048215848297143039237855924423
7396 218418691556774101422351506687150393
7397 218684624581135274077028552998575899
7398 218950842806577648433943711319266653
7399 219217351793656834776182795724125551
7400 219484146454680304092914705407702993
7401 219751232017067929662311759942941107
7402 220018604501682941690455353651495957
7403 220286268093920561032339414059754791
7404 220554218518419800973401471323224617
7405 220822461580981235111077129274588075
7406 221090992036059199658029982169747581
7407 221359814643083082219144252426321247
7408 221628925897478892832296189744438721
7409 221898330205136679109281160663594483
7410 222168022898368871863260741231207669
7411 222438009697609506255080328616713783
7412 222708285428632601183337790643762553
7413 222978855325269761542148784761989067
7414 223249715525618389306055015290038317
7415 223520870083227656524528581671903183
7416 223792314749564583544361666283265537
7417 224064055405942665870092628857205955
7418 224336086703103999977072932507501861
7419 224608413529282059411481716018278439
7420 224881032210342155711584150724899065
7421 225153947357371607746436674773135867
7422 225427154168165325298458968587838045
7423 225700658397362598703754042868911183
7424 225974454922992546351997617958731185
7425 226248548894292280567971063710416147
7426 226522936484541707088123669105260677
7427 226797621775740656830349821406050279
7428 227072600478980169122759259223942089
7429 227347878605637071484244061593770123
7430 227623450604054613657101230018789053
7431 227899321546873720163627771410017695
7432 228175487661673414411570028534883617
7433 228451953542038820214311619627761939
7434 228728714488082242731363194698818709
7435 229005776186816601418980803105528407
7436 229283133526469015851240575565380121
7437 229560791699722532850910550312872587
7438 229838746794167233933682889656348589
7439 230117003048038859560714603860374703
7440 230395555962803216363102452297972481
7441 230674411733464326345910543441973987
7442 230953564739482206728523895017465701
7443 231233020038600646538364607326036151
7444 231512773941385699492750165702297561
7445 231792830949137453281282429435598683
7446 232073186393683793673448065432704349
7447 232353845982335682134427961967359983
7448 232634804550921463390756953680380593
7449 232916067460993864202127377208570899
7450 233197630584065777322483560490120581
7451 233479498325445639407228781847435559
7452 233761666072764528331008563371420297
7453 234044140094797343280053157771167659
7454 234326914771050663218966474780369149
7455 234609995095983470505495244523364351
7456 234893377462496326277385006509728449
7457 235177066367480018446068913998017715
7458 235461057072777503081743214392117781
7459 235745355446353276014016921371437783
7460 236029956108393669331500551764471865
7461 236314864562604304781725431891895435
7462 236600076646161737335860593191296781
7463 236885596768845136340059458599678191
7464 237171420394951874220607708732904769
7465 237457553671910126589629517934327587
7466 237743991041135406151142490168653733
7467 238030737528866382886243068471434999
7468 238317789424047311951625908656444121
7469 238605151404947599185401440053260795
7470 238892818535439004205441882689253533
7471 239180796861349112683389195054349999
7472 239469080881622119473947780632881361
7473 239757676163059297857563029618078323
7474 240046578568552605896374772222295045
7475 240335792413250972681769167079304167
7476 240625313220874580145594334066705961
7477 240915147198454320334904160581839307
7478 241205288688368153119650926263955261
7479 241495742851046905010740391290963711
7480 241786505795251010554902725660882497
7481 242077582375590531331943242076389651
7482 242368967533889749685723811774197781
7483 242660667353000475469755077469677751
7484 242952676442245794857428307172446121
7485 243245000214227130217590992813873579
7486 243537634616760531704967297801690221
7487 243830583980362446734979730115202575
7488 244123843728377680561261845312678721
7489 244417420252246174330993499932924579
7490 244711307666730397246956814259773285
7491 245005511350748030485449393608874711
7492 245300027306895471771148756542257145
7493 245594860385788034727793114228300923
7494 245890005613914664563205917092732861
7495 246185468984910374487668147296434671
7496 246481245102457950669883563112071857
7497 246777339461160943764130841013968083
7498 247073747950742790734565685322378245
7499 247370475015287600822474290842024679
7500 247667515892032653036258059384682537
7501 247964877148454804574513532063954923
7502 248262552807136044848284033843671453
7503 248560548238595582752852154075957855
7504 248858859536839532405515526540137793
7505 249157491485062495270506797793488531
7506 249456439118950218483746002949507797
7507 249755708472150956577444547036490455
7508 250055294073567937554744098853708073
7509 250355201580479354467766382164006667
7510 250655426638403781210307073785139181
7511 250955973907375630399652426363617359
7512 251256838546056419551625700156023873
7513 251558027124969602596572348048903875
7514 251859533725153435533335250955134245
7515 252161363619306612902938794112563319
7516 252463512968075095894037984616104569
7517 252765986537198693602328205129210235
7518 253068779318320455313441885620069789
7519 253371897536856257497429670416551279
7520 253675335487037643616892955780855441
7521 253979098989387133101084557051761619
7522 254283183619650739912730997087249509
7523 254587594044322002867472377483777671
7524 254892325452367225162834198197110761
7525 255197384379316866786513473642855227
7526 255502764937953149860791816906526525
7527 255808472425454842296040829927633247
7528 256114502919878903405932447821520065
7529 256420861367766145881312652826493555
7530 256727542524714575200310826747684629
7531 257034552796599960032209581377532119
7532 257341886376642663349539911360833769
7533 257649549147640189895260813354169419
7534 257957536740203680187336258249603629
7535 258265853690221454618228062279476847
7536 258574495269696339742357439692598625
7537 258883468025638511837438374622758947
7538 259192765986149439774641701085692581
7539 259502394619942637762444256328829399
7540 259812349812614398610038259591276729
7541 260122636681282715041439170733240411
7542 260433249874838433449823569216973997
7543 260744195826378845574041874962887855
7544 261055468800058851801468063804839569
7545 261367074548477966025546484285823379
7546 261679008782573651422249404374216517
7547 261991276097309250478407901874783943
7548 262303871651987628406170640870028393
7549 262616802165892689252031434942359963
7550 262930061438440951780155813449209181
7551 263243655122297579501652106221700159
7552 263557579009523845501568078791976257
7553 263871838235649922373905977423988819
7554 264186427550466557274766448892442581
7555 264501353268815711975102799091164951
7556 264816609689936718628946659941472137
7557 265132202622387756343743940375412747
7558 265448127685549960111587102972386573
7559 265764389609710345599958026038533295
7560 266080983337423333994313372646720897
7561 266397915862928675375129185051423555
7562 266715180806208560006439701303360773
7563 267032783861029787149462322708722359
7564 267350720900475561097976245573795449
7565 267668996942177727584587219332164379
7566 267987606771189862830028229714460749
7567 268306556759505352598903330649607535
7568 268625841146096612153577335039408177
7569 268945465873028428200921828762604531
7570 269265426357866659206828122818989733
7571 269585727502337693850188565605674183
7572 269906364171644756883856090188776169
7573 270227343324787669407886196366611995
7574 270548658717783462696611993991082653
7575 270870315941934237048817663018685567
7576 271192310895543229063393237285056545
7577 271514648643065770221893587280882099
7578 271837323858436295343527382950426005
7579 272160343119532518396640402556859799
7580 272483700394125152325367135083114121
7581 272807401853441053443416818234337067
7582 273131442820902663398076887134654893
7583 273455828219512254214616729906213727
7584 273780552964598998253813858532420353
7585 274105623941992785982890022537549187
7586 274431034931673151853295044457781541
7587 274756791519331757944435874391120631
7588 275082889589428302103294917393865657
7589 275409334359533807377962503298182875
7590 275736120287700451489031527311454605
7591 276063254124744865848439978731013935
7592 276390729742539586220438005276501041
7593 276718553337660290572118874866136947
7594 277046720293659247961962390983117605
7595 277375235418397931907111089096417543
7596 277704093722278347456453039004440937
7597 278033302117894703095112487085154395
7598 278362854258580837262455325995624093
7599 278692755951430045453538591427580959
7600 279023002816165677782126996367719073
7601 279353600270936158220971125490552755
7602 279684542676328259759878298897972117
7603 280015836843595964678483593051153751
7604 280347476677621791974087393932875689
7605 280679468260857743079651455059307083
7606 281011807057728747488296626011081005
7607 281344497899936436741586859601589567
7608 281677535676703108443230846517552705
7609 282010927510834600770967939139594979
7610 282344666862408701801361149754694053
7611 282678759679444007144316436912339127
7612 283013201504385409178242929912440441
7613 283347997778393511958540228442858363
7614 283683142910858504669954560457581837
7615 284018643598667610464550822586517935
7616 284354493827496064996012413120179857
7617 284690699732702153457131095181887923
7618 285027256677538174899198314182082661
7619 285364169656762958073752959074096999
7620 285701433328235788730190832568975561
7621 286039055034718697747084475345388091
7622 286377028086411080986437197694379709
7623 286715358468571672810601924122081567
7624 287054041861124032910435965659844273
7625 287393083533505480006385738378276563
7626 287732477962770205160270333899184085
7627 288072231897462415919987158849811127
7628 288412339209100670913626650052515881
7629 288752806213426616688014973906316619
7630 289093628046519470228530720812814157
7631 289434809921895789416619074753523551
7632 289776346381173178177049025809234017
7633 290118244792619290266678831321141763
7634 290460498519346471908812135892789925
7635 290803113475996753227733100240009655
7636 291146085336378074677394158949651577
7637 291489419444876090198226502529494491
7638 291833110224858550216119386295587981
7639 292177164561363247284947882801902415
7640 292521576093698815945036271017061297
7641 292866351343386141682770640129144723
7642 293211485348886052237144791902392645
7643 293556983305071862792496176891643143
7644 293902839863856665907694938280156137
7645 294249062308775919886849448843426235
7646 294595644048208323018925233068807421
7647 294942590990156403055320924756086495
7648 295289898759026541625677117969543089
7649 295637572876504540011296694965062259
7650 295985607461852835237168975392866069
7651 296334009688666999906170607151026231
7652 296682773078007661318530438420293545
7653 297031904146501816712958421262936715
7654 297381398027717960019458823517864749
7655 297731259808456261312059927090473823
7656 298081484175699645130202967462265505
7657 298432078444906896036171207024336515
7658 298783035942001918835326447017576485
7659 299134362781043765923574143458703447
7660 299486054345122031192864585157968761
7661 299838116327240069312332510089243067
7662 300190542770585795617877158251260205
7663 300543340854854065210919927677202703
7664 300896504160684732553050609251754513
7665 301250039121201653867468687033312003
7666 301603940950425841785145561358429765
7667 301958214726787413145241952348840647
7668 302312855055963158825450377467508489
7669 302667869462905060519892384154892219
7670 303023250990612951600332577664701469
7671 303379005966253224397827134410651647
7672 303735129665332689038652428050026513
7673 304091627860921903566566133633373683
7674 304448494638261157134522625506758549
7675 304805737042341062370753236523314807
7676 305163348730829031257583780118461257
7677 305521336156239169643549115819294379
7678 305879694440707909966278172301922349
7679 306238428853843322578688883505646911
7680 306597533781099388987860447176031969
7681 306957016950116033513147377286662851
7682 307316871288520168116315868496418261
7683 307677103132090271478420582607911287
7684 308037707863178974039095010404757529
7685 308398691089773796781571279266873723
7686 308760046960054622272740634586326669
7687 309121782644358406423062888249833647
7688 309483891623216880381866774280135601
7689 309846380568296695681422832620233763
7690 310209244345328140227463155821968293
7691 310572488439793914839758280611012263
7692 310936107101451722616537974510209193
7693 311300108105639160436980829445595323
7694 311664484479846723759884358340698269
7695 312029242410554034252936806402759839
7696 312394377364891101880746645058475665
7697 312759894961769644716809984825883571
7698 313125789285483733629292309311598869
7699 313492067627691663817732030862540247
7700 313858723284259849171359743324772681
7701 314225763154289265065416329118421291
7702 314593181972738000021847625035401165
7703 314960985225899973851631853881131423
7704 315329167247797139459418096120926881
7705 315697735725877175878360332348369187
7706 316066683687965648032717291207842805
7707 316436017410185021061786443523718071
7708 316805732263219268740153891264204473
7709 317175834061629585020616271285196763
7710 317546316606534363695085731616034445
7711 317917187447790315451534509660574223
7712 318288439731701694591507550745201009
7713 318660080353686826781234983945419715
7714 319032104181427501299451588883057605
7715 319404516594485390148407825639564455
7716 319777311959364438256382133896332329
7717 320150498000103993476067848049274491
7718 320524067670162335460475554275198877
7719 320898027403409663105080504321178303
7720 321272372325987521868964138521675377
7721 321647108474231810017777082453363603
7722 322022229555999838210383846246985717
7723 322397743143449280915494179594952647
7724 322773642442046687964523931175537577
7725 323149934239262264955144216132675723
7726 323526613469277693048709790246193837
7727 323903685496784325463382443735730367
7728 324281144647460973771270435711923585
7729 324658998875541474854958984320723843
7730 325037240816210188076086981238491445
7731 325415877128656722758265090277933399
7732 325794902841936671816615656333378681
7733 326174324008422354677729810491991323
7734 326554134403128103653653075430356685
7735 326934341483067178447778252741337615
7736 327314938555722900160527144558021009
7737 327695932428057047422355518229833859
7738 328077317908272536274448941592385285
7739 328459100599382556196001603551488071
7740 328841274520687017962841692235866377
7741 329223847855422476522821856120138299
7742 329606813132067488524124839951777405
7743 329990177069424385178242293530920191
7744 330373934765872258406521979140537521
7745 330758092132497136663915075172850867
7746 331142643015572561585130702765751925
7747 331527594910028095003451245248686087
7748 331912940993702938944625388470165289
7749 332298688282442399077777220055382603
7750 332684831399464821260841460769369677
7751 333071376089462332932821466838245343
7752 333458316278471084640888032169881121
7753 333845660191073973219783661451900163
7754 334233400426491848400858951979350261
7755 334621543541587199379332569043285591
7756 335010084745597439324598660867648377
7757 335399030005712972741025285824049083
7758 335788373016206169759554367878960845
7759 336178121520748793289759545605464463
7760 336568268383227389047482991453561393
7761 336958820895094571705701710843136131
7762 337349773508736502524913972775269413
7763 337741132018867397340224766777131943
7764 338132890474482067859276190136877945
7765 338525056942812108285380681364824027
7766 338917624080024195598187950647907133
7767 339310598489867655228120513838106239
7768 339703975282480112177265759406691953
7769 340097760583940719770574372826364883
7770 340491947877380783840141804896692213
7771 340886545132408441648189910216191431
7772 341281545110980360097029108217623017
7773 341676955081331101422577672215503051
7774 342072769600881520200549665759087501
7775 342468994351056997637642661646363487
7776 342865623383992452840781630882384609
7777 343262664869983923915359630537320099
7778 343660111379008166751964850173677493
7779 344057969679217356475988305192191831
7780 344456234614943024240919209932402617
7781 344854912571316811508453102333816331
7782 345253996878287920853732650249741709
7783 345653495526907413995121785247167951
7784 346053401367485658714458032044784817
7785 346453721577096190255815712189904803
7786 346854450782962552100910680838277381
7787 347255594644721051875657416990042247
7788 347657147160141796667369524669124217
7789 348059116704613835397509295469700379
7790 348461495524878819164195480188016445
7791 348864290662186394019533552201470175
7792 349267496881649040416208730685894801
7793 349671120537397996658612524461657203
7794 350075155052032815143101466287617877
7795 350479608323864371094603645184098599
7796 350884473216612170340128057071726345
7797 351289756950508171482701442478872651
7798 351695454074200764291867505427674989
7799 352101570483771658281211079459622783
7800 352508099872152062569316692312693025
7801 352915050858327032225481541728612323
7802 353322415551414929799157683436144469
7803 353730201012514780284987086672078551
7804 354138402095067379816042702627761625
7805 354547025031488649070950947435158891
7806 354956063348852304795819409882545261
7807 355365524928608525221312651536431535
7808 355775402577551243950124303628812529
7809 356185703707297265485844658149406755
7810 356596422578419170559319851886148581
7811 357007565310866281086667443140399591
7812 357419125471918509541762237250275417
7813 357831111770007008654147920716020155
7814 358243516371225481116222496419274525
7815 358656346181092823186487569924252415
7816 359069596134473038151665606666258449
7817 359483272526403438111555811084453587
7818 359897368712460921224897349482845493
7819 360311892850617584615767604000335271
7820 360726837465632176454012080029991337
7821 361142210181135131543625089947282507
7822 361558005167628436790392011117210877
7823 361974228526362613477188333991091167
7824 362390873950596529235520128576774433
7825 362807949971854083485348770949613219
7826 363225448846670920269336601817438805
7827 363643377569132509018486004285478551
7828 364061730942748893930258552184931321
7829 364480515430569292151295432320088875
7830 364899724145436329179336424655989005
7831 365319365495141832085174982686387567
7832 365739431812348821625530504077641201
7833 366159930814366433152674110828534211
7834 366580856772033595096601336131320837
7835 367002215628428984379288842752385223
7836 367424001137356020224421301536781817
7837 367846221892276091607286130323121435
7838 368268870025421001918798230538268925
7839 368691952701359078026596161209991167
7840 369115464494590852866899060775610321
7841 369539412146978651887887930158520595
7842 369963788595595116849893416706182581
7843 370388602271097346211199068707989255
7844 370813845630640269087691079809081065
7845 371239526221435613061341762141059019
7846 371665638377727605134529781220194557
7847 372092188101542867280258337462485599
7848 372519169045523051404348901190336097
7849 372946590043900680430746173293877443
7850 373374442901672518949844315425116597
7851 373802735040557297251343350238682423
7852 374231460915148844672234570449606617
7853 374660627249996176457441740125309867
7854 375090227118370740822944441491513325
7855 375520268845909748802675756333564911
7856 375950744919459533882386037057840081
7857 376381662907512696834148110180683203
7858 376813017084211171886960031823219525
7859 377244813623097659392276638277323175
7860 377677045890810637216928087693652537
7861 378109722992065977549728023072644123
7862 378542836626150756644539332474885021
7863 378976394222340014852041656651586031
7864 379410390312989040832415793639374321
7865 379844831509814954324052005968614035
7866 380279710921007860637948427668194549
7867 380715036916217401874675401996753063
7868 381150801866082361213883711414306761
7869 381587013646867969734411056934743787
7870 382023666155401436245625685323049021
7871 382460765845143644628232542703275423
7872 382898305953729330614513685349650785
7873 383336295604623625576168096381152035
7874 383774726569620609810034386294328469
7875 384213606128806217380024113519000823
7876 384652928986160290561505517952266361
7877 385092701704966166199051891265161355
7878 385532917309292952073852562108480205
7879 385973584390378500704135839872359247
7880 386414695038249174296715742534741233
7881 386856257310485016420376082719401731
7882 387298265058577884016130851219965701
7883 387740724755070226841696192445526631
7884 388183629691680311801174417272243129
7885 388626988893543782465306968482617659
7886 389070794158924065178198328152995133
7887 389515052849181354995899232412531759
7888 389959759502680358456211718630547217
7889 390404920959268334861391141472727475
7890 390850529959036756243308146391069365
7891 391296595332821741375727706638839207
7892 391743109005414539802194692159514537
7893 392190079093978434104741939842602091
7894 392637499547224810248670924591153117
7895 393085376633204954906444835743519839
7896 393533703774567985608532265452498497
7897 393982490064518081474237711585755011
7898 394431727174276021715639483038961397
7899 394881422663954066462005862540596439
7900 395331570787677396478421408385468665
7901 395782178637180374421027273544179275
7902 396233238782597599530556714322212429
7903 396684760119856355251144124244937807
7904 397136734704146003816639440488776449
7905 397589170482763000148894600975636067
7906 398042061461004412906979315235343365
7907 398495413975454338909831111853832999
7908 398949221316273953728840354153448729
7909 399403492782250083973128464464188347
7910 399858219772097690443578708656103101
7911 400313410116725638234070033811985231
7912 400769057940811369892905687636048657
7913 401225170335816606666369191944922323
7914 401681739971444179890002829489092469
7915 402138775626620645380484246163526599
7916 402596269383809929037553016733359785
7917 403054229240578466025987799369777643
7918 403512649164597542447752537421766749
7919 403971535652563675067085381101850719
7920 404430881680299807754893602760534433
7921 404890696883903669155710013224776755
7922 405350972446668648494735337669643573
7923 405811716219230899188490403626150839
7924 406272922474526516933065047615792249
7925 406734598169093675231000050919388267
7926 407196736044706741907655603279302957
7927 407659344888580720122996846272483183
7928 408122416674460572468425676979516577
7929 408585959650886614486287181800580195
7930 409049967439229264844193556282767525
7931 409514446816354195450156460136379303
7932 409979390688154587215289018368984121
7933 410444808640820375817888230546051163
7934 410910691991103312780717136950846429
7935 411377048442085331970793744243645007
7936 411843872326216451823994335642212657
7937 412311170628121124271089773490534579
7938 412778935975671261624672073728096085
7939 413247177460540312299487195615381351
7940 413715886689482305213481875066617097
7941 414185072185223896427165652676122987
7942 414654727427640759365603295905786205
7943 415124859239124145683816973947215775
7944 415595460570509723993723212245643553
7945 416066540918338245706667424323035091
7946 416538091681154802004463496376331093
7947 417010120561004237467457324245806487
7948 417482621819443817967486381224368825
7949 417955602654239837982778949707491499
7950 418429055369531836639124232323812941
7951 418902989306820628311372918600958287
7952 419377395972382901913415836752427105
7953 419852283932253146500553747947119779
7954 420327646779183223284062540138416229
7955 420803491122057104531809339313303303
7956 421279809997268877359974226161546297
7957 421756612996959075315647474679013339
7958 422233891325039855933856870576330877
7959 422711652971170894740655740990927279
7960 423189891913907614609728897328821105
7961 423668615579246192849937169378690419
7962 424147816150371577978680809266033829
7963 424627502987097077312754341764240679
7964 425107667695428513881960184646360265
7965 425588318646153875374583808235454059
7966 426069449561925014423641420033088605
7967 426551067114702046589224652089411807
7968 427033164212335930668583228410327585
7969 427515750651837013697079409555043571
7970 427998817359336714695938295989728021
7971 428482372581964919937034438701738071
7972 428966410103995880857678088015410073
7973 429450937444156476710942644412578283
7974 429935946882543628342849238881748941
7975 430421447640609501667060825500461263
7976 430907431354991915759246052831500545
7977 431393906490379493138673424719894147
7978 431880866613903284933800321815231813
7979 432368318619241532356293850315405959
7980 432856255118539203853997502126119321
7981 433344686256297038737630105267736315
7982 433833602740806064554570201292142333
7983 434323012817890872491945520380036431
7984 434812910466322227084266129768637553
7985 435303302972348668904547151352094163
7986 435794182705082951643998537910692229
7987 436285558945293935487359888212387143
7988 436777423259807446752138882869597961
7989 437269784296525982228637426877926731
7990 437762635333294236481946714592559709
7991 438255983520940954750727002811041343
7992 438749821310260402475291885699499841
7993 439244158886197689586745224508498995
7994 439738987043405089209364125490524373
7995 440234313952327602812078377082853495
7996 440730133619057249645446486788796089
7997 441226453372372652046547898043419499
7998 441723265464963910515085781774084909
7999 442220579433781320272715241112110031
8000 442718386460120453730305570442089921
8001 443216695522929573171613914820185379
8002 443715499792475184794184647870495941
8003 444214806393384798570920762650478359
8004 444714607913999501724504177655247385
8005 445214914346371119163990478361236571
8006 445715716620514212389759637961015485
8007 446217022858596696550199750594838671
8008 446718827003429657642805634065646289
8009 447221136693960038137082725281870803
8010 447723943768107511613343924989171269
8011 448227258070970636103580622380404871
8012 448731070641077563865126123583594217
8013 449235390474444198079512784672179627
8014 449740210829378683204781894851181565
8015 450245538707545011639495977682504351
8016 450751366789639647238037507230624289
8017 451257705122644925898915113101558835
8018 451764544459038439050957875816147477
8019 452271893204797200071111104751120503
8020 452779744979898716131596146115453577
8021 453288107630350266594312912835862827
8022 453796972920197493396828230857394829
8023 454306350756280943327247092941120239
8024 454816232229146432804882997959454273
8025 455326626200139961017401543056043651
8026 455837526007095459158271936402544133
8027 456348938670216223750251318519412535
8028 456860856724771107650989301434151257
8029 457373290528532618584160926107498235
8030 457886230505102197045857123489791293
8031 458399685316409960411536534363684815
8032 458913648446008594921307573649769329
8033 459428127773521402484920719342467379
8034 459943115170040412841827205417491941
8035 460458620328359270366795488600319783
8036 460974634476623119256273621860295465
8037 461491166527183117520573136389539243
8038 462008209708860903341647633590836413
8039 462525771245132363462875134081999199
8040 463043843353270102077369638272844865
8041 463562436697085543834899044054494163
8042 464081541513326125564341126196418229
8043 464601166506738465749447043284655767
8044 465121305322002297569277963898260041
8045 465641965647931950946325259899261867
8046 466163139378998766928784719230031405
8047 466684836348257220973864328909030095
8048 467207047599719150555660849277777793
8049 467729782280165918435562578096981379
8050 468253033308577941813804947832487173
8051 468776808253421483359910973487676535
8052 469301099138936801695455728499422777
8053 469825916649207515893064300969121851
8054 470351251133207806128896263192726589
8055 470877111120940670570869692406327279
8056 471403490348184953489949023628975313
8057 471930396522741624114886099928543443
8058 472457821517967787898667585053806149
8059 472985775340556394174819774448687527
8060 473514248698475208875331395940444585
8061 474043251067273398909705062455382267
8062 474572775183689110449754067514604829
8063 475102828594353679479294355430062175
8064 475633403492726839267113987293739265
8065 476164510453186316192056404257893075
8066 476696139835575321057488140561928437
8067 477228300240680016496326704838127575
8068 477760985251024743959986519042462377
8069 478294202889038144299249583836326891
8070 478827944599478674063088403702274733
8071 479362220739638694047324309043629999
8072 479897021898019416486430173828949985
8073 480432357510297908214726474658904611
8074 480968220486214723341405664166538661
8075 481504618180487534701435268508616663
8076 482041542854646869217065316130288665
8077 482579005107672244979874839562369051
8078 483116995225095896129773530604117917
8079 483655522068723938710341348681203951
8080 484194578886919083766924463815073297
8081 484734173961978885977513582144744051
8082 485274298569141733099832470010404837
8083 485814963147416466186161484027414247
8084 486356158322715696609438823515164809
8085 486897893413655112975417198067727259
8086 487440161467150983407522766926320797
8087 487982969823177055112706759162575679
8088 488526310617606596693208406592235041
8089 489070194754965316767301152815541875
8090 489614612115232329469830973107334421
8091 490159571833620546239053811747574391
8092 490705067074937644147130977372995529
8093 491251106138672896254024182473420555
8094 491797680435191020308876168968504685
8095 492344800177127989186322687228059407
8096 492892456114678572681753668924479809
8097 493440657629828279238294833272587011
8098 493989397566153045971242769019877733
8099 494538683570820483897482170627646135
8100 495088507461575459644142810313602137
8101 495638880434716008140050446393720379
8102 496189792178483366200147983619296493
8103 496741251904246535898646565792799951
8104 497293252840871586341112512094292209
8105 497845803127716975314794449574665075
8106 498398894263180752805098690464538533
8107 498952536576248959273929827761965863
8108 499506720642603484804971312827316713
8109 500061456060997744389740969247644923
8110 500616735389530286850104542044082525
8111 501172566543138402506787743213153311
8112 501728941147487152739358552130224513
8113 502285870480290790576957955198389587
8114 502843344403179689887373065213848789
8115 503401371849516601727913138398514935
8116 503959946214527037604248309149637449
8117 504519075637318751838493159169028491
8118 505078751486158904145532625994498061
8119 505638984359214330591341525398132639
8120 506199764454459294180348046534928641
8121 506761101773434230437097498310092195
8122 507322988650218929026797993153464901
8123 507885433020382003780525483378835511
8124 508448426656461973242070464667230713
8125 509011980655652747066557864894989563
8126 509576084895149022564949488927553709
8127 510140748426300996386588630346752527
8128 510705964548134373298352148013453873
8129 511271741632468381429549052136047827
8130 511838070683016242436299992122678309
8131 512404962614048010352270823931559623
8132 512972407461829773151015416026457225
8133 513540415208674112978419513082546459
8134 514108978366150749831860178296234141
8135 514678104726121669987739088040333343
8136 515247786092884729904049250913052001
8137 515818033633888886634772776509088211
8138 516388837086437040214357077170960629
8139 516960205781016144578501447107272375
8140 517532132609917935422448205654080393
8141 518104626303200047997711820544231179
8142 518677677738151541491693597856653997
8143 519251297807614840912984744433338175
8144 519825476687231101498004640009803681
8145 520400224157060707786875017026739107
8146 520975532868096986817844655714940517
8147 521551410567275103621550941116467447
8148 522127848976787622636409759426680249
8149 522704859617891626713193467601817019
8150 523282431798393108905558078176765485
8151 523860575138100346339070677525697711
8152 524439282405924064337781339593382449
8153 525018562351594952892074852355205811
8154 525598405896547639580595735150521509
8155 526178823864302634604413918803678887
8156 526759806488485999786908044696309737
8157 527341363618397452310756333364764955
8158 527923487734997212780666988092950333
8159 528506186877659103840480959760415839
8160 529089452407218789032543657899913969
8161 529673296109683196615567741739128051
8162 530257707175042000444874465156059349
8163 530842695269333372806937360462485015
8164 531428253292681397248260214998594985
8165 532014389751443002453972801037153515
8166 532601095723920329320733805097613805
8167 533188382027768050668896673529758975
8168 533776238774661152733448563802360641
8169 534364676110298455492919534745450179
8170 534953686171835049943468293524932325
8171 535543277293536851825410897894764983
8172 536133440631940445417185065294160345
8173 536724188076006767887043774381306683
8174 537315508873742779298064928756250221
8175 537907412506312005392845336029090543
8176 538499891985705804797016231353093745
8177 539092955943358740113025165633044595
8178 539686595245038983834140554320508101
8179 540280821021695439480381451970916167
8180 540875622971165133653907240838805705
8181 541471011564648912327342159686442235
8182 542066978786156304541440591838254781
8183 542663532970755544919176488936336223
8184 543260665488578496200477866622549649
8185 543858387990658595104595267093822643
8186 544456689826659830561380876725887541
8187 545055580509804537064027102671765431
8188 545655052954924937697156642185918153
8189 546255115980649430000976612029057867
8190 546855760125501629893104206156407213
8191 547456996938130628980752689241214879
8192 548058815852860420169304507967431745
8193 548661227387094071417493733698110979
8194 549264223662718730083608932075927589
8195 549867812830500195335505305275977975
8196 550471986311687474254234075815477017
8197 551076755845383748535844680071071899
8198 551682110677576474023762985339779629
8199 552288060565444971021233432674757743
8200 552894598030865008991487748298127025
8201 553501732274491658950133392313391907
8202 554109453626152629685718693049851397
8203 554717773592319274130925308618881479
8204 555326681849434311482145884277200649
8205 555936188728858132356733567440198395
8206 556546286410546598007821170574519069
8207 557156983096360201849923386240866751
8208 557768270038009262923440046390077745
8209 558380159334213535617746479986999475
8210 558992639748339226070038084427506357
8211 559605721414063407452494404750750327
8212 560219396753851006823404007780331753
8213 560833674927200682946094363989795371
8214 561448546407449470803551968395562349
8215 562064022541478074847765670364409471
8216 562680093038608865195995502000921345
8217 563296768265745907765670641721506723
8218 563914040348070371568106391090292805
8219 564531917748166790529275932322220343
8220 565150391339262842259831353477696121
8221 565769473534242096479651694873265083
8222 566389152924395890814241199801558125
8223 567009439684785406436317712851318895
8224 567630326339535199979406761085380657
8225 568251821863624523117745476699224643
8226 568873916873551602184811585532545029
8227 569496622757985982427173994825442535
8228 570119929042040915763301959829052329
8229 570743846439721992596172243370606395
8230 571368366643562392924907252525204157
8231 571993498420721558044822125531272511
8232 572619232510168995157824585914177297
8233 573245581416952360904333411599084883
8234 573872533814867198726694179666588309
8235 574500099645031471534590180084219223
8236 575128271581614308257790285838919561
8237 575757058640233041498248175735876523
8238 576386451243476927754698979672675693
8239 577016461108791883306904249180537631
8240 577647077455478283470768854803658017
8241 578278311242173979293811525457991619
8242 578910154001520096414401433411754997
8243 579542614560384584266138753639315415
8244 580175683730740024700384869453704409
8245 580809373835010464291112746744547643
8246 581443673668647131453914818275175181
8247 582078593266244761527329849291830767
8248 582714125124694180784248706207537361
8249 583350278550408274513889602856764707
8250 583987043567752969982591133100017317
8251 584624432272404881560322500456561031
8252 585262433598340735106997151689633161
8253 585901058602461941495205086342218939
8254 586540299039181548002871342301684861
8255 587180163410668575594341753076441055
8256 587820642706838231318674322270147697
8257 588461749292771374684232894504097939
8258 589103471784123776857546414725866805
8259 589745820504844562277949398089422631
8260 590388787571955220947320513097890633
8261 591032382691973539725322761469302443
8262 591676595663170567754013330356397421
8263 592321438606200871412127493849123807
8264 592966900590641600182159567111566049
8265 593612992499853210844989638038941315
8266 594259706123161007470613496183537237
8267 594907050078662117072625614268712023
8268 595555015242010016512991781559862297
8269 596203614234404257313564826770401211
8270 596852835274766600117601731421983789
8271 597502688997918485049621628027348303
8272 598153167412189363839430592632566289
8273 598804280156850118353039740536812259
8274 599456017228696252854148345532998437
8275 600108390586586351953730602895221671
8276 600761389393273989193608036084127881
8277 601415024524409764745349856127324795
8278 602069287671573415788263278905268061
8279 602724187760032710765316840280771327
8280 603379715131302313731124602199421041
8281 604035882932396038407295772695719571
8282 604692679138587066274358048879321845
8283 605350114421070750127364313156616647
8284 606008180912106775086943087986942153
8285 606666888077692324624312987513942539
8286 607326225976984476108537300125591309
8287 607986206613692999656851637596411935
8288 608646819001560253950276752807814977
8289 609308074412948779909219466758744291
8290 609969964099861067347617306676809877
8291 610632497238758572177292607916569655
8292 611295664110035053846370646983549913
8293 611959477808651873950742589772320699
8294 612623926468683766444919919416713197
8295 613289020567311102542202109838406671
8296 613954752399245908559051171137063793
8297 614621131414446060040345676622445955
8298 615288147533635304791854236602450021
8299 615955813093692981869264407645898983
8300 616624116669482118140797403810580217
8301 617293069855076363650148039689512507
8302 617962663738969031979465852697764669
8303 618632907625804462752768800628518463
8304 619303791855982470291006122676327569
8305 619975329341501767431343963347502739
8306 620647508300119322352253028512611413
8307 621320339248603490712751856129747911
8308 621993814326312029697050599546597033
8309 622667943322121768951155031473611307
8310 623342715767186810644231110636496749
8311 624018144350120598873415257132078399
8312 624694217432310352907386069203462561
8313 625370946647910966082613677992170531
8314 626048323254600972769925074116339413
8315 626726356259412724611750710818452311
8316 627405036148823581760677418739119737
8317 628084375997074572159032003314598587
8318 628764363773014745461878972597662221
8319 629445010311544879653640400607057903
8320 630126307344719219577885866693822961
8321 630808265029083020980659678241091811
8322 631490872674620983623402695082525221
8323 632174143017390183780176264223284615
8324 632858064620875930483019102758268057
8325 633542648840003417451306807042159259
8326 634227887085241230706593316601680957
8327 634913788390575123115688015862069919
8328 635600343103070522067889253878724145
8329 636287564561250382030651353542654163
8330 636975440349614905974665427405017877
8331 637663981737279901758707287034855111
8332 638353180205332587580160263499602697
8333 639043045935792694500580072500922955
8334 639733568373367526565156590361159565
8335 640424760080578912713316402795015519
8336 641116609647171149650323480874624801
8337 641809128564120370775102892046825443
8338 642502308111573923708483916062190741
8339 643196157607248761927274474256994007
8340 643890666951222871981899804814514681
8341 644585849889972104240934419558107211
8342 645281693798417056955882544950335661
8343 645978209864134028401068828563275567
8344 646675389880211161505861687785126321
8345 647373243791300273409511177945215235
8346 648071761112876683673933660310845349
8347 648770954466122810978704997066673159
8348 649470812303435451409307389129318617
8349 650171346423225453653294837220789467
8350 650872547641368874627249983925380125
8351 651574425664913051303247715093098623
8352 652276970242947091475149858587646225
8353 652980195165555103539419303709290611
8354 653684087875435158301399782309897973
8355 654388659439564733101082026777719111
8356 655093901689537804152479764368216297
8357 655799824597951079813338212762727083
8358 656506417592851042586909826873971069
8359 657213693650896192754165097369445919
8360 657921640732047593506835677827064961
8361 658630271011966755807059329367021923
8362 659339575125790376651558474587210549
8363 660049562797034011826696615435158231
8364 660760223907357245739545654318256633
8365 661471572032400951797550140045306091
8366 662183594832788879060293610821445901
8367 662896303329117813780874019973308591
8368 663609689215585392778858562974256273
8369 664323762821932495410065319532223363
8370 665038513073550812390672315091868645
8371 665753953336052294698241865201726439
8372 666470071383850143355838299611316825
8373 667186879490380178185909044708787707
8374 667904368412643661132612187744727549
8375 668622547622524316770197850490048031
8376 669341407114961368182071942558406257
8377 670060960572025968526538004709398899
8378 670781195402752868839536548199377237
8379 671502122973846774728232230959152871
8380 672223734670578143194754106289488361
8381 672946041078741966553006318640511403
8382 673669030955786275280983281310694205
8383 674392717725928847752513824355830207
8384 675117089299124866564365175838693217
8385 675842157652603057805084860222322819
8386 676567913757770171897281454101057493
8387 677294367146198269118735038928774519
8388 678021507596941031318498765140127545
8389 678749349186479846138474328144292075
8390 679477878795843657866491168422483277
8391 680207108255244488543335033053733839
8392 680937028643109139895020775056778481
8393 681667650667199079623913782680912131
8394 682398963288626382384739841298289925
8395 683130979627595829771662021231681159
8396 683863687717047215483867365852488281
8397 684597099610379869714103212493208475
8398 685331206095715097310559798440377821
8399 686066016995994548354555602037912143
8400 686801521714784640956822075456604177
8401 687537734723710226439863643378195507
8402 688274642723197612173132634983456213
8403 689012257483991174858444479630359143
8404 689750570314918483274189496514472201
8405 690489591677410277306299343751050507
8406 691229310561123078788357192330755549
8407 691969740253948685023160550885264991
8408 692710868622066410649446714756992993
8409 693452708048817147060976232498435523
8410 694195248843722390467824342545836533
8411 694938501248480252822103335236418679
8412 695682454433330802224937289105332089
8413 696427122889328581599769966744711595
8414 697172493469629117701678834167420013
8415 697918577791923837631643388227629903
8416 698665367286520501051442299050669745
8417 699412872382327641834275543236444579
8418 700161081959535865846422824326325733
8419 700910009646855580720464539954581863
8420 701659642793003035767661116743133561
8421 702409994216606166404572814489305307
8422 703161054121066526416475588004815741
8423 703912832651475669083770037168907695
8424 704665319163958015699397132330384593
8425 705418527977703356538707662817616883
8426 706172446004448242558401594264640245
8427 706927084886907756286650472668004167
8428 707682435934055578273039388778907113
8429 708438509992261948153738709940172971
8430 709195295420295689462544279991013885
8431 709952806216314013876431837404377247
8432 710711029554351793040133672358923809
8433 711469978277637236807366998198963747
8434 712229642699746522352438648819250421
8435 712990032794334555713045866687812631
8436 713751138065524577226605483871042105
8437 714512972842738837031090599461957003
8438 715275523912004494094805229814734605
8439 716038803238599537642604622961195407
8440 716802801631798170444387006830569697
8441 717567530350434871164569138712668963
8442 718332977510758816712107413216925861
8443 719099157300093476989974289632719815
8444 719866056941436173945803883570774713
8445 720633689023271066829211282726323099
8446 721402044040351674900849230257506525
8447 722171131983021893019681900053852271
8448 722940942166278877944010397077113713
8449 723711489331323851259600719357913395
8450 724482759795544503368783076205808981
8451 725254765866340716514126775719270471
8452 726027498230404307281180807546701289
8453 726800968077696282086615395556490187
8454 727575163789719193624187410508853597
8455 728350099192465791260926337953775487
8456 729125761697310671990880527571097377
8457 729902164046001147574398864781692803
8458 730679296481524081820839397053186805
8459 731457169326345950965230574431497495
8460 732235771420315563308692063023394489
8461 733015117980778995407191573519853227
8462 733795194972523571144938896186371725
8463 734576014847632346478620211191135631
8464 735357568484368131271936701420879201
8465 736139866825588216897060238358442755
8466 736922898316918573492011877920574181
8467 737706676889562069710935724420792807
8468 738491189766430623104707659634920185
8469 739276449953293030605331964675240731
8470 740062447340082792000034673841211933
8471 740849192668130316590504605539706543
8472 741636674530291213311101581278262929
8473 742424908136768369386867233436682451
8474 743213879706172778352904773816486549
8475 744003601367454127159100678359158887
8476 744794064129208913121573748122371657
8477 745585279019826369915871658434104491
8478 746377234320019281125709005890557469
8479 747169944345351807134296308409027711
8480 747963395776359192207611763918725185
8481 748757602095096183431167781654805267
8482 749552552934798390763128617371905045
8483 750348259019226089230989309545583831
8484 751144709172789849171790048625276057
8485 751941918447876063622401632668734443
8486 752739873062970479992865450221646957
8487 753538585244856731377718528630663119
8488 754338045845194791728036413957993633
8489 755138266216967632242650633333551459
8490 755939234154203617377730586296005189
8491 756740964395838967454323467315007719
8492 757543443488421363017821371887212857
8493 758346684888047467390575362242991003
8494 759150678397202521357830061131647453
8495 759955434495120775980834479025081455
8496 760760942110699732585835400909958225
8497 761567216333871905582726588768583955
8498 762374243258772141580732140305409157
8499 763182035519200259593475463043707591
8500 763990583425260695714171930633442921
8501 764799898756598944939424546816530635
8502 765609969086026753736400589539695261
8503 766420809206176187504061547895273375
8504 767232405766362261914948487111782657
8505 768044771986410508264185864198538675
8506 768857897936704466393715969595052341
8507 769671794028378128350084803560173783
8508 770486449029998086212566268432510201
8509 771301878454753695545903568343617675
8510 772118067861264861790880764959426669
8511 772935030225983553234829164113377391
8512 773752755745849735656890377133141345
8513 774571256276284286608799413529513219
8514 775390519473823267133787599765971141
8515 776210559930622803225806809713547975
8516 777031364372903835690768609683259097
8517 777852946135088894425856612634401787
8518 778675295023247235508308594086244189
8519 779498421888681101634661238667203823
8520 780322315048170447638221711043461457
8521 781146990417278078301863263709090003
8522 781972433268816627787617551150022149
8523 782798656663112214067226365231122343
8524 783625650988322973529872643742153641
8525 784453427722784566876774094489564779
8526 785281974788098478686945551265276797
8527 786111306832992099994156728878875359
8528 786941410401479725421949665791811937
8529 787772299172103352524891882976632083
8530 788603962449317654227915434717298805
8531 789436411523036961878414559537915191
8532 790269634419474843596488447746228121
8533 791103647146047189044244714831492715
8534 791938435233324128885542921677103789
8535 792774011394143471952675232528315599
8536 793610366162656073747072039831531073
8537 794447511133741251053890994137680675
8538 795285433969712589324732217958629157
8539 796124149690683242459079258120193655
8540 796963644359851260144263975356980665
8541 797803932123087052019525340367068763
8542 798645002095163229755673150292032637
8543 799486865505578620286033818901627407
8544 800329510590068743647540872945846769
8545 801172953148333834438673647584577491
8546 802017178733966007951449132307452037
8547 802862200194744403618811789390045063
8548 803708007953072573127722558083523753
8549 804554613897764119554007064776717931
8550 805402005160365903850826535495020701
8551 806250197287176504134334474614541055
8552 807099176018898279396592617935470849
8553 807948955554856008317596640940178131
8554 808799525205204254161683261626112885
8555 809650896003375821889056118219387063
8556 810503056300009888785668411421006137
8557 811356021893567645703372732654588395
8558 812209778198044643913401631129049037
8559 813064338413824581079464516177572815
8560 813919692433402412767171877891493121
8561 814775852598920163248689859944123075
8562 815632805927774888639091283450206405
8563 816490567864841290683101881695931767
8564 817349124405942033250917827633915289
8565 818208489477668468713417396723142075
8566 819068652507038539688178119201229917
8567 819929624536143934190819522831506799
8568 820791393737264875526294970914216209
8569 821653976476647720167741579429367475
8570 822517357491125382075504109150044517
8571 823381550445640472458448681316489351
8572 824246545005260978889944058660791241
8573 825112353588060636146431666289821611
8574 825978963278487126257617064833130621
8575 826846389373201961699962089384456863
8576 827714618031194136762048246307597985
8577 828583663125982679537530807976468083
8578 829453514018127093943911942096514069
8579 830324182050134372440515028928037751
8580 831195654906114318031855226590793289
8581 832067949338805156984851517179058891
8582 832941049928821722010386441284252013
8583 833814970388709279830648179279989263
8584 834689700585212785777984522465042049
8585 835565252584126559043289219955838083
8586 836441613634122206080219177168120645
8587 837318799156002016180428036017957143
8588 838196794966628913173438307337862809
8589 839075615490603358275161279028500187
8590 839955249529461319828155122002140477
8591 840835708876879408338020503148047599
8592 841716980969964981778489274970496433
8593 842599082612377731219345651624755123
8594 843481998539449648914990614455993733
8595 844365742141406883429793422382452487
8596 845250303492759210185662757822618761
8597 846135694787730935966473975928225851
8598 847021903048120560383212616328190173
8599 847908944013639711138592325166752895
8600 848796803057429095240458060046640193
8601 849685495016890693549084679684633555
8602 850575008428740073007211647002563221
8603 851465355145670533304889613654698455
8604 852356522857330754129133334890024649
8605 853248528056520522902719675440221035
8606 854141355584710272785767152330934957
8607 855035018934975863768735894066738031
8608 855929507991668799067745719332610497
8609 856824835274654978611534098588448227
8610 857720987319560436675496347101128613
8611 858617980427003235704806144458612695
8612 859515799629319263400476095760974585
8613 860414459769396189062306447171704219
8614 861313949676527574235478686299633853
8615 862214280850507813259701582185017647
8616 863115441060485650803010566774169617
8617 864017446992053373245380372562662419
8618 864920283298545421844427447005164869
8619 865823963826838235560057006425488519
8620 866728477928646695493098668955126825
8621 867633838593787407460884525605564987
8622 868540032065892156586180298471208733
8623 869447074691296593756938013184208479
8624 870354951702740686693172208718020385
8625 871263677785061006818175352090498771
8626 872173241811052828498672283730929493
8627 873083655331467422659848158314052247
8628 873994905971681618435818319927295017
8629 874907010776856479248726864146929675
8630 875819953845630500779606745254682861
8631 876733749476926856335141157379280783
8632 877648386893641152971578397658852193
8633 878563879053472437733113079007112547
8634 879480212401160712426815556978922341
8635 880397402984191869081760636520345751
8636 881315436234544207853374649862570393
8637 882234326772630271874053938221350715
8638 883154063370408827502159803835962477
8639 884074658052851572716631003145398991
8640 884996097776867416159522755115414417
8641 885918400169655749476971168956478643
8642 886841548985973956071470031180240741
8643 887765558606818573741430397722229927
8644 888690418407180069301620753772654761
8645 889616141081043675024717936459105435
8646 890542713317019041708952149092750205
8647 891470151177986863313958009929025023
8648 892398439818484992934449625303274465
8649 893327594348784646608634794855913555
8650 894257602994110575980157279343608853
8651 895188478106253680948844986248645975
8652 896120206555161531736024262813909001
8653 897052806019487696457373939956036939
8654 897986260408346842563567790017061581
8655 898920583790772506948867128279213487
8656 899855765730540400112854717617344513
8657 900791818971264169105984487958389795
8658 901728729909739739446108892085878245
8659 902666515141794147896476402410288919
8660 903605159270519525231143985170272793
8661 904544677853014598034642772918503579
8662 905485058847721331234977116004043469
8663 906426314705802274628265321298847055
8664 907368432442536589181859020855216753
8665 908311429389843935845257212942681555
8666 909255289683355449434853541984238789
8667 910200027486008436516004819539578119
8668 911145632154501147066105564134398249
8669 912092116815269095560188309686171963
8670 913039467299457873370763265229157949
8671 913987700688870389518040941728909855
8672 914936801329978935047924468951843553
8673 915886784805653796269654577932139251
8674 916837639392056364140530874089349717
8675 917789377162940275146820083116331863
8676 918741985216156769094458726726768905
8677 919695481095104338549101993083279179
8678 920649848624641399527290069750815789
8679 921605102365239874888721287416156639
8680 922561231167959390100355413369804705
8681 923518248710404531022160429911456259
8682 924476140525544963002385113397681477
8683 925434923703658018471308919570618487
8684 926394582779087721226958165172408089
8685 927355133076055371599636575534178875
8686 928316562995845190202395184095155309
8687 929278884617647351059177686746280815
8688 930242085043936607907610272051586353
8689 931206182094130325019969468552800307
8690 932171159057270822967736406174776485
8691 933137030986780044317524061111468039
8692 934103786462753714264254383416401001
8693 935071439127932638898467311054390107
8694 936039974778278655589531437561061309
8695 937009410328168863807349028857399615
8696 937979730341609279527111513702640737
8697 938950950247599902463300151424072691
8698 939923058203657419026901807765188597
8699 940896066797320697219368212341102295
8700 941869962393463427624501390033119433
8701 942844763464521859953839836522190507
8702 943820453044286393798775895483734221
8703 944797046121954888028859599733003455
8704 945774531577927863143133467817559873
8705 946752922731454065742179237057644035
8706 947732205502077462418678239077709669
8707 948712396813896019586261558444069943
8708 949693481146064422828239161133729657
8709 950675474342176248930172625248155515
8710 951658364001811063711618459127621549
8711 952642163112233260723499959000683791
8712 953626857822551234922135102894114001
8713 954612466694066614676953347348777139
8714 955598972839400397738883293868393381
8715 956586391037366671794009723677345991
8716 957574710404480581914093840088284393
8717 958563944220002752386996178271800059
8718 959554078242095591833892585002592381
8719 960545129849210201126030653870169087
8720 961537082844577402817403693975164849
8721 962529953577999332100447180979110643
8722 963523729452384806960036273433215413
8723 964518423526116731638230734489532151
8724 965514022151151767266777403460454953
8725 966510543506113971101789562974809419
8726 967507970918220924479787325565821869
8727 968506319255551641195350204216184479
8728 969505577289637045825245846532519265
8729 970505758885531874096405787503246243
8730 971506849188878715974617989699185413
8731 972508866071910075627384399780182935
8732 973511793072558930496622117053021177
8733 974515646570369306918891243783513307
8734 975520414194665684920540232221583181
8735 976526108631413970800860527409365423
8736 977532716432362359987459850241756945
8737 978540255964538811658102654197703235
8738 979548710258955876826265854651720805
8739 980558094517542231691590398880163879
8740 981568397089236983778981455445172297
8741 982579632240120593805709341952416763
8742 983591784822502320244952873137506717
8743 984604872814228801845826418611641183
8744 985618880027300051907803315727730353
8745 986633822472175183676751892978410707
8746 987649687943587727368213740886825589
8747 988666489205937910964091472733281367
8748 989684212529593944865118368359807529
8749 990702876766525769796872224052153515
8750 991722464304709865215979240927471725
8751 992742991028410670582526699300389343
8752 993764444903164268836501049288858433
8753 994786840225553897760484198278792483
8754 995810162107829444516538404886504773
8755 996834428191979956359459410720022935
8756 997859622375501032460138634378412441
8757 998885760798287944472998321413509371
8758 999912831167188629082092654703492813
8759 1000940846518495963793076109318630351
8760 1001969792620377950174483564596200177
8761 1002999688805499823657705274879449923
8762 1004030517227971894645171944711278085
8763 1005062293691443050551205813669802631
8764 1006095006484942422799058979473047145
8765 1007128669652947920338417288442522491
8766 1008163268361712216993624201819423453
8767 1009198820366860317602181601050392863
8768 1010235309335176712898682814379882769
8769 1011272751895079057276153351307251859
8770 1012311135023181226196840117937599541
8771 1013350472399870316079192823648364951
8772 1014390749526518194997723979064505513
8773 1015431985786780911735585537405509387
8774 1016474163494272898626435700069021165
8775 1017517298119764392890672150565623807
8776 1018561378199851018053703945506695425
8777 1019606417704128355309165234250203555
8778 1020652401677479556317184799596253525
8779 1021699348428400689672736394701124151
8780 1022747240928033010364721637202493465
8781 1023796096284097048607078650152319547
8782 1024845901266774834451813155903605261
8783 1025896669549435667110325526297235247
8784 1026948386802247467040354155453308689
8785 1028001072186698564699837117195772931
8786 1029054708194851875365056234521210181
8787 1030109310351986241308943903050237223
8788 1031164866920694612960401288655715977
8789 1032221392406937715960410302644280955
8790 1033278871215560779613356555223024477
8791 1034337322075183026078117616733531999
8792 1035396727759184093528128979323374065
8793 1036457105495494577899289102251717363
8794 1037518442246980892262767401985505493
8795 1038580751293683442221659360217536023
8796 1039644018535225791899563763571428169
8797 1040708263163328397994152752150013227
8798 1041773467432461712213516550137660269
8799 1042839647351022331695170841648559871
8800 1043906790664010547913693994630833025
8801 1044974912319278331341907503222096195
8802 1046043996404516589455423610663234421
8803 1047114061791344008158823652383857751
8804 1048185091392192857997527303723568025
8805 1049257102061634740359986327007362939
8806 1050330081028437606286329330506177421
8807 1051404041711686380714700281213834927
8808 1052478969682188989725219645001769905
8809 1053554884660298709910154453417311811
8810 1054631768209909524199079597655085061
8811 1055709636864457590364914546070433575
8812 1056788478131676335370968075325289993
8813 1057868306949582362502573167255012923
8814 1058949107752298938874979946459395837
8815 1060030899017565217297466090788374303
8816 1061113663821224707460857044864332145
8817 1062197419129340717700204137785303187
8818 1063282151926684320978154245584132213
8819 1064367875973689649593408302279936679
8820 1065454576307252777789246931736545481
8821 1066542273319674265982718273232572235
8822 1067630948165118632740891093822181389
8823 1068720617443534832325642791127463839
8824 1069811268848307589969305845508178017
8825 1070902917073332666127319863948898403
8826 1071995546606623065189518680796820245
8827 1073089176045979679682282461116449527
8828 1074183788356080481300601494403321849
8829 1075279400861845628166491188790007355
8830 1076375999914226765836871933387850157
8831 1077473599866927757628895151616533519
8832 1078572185450389845512570883204120273
8833 1079671777001502359212454247493019811
8834 1080772356049220733919587767087710629
8835 1081873938850157084257610105093358407
8836 1082976513271580630191880234559187289
8837 1084080094006426386146060151922502555
8838 1085184665329765723986145333571458909
8839 1086290246399401970607460386067408159
8840 1087396819364222041062013858429618801
8841 1088504402217414207716840031827073651
8842 1089612981131414695900732871053290357
8843 1090722570346956400039403598112737063
8844 1091833154896202983359515615061802889
8845 1092944754800532622451343246295470827
8846 1094057351680475412034254060223153037
8847 1095170961800654809751203031866430047
8848 1096285572960603059031325798103928769
8849 1097401200327860823132123973034422243
8850 1098517827499762571221951960437006357
8851 1099635474172610048972078349834275991
8852 1100754122196617629729870296197599257
8853 1101873789634726354613529476968902779
8854 1102994462822960442702871344971946125
8855 1104116155733478001490205690015691151
8856 1105238853570178668156669700141074673
8857 1106362576485767579055281119433917411
8858 1107487305750244276385442227928188965
8859 1108613058232352221668738841659582471
8860 1109739820961899811026549139165536953
8861 1110867609685102058975916088374831771
8862 1111996407757017113760483979512156701
8863 1113126234938231376973467767176776575
8864 1114257073343343000130826322530112497
8865 1115388940558179846127763356232466547
8866 1116521823224831319320163124701971413
8867 1117655735323401919436304078255042151
8868 1118790661790563960431990744503954985
8869 1119926623276021432711927661464626795
8870 1121063600583964196768568542107041741
8871 1122201610922965697129883374892955487
8872 1123340641149035550580876796721457793
8873 1124480707031992648498913420057149091
8874 1125621792075816415573979561694659701
8875 1126763915761916388184082184265747159
8876 1127907060322351635969193410980805625
8877 1129051243607949575193998648214675531
8878 1130196451901943893145435003846090957
8879 1131342699647835456726794696213928015
8880 1132489971155407523109965945081217329
8881 1133638287704892608857346867881919843
8882 1134787629594704138305690446191614565
8883 1135938014234778156840682300815295495
8884 1137089428827519859139887578884351353
8885 1138241888603367038369385466058185147
8886 1139395377364363127297192514819322269
8887 1140549914616198037890990839529024735
8888 1141705482385088254028323182614000145
8889 1142862098926170644187449294809701875
8890 1144019749939628171373975805348013141
8891 1145178450484622806957605705356165543
8892 1146338184510634270386001143154638217
8893 1147498973348419692828283181209406443
8894 1148660797545631981270603628600316301
8895 1149823674162174776566967833430485407
8896 1150987590491019974957033780722678209
8897 1152152561971264736240658323041509411
8898 1153318572182482932370598542601242229
8899 1154485641080590765885446883006398455
8900 1155653750002183957275787553607940697
8901 1156822917769500813417042342223842763
8902 1157993129830670491555009643978067469
8903 1159164401177754387246682474918597231
8904 1160336716060418899197473301403780401
8905 1161510095592654701279592455303935683
8906 1162684520434271941150550929219978245
8907 1163860007629016412049293122141648711
8908 1165036544322682807167660731159840153
8909 1166214146434619914012392338204148635
8910 1167392796732598563839467126410370333
8911 1168572515931185583242404061955104575
8912 1169753285057269109471736614549169073
8913 1170935122933290579093702544785445779
8914 1172118015272968783185417932875166229
8915 1173301976675921075155896407960770407
8916 1174486991638831111058695238817417545
8917 1175673081225687476338217491554915371
8918 1176860225917572348555052170185027837
8919 1178048443370966237936287601829129823
8920 1179237719989179091323586890843297121
8921 1180428072200536163079082427904266179
8922 1181619482585000391966465626797426101
8923 1182811971805562751136665676847932215
8924 1184005521120980836056234606828565401
8925 1185200149054495203621172124441375147
8926 1186395841566289541393142345081919661
8927 1187592613290337747093479537019605455
8928 1188790448389774554901248304927931665
8929 1189989368594296125437426894969255875
8930 1191189353581335446692972386989266501
8931 1192390421530996702769799899862799431
8932 1193592558647857730227692737167988505
8933 1194795781511676705019406425311489435
8934 1196000072818424799721474828900941149
8935 1197205452898695176280781203713921615
8936 1198411903181991946508125635598384241
8937 1199619442249835118371484968871672307
8938 1200828055829840540469158265155869333
8939 1202037759047908713137567585203793095
8940 1203248535500881096413887780215235529
8941 1204460407423188440707825667852009547
8942 1205673354198338681401967145824900061
8943 1206887394043280790716197531588123775
8944 1208102513451373242935466374240170145
8945 1209318728498531384738443517358591779
8946 1210536022139535951803057147865980437
8947 1211754414939942895772447055932605975
8948 1212973887934726516900074960176783641
8949 1214194460261628067461844880634488715
8950 1215416116944967927785602805348955341
8951 1216638873694095185570079524164529295
8952 1217862713753354718680920034209417265
8953 1219087659467887674582572107136770307
8954 1220313690520964043490406353389379685
8955 1221540824694018947842463275288242631
8956 1222769048705256905867760490867959577
8957 1223998378669146966802400312428135675
8958 1225228797342674797589973008080116669
8959 1226460325664908333935990496825980783
8960 1227692944115139277239801132651438513
8961 1228926672513698384090055050320749395
8962 1230161495452101978401452593554423381
8963 1231397428694518980446059516054543751
8964 1232634455701036857775116809012412553
8965 1233872598543896995651028287195274059
8966 1235111836966068156904356250167815869
8967 1236352188895002734920465442764169919
8968 1237593640887515507801293233325200225
8969 1238836209552827486126501155618233507
8970 1240079876850145691407748039410305653
8971 1241324664448513285876673208097697399
8972 1242570552431473651013292784739129849
8973 1243817560499303920439995419993428587
8974 1245065673776442484592067454964615149
8975 1246314907571388834490114872678574927
8976 1247565245557828122917983744044190305
8977 1248816709838787020430257298057141603
8978 1250069279947585290212192759475689733
8979 1251322974309470515523642643251896199
8980 1252577778705696347103198526516598969
8981 1253833710406192069002888677515140443
8982 1255090751149443716936993568024307261
8983 1256348922589576657513276960183286671
8984 1257608204993098696287265215098413489
8985 1258868617836638598469773162723039795
8986 1260130146297586836469425683762060277
8987 1261392805770193112272616024434015911
8988 1262656579722979259625080024384768969
8989 1263921490904329457153746376856959339
8990 1265187517997065200352462029684140381
8991 1266454680013419623049125555259074911
8992 1267722962508558272881149050286557281
8993 1268992382748728075547821428096488739
8994 1270262922704312143293787205971337397
8995 1271534603639061635079409418861267607
8996 1272807406197293768350082188379337657
8997 1274081349773779483627481233638954443
8998 1275356419362962334402543763645903085
8999 1276632630867830955520211046843310223
9000 1277909966964162046429089217388896033
9001 1279188451055849542048539219318079267
9002 1280468061510209268046488476016480613
9003 1281748817476717361530723728813585351
9004 1283030704749262786560745430849424057
9005 1284313740161715830999944340231817147
9006 1285597905843295542591507304469046845
9007 1286883223268962962364820278208882831
9008 1288169672626670370279788415018321329
9009 1289457273957924546952942519801783795
9010 1290746011677714070899665453395719253
9011 1292035902120054928310012163991974439
9012 1293326927700541674966984431171551593
9013 1294619111893460815414046708436235179
9014 1295912433302246464361129059828726077
9015 1297206910619509475262409487409950303
9016 1298502529929425055123074958315386561
9017 1299799308201338191912536384175408115
9018 1301097227250637784213929671066884149
9019 1302396309064468339904106787091484343
9020 1303696533122877784940025031566247897
9021 1304997920127137440938497598584362923
9022 1306300454022644822721482264998411533
9023 1307604151299241066173700114070727471
9024 1308908994777228164162778124530693761
9025 1310215007366619866901617303528032163
9026 1311522167937657961790609035444837061
9027 1312830495231547573565437452172329127
9028 1314139975090939618825914629921719129
9029 1315450624940246212223832224487176635
9030 1316762425943060738127246976109176797
9031 1318075400814356712747921072774239919
9032 1319389528636742216427300090208578993
9033 1320704830118759396413880713257613715
9034 1322021289498038000010194071203255221
9035 1323338922903380437059420455385814727
9036 1324657713159904405493798677531957993
9037 1325977683527131382343873231690799147
9038 1327298812541948870838362892598085053
9039 1328621119460984439183864127544629695
9040 1329944589398503734819609062952947457
9041 1331269240446243254882335685457528531
9042 1332595053403705301876747201770985717
9043 1333922050956290898498561585957839639
9044 1335250212525777339821827544920972601
9045 1336579558457488731843538139505122731
9046 1337910073302970145272174410700611565
9047 1339241773026516593486580615774024367
9048 1340574640348001830244455978832710401
9049 1341908699078388293131381076516338083
9050 1343243926888446755073923082067200741
9051 1344580343746612066393230742732905287
9052 1345917934565813524874265479443598585
9053 1347256717344081835893525889017690587
9054 1348596673149528490100244524988964285
9055 1349937824365500767693941777311001039
9056 1351280150507599041656618183194642225
9057 1352623672022718939730118423064665811
9058 1353968373171281678829887925103283877
9059 1355314270696089555586810749947279367
9060 1356661346400395716095510892985193545
9061 1358009624701864853837728940921300267
9062 1359359083023531076322975090371861085
9063 1360709741302188585231554905960788031
9064 1362061584706028306700591068990346817
9065 1363414630905288561890859654077663731
9066 1364768861245410187381919314621066677
9067 1366124298077537909382702995882913495
9068 1367480920738894939553856061964277369
9069 1368838750184618864166096240898343051
9070 1370197769944178548276377489473584877
9071 1371557997265261921158237928491429455
9072 1372919413707797056036915629430307809
9073 1374282043929550203188511820113069187
9074 1375645865423187096671031993903603397
9075 1377010897764128928265776101396897943
9076 1378377126370589790201214145470946169
9077 1379744568942170403591122064567400347
9078 1381113206516610324300085802399080733
9079 1382483062114173427453584305809589231
9080 1383854114284839172427426582318079281
9081 1385226384627877807610348964277555507
9082 1386599856370311215012694687154829893
9083 1387974546727137680164607011901698279
9084 1389350437612744713925543415692840521
9085 1390727553136934259462760672649051211
9086 1392105871129239986748097755135037437
9087 1393485411333483174035421429814140479
9088 1394866158816256674248145645020274977
9089 1396248131829100020821449530717268019
9090 1397631310587571640046389687339513365
9091 1399015718878075781066496165993418807
9092 1400401334759719798962209692060789369
9093 1401788179988191577223926384072528139
9094 1403176238137470794660025530559623661
9095 1404565525969770159395068491323928111
9096 1405956025553368000320145053372765857
9097 1407347761167090195365767147040633315
9098 1408740710338612911310283190655700741
9099 1410134893198839149657682672138593047
9100 1411530294244249233450941769435859033
9101 1412926932444730447845494375305168987
9102 1414324787591902840439537116803062781
9103 1415723883456502070745074278042912431
9104 1417124198519644395708055324221443505
9105 1418525753991920535689745682104985811
9106 1419928533696260470246256200477687973
9107 1421332554456090493710043406054902151
9108 1422737798164184807057193779100163753
9109 1424144289702349166033313561065956267
9110 1425552005657378573229388239452957245
9111 1426960966975983733660944138335877183
9112 1428371157722977729250611222433134113
9113 1429782596832574832378602400901057075
9114 1431195264533063362717283258179682069
9115 1432609184261742041730067658967887063
9116 1434024334523692059939998420655478505
9117 1435440736701216704478678950928112075
9118 1436858374331131596635779003008933325
9119 1438277264802481429970992243955803759
9120 1439697389176105775012017748672424225
9121 1441118773057004472766650789614732931
9122 1442541392815414326057814974314762277
9123 1443965269291110276298933612866327095
9124 1445390386887855649485535353786514553
9125 1446816764144084194120583250181955963
9126 1448244381418069724984063645976613885
9127 1449673262216464306774520165428132783
9128 1451103384836611410217472622273216433
9129 1452534771343565556351431139837441651
9130 1453967404409625754745567082468423909
9131 1455401302070124765121181584748366919
9132 1456836445053979583532539553614116745
9133 1458272859017277528335320033117169387
9134 1459710520534477849997956828527755741
9135 1461149450031415536790396570875628735
9136 1462589632376145136876623688740227713
9137 1464031086001109122637464121991570835
9138 1465473790982260301929546585188248565
9139 1466917771482483419481843950105172471
9140 1468363004972485163044577855451984297
9141 1469809514083801967636522555457132395
9142 1471257281272803972676264759222729421
9143 1472706324683717942285336470085758223
9144 1474156625197945845777637599213527521
9145 1475608208163071772275776824240002467
9146 1477061050242283034228261012908801669
9147 1478515172094939375142513290277054551
9148 1479970558135751765702729545026339897
9149 1481427227462032397301618950490166203
9150 1482885159517224942749934367659921629
9151 1484344378987830629512757422213284623
9152 1485804862994275327989319053183762353
9153 1487266634255381455372019673846409363
9154 1488729675546729496059076187195352901
9155 1490194004377459078088003484020943751
9156 1491659602077316150106160447154523625
9157 1493126494071685567833004916160213627
9158 1494594656777348888857756235229793245
9159 1496064111326880634052836408431191519
9160 1497534841343740748532009419197842113
9161 1499006866727366571231492069468626003
9162 1500480166289958597653044098821298421
9163 1501954765033089264290656451837178967
9164 1503430640376952728157917737767271593
9165 1504907814520891382635905377675107179
9166 1506386270459925798651689790183149901
9167 1507866025882361050810906809889161711
9168 1509347061700213957519208011281354113
9169 1510829404008257865590041186984790819
9170 1512313028367523587379833792605886821
9171 1513797956668410331982706273034383703
9172 1515284172268307205389974047369670777
9173 1516771694887802784386474052400739227
9174 1518260503841579831625023671499686797
9175 1519750623577650468087878748825893583
9176 1521242031714941661369757411546233585
9177 1522734750596412448169583006732665843
9178 1524228763073750660076318025743388709
9179 1525724087256058477981023693549031175
9180 1527220703273262004948210513199366857
9181 1528718638001148474246929155902506875
9182 1530217866520161082717769969662212637
9183 1531718410755400944104117846947534623
9184 1533220254424242513018968028998592033
9185 1534723416956776391192163118395320019
9186 1536227877774809126900187940448166869
9187 1537733661399271157386229207821786967
9188 1539240745131343887478206782345535689
9189 1540749151996316729078806015048918411
9190 1542258863888423758196918220835488877
9191 1543769899712276927039235350437102543
9192 1545282239356092066062698583914453281
9193 1546795909598145926553616184486610915
9194 1548310885892089325473343209755756453
9195 1549827189703906141993455922915742903
9196 1551344804982293562110869994336529689
9197 1552863751143965593070642286014740667
9198 1554384007344200532438446618920589677
9199 1555905598945713252454665117249317743
9200 1557428502251755279183355679778835569
9201 1558952740958778904295117242907519379
9202 1560478296694578360904835998332278853
9203 1562005188375136664127779424603936519
9204 1563533396063527544775039595711118921
9205 1565062946256488601847411692402563387
9206 1566593814692699404324650252605934845
9207 1568126022761367277387421688977101087
9208 1569659554263010353356867709474586849
9209 1571194429155256683603355354535502643
9210 1572730625760022132639196345482593429
9211 1574268170067576971320583580249331383
9212 1575807038114015711554289360801505033
9213 1577347253757484797304535190385181771
9214 1578888798843776291753350022619844205
9215 1580431691761291111236512352134818943
9216 1581975912860304879322639073040144097
9217 1583521488779009541787173609049339747
9218 1585068394791297496015620812901819301
9219 1586616653086377316457348804233878519
9220 1588166246607780265401723778507161465
9221 1589717196016816199679930823652490171
9222 1591269479272409122422014239721297165
9223 1592823122386192015138976849738921999
9224 1594378101712290325155929331567969617
9225 1595934440530461055636752919702989523
9226 1597492121083931987895103097072096965
9227 1599051161880337157422877806920157159
9228 1600611542948385594844194348371315529
9229 1602173291494669555008620655976290747
9230 1603736381993911089649172485513447197
9231 1605300837320936273350764431342735135
9232 1606866639994448835086478079227015041
9233 1608433810798362461507857020190966067
9234 1610002328035014141842539108560022261
9235 1611572217294066033613904155597662871
9236 1613143455054441134804699008533361321
9237 1614716064755231897247314205263407275
9238 1616290028339304275649855218288031117
9239 1617865364839417129967543298789529695
9240 1619442053476125528433501009814317217
9241 1621020122443242007889700159161375075
9242 1622599545591716933925687416356121861
9243 1624180345780282806579607102021990135
9244 1625762506065759699712373331213137977
9245 1627346046600032845487266699223068411
9246 1628930945904245042744677528860465645
9247 1630517229746564887465755329832918543
9248 1632104874401954498836801031424141873
9249 1633693903874905841472300700868211923
9250 1635284299202375255965719116464860773
9251 1636876080182649822838531992623921351
9252 1638469225636755788831723289168310249
9253 1640063763695099832288433701604025467
9254 1641659668659184032266939985250812541
9255 1643256963050976610445591000734967871
9256 1644855629996137287071917558780785585
9257 1646455689819848237246192498210913555
9258 1648057120730788983083603488030006037
9259 1649659949085711187370335754683431191
9260 1651264150252211304261251829141155849
9261 1652869748975818401793873159797517195
9262 1654476726138957080528032243257029101
9263 1656085101391571492093531557160188831
9264 1657694853928050316668386040771079713
9265 1659306011425519601346066974585761731
9266 1660918548427333427343823584063851397
9267 1662532487411499616774783209372893207
9268 1664147811336101705294383939834949273
9269 1665764541277567065237097910769002171
9270 1667382654373555261988069663446212877
9271 1669002177891350495874728072742551695
9272 1670623086625862856969467216385484369
9273 1672245405554682604300964164328414067
9274 1673869115710128890860637420753065701
9275 1675494236367438142624977029345772327
9276 1677120747063496990563922345552692041
9277 1678748675518031983722376753075863515
9278 1680377995866074041639090932419829341
9279 1682008731305766632639611564678799167
9280 1683640863979875396054121308731513233
9281 1685274415446091912925538489690159763
9282 1686909362725197893965777551574877589
9283 1688545733118377208693066712391918679
9284 1690183501784133495331080996169484841
9285 1691822693058362730856518643837337003
9286 1693463288366956538575660898512388045
9287 1695105306993612670193010179970182015
9288 1696748728054582520795143243643613793
9289 1698393580110759104738524123028126755
9290 1700039836450566994839667906419049573
9291 1701687520943909677972118147370544503
9292 1703336615279519871664185374057181273
9293 1704987141245796387185180176340949147
9294 1706639076029396581925533768317782573
9295 1708292446399030373958416270492974511
9296 1709947227882516173093519529384209297
9297 1711603444987425724487473085010927139
9298 1713261078758984895173777153868576805
9299 1714920149099389818330839857677213127
9300 1716580634217955940000671925687995113
9301 1718242563532763775734787882262957275
9302 1719905909814485279411499784532131869
9303 1721570696988716535725530383391781663
9304 1723236907321581199391539278609636881
9305 1724904561884721463572116986211073299
9306 1726573638142607082939722765796385141
9307 1728244163095710866239871066454557239
9308 1729916111776734566463859388396410537
9309 1731589509370069086684097437751809195
9310 1733264336096392630932375846917452365
9311 1734940612675370734849852284889345215
9312 1736618316960434096005651521916119329
9313 1738297478297668363761104309483112803
9314 1739978069789454115244777008103418869
9315 1741660114919398238931564400734577687
9316 1743343596135873171297950115676834105
9317 1745028534639190241374522649973797851
9318 1746714907752876779741328563249922285
9319 1748402742986983297866491819517513999
9320 1750092014469868550861044653263843313
9321 1751782748244493117422830099710234691
9322 1753474924039913423935116092873755493
9323 1755168562582322457381842142015121703
9324 1756863642071508782670196861481940361
9325 1758560191591679810703384320414935387
9326 1760258184341984268638886744476701213
9327 1761957643868146039734441103575873279
9328 1763658552340234653875418839072130513
9329 1765360931704191226397581955088868083
9330 1767064758177864803405062784569592501
9331 1768770060163360145166411572838640631
9332 1770476811551108061644801422639324073
9333 1772185038144594139316568180133304299
9334 1773894720273172127974143242961118093
9335 1775605878039642088627384709155010623
9336 1777318489883474612308430255201912577
9337 1779032584920991809039581113976375139
9338 1780748136163780468814853902942587701
9339 1782465167900614911674421089940967031
9340 1784183661332016221539676029498496249
9341 1785903639095416216674391695119424731
9342 1787625076992708169512664059265431853
9343 1789348003637461132251349080428623375
9344 1791072392971732393035600752567910001
9345 1792798270592476240228749653767244451
9346 1794525617078463951704896565912478693
9347 1796254452501639184797777356753659623
9348 1797984755070384997430811560175990473
9349 1799716554592036298474674709692105883
9350 1801449823049899191885491859769811453
9351 1803184585459630657292047825898011423
9352 1804920822752842962461874237678428305
9353 1806658557681033963844928129057039059
9354 1808397766379338294041569487284152917
9355 1810138476796873517836310530575888039
9356 1811880663326418605253645963913771305
9357 1813624351554349940039528330261873675
9358 1815369521658341858530639991460701453
9359 1817116194516513296938772766964206815
9360 1818864347398458126899349466291384513
9361 1820614010993906166952213256375995651
9362 1822365156746615268021298995191507029
9363 1824117809752993719227361395870676279
9364 1825871951319278474261909908936465497
9365 1827627603566086965286468396497164571
9366 1829384742980945984602956203972894573
9367 1831143397805458750257266159229691727
9368 1832903541912408162845050189608375953
9369 1834665201548334581961421621825269379
9370 1836428356063332496300290583075393861
9371 1838193027047778606970424740490241415
9372 1839959191328458567389046327573111785
9373 1841726879689741961770952795893402203
9374 1843496064093203447221415816932699869
9375 1845266768953651797608456613537511775
9376 1847038975900210661787022291898091377
9377 1848812707160579750784833478273783635
9378 1850587938826853680855590053469041557
9379 1852364699821842636929544354876635143
9380 1854142963041925600102757425626352777
9381 1855922755808199892975289305249566699
9382 1857704056881297744440908790532462189
9383 1859486887859125465845811022999078943
9384 1861271226020715999985046781511791713
9385 1863057101601429064291375616651063939
9386 1864844486674194262837099164779675477
9387 1866633405885434360570010204881491351
9388 1868423840683941928565019803947859641
9389 1870215813832759334754643544121992923
9390 1872009300516947943961005887450602221
9391 1873804330426524808653357629171326671
9392 1875600876153766675505621544783081201
9393 1877398964822536158233390208821201027
9394 1879198575769242351919055644518113285
9395 1880999730165159711941071071821353895
9396 1882802405328660182336202202952957785
9397 1884606631743977672745446803374656731
9398 1886412381094271278747704689608074685
9399 1888219678736410042358695085499809535
9400 1890028505044227459910971851582642193
9401 1891838883784077119884411843349837523
9402 1893650789709366295399277853828977525
9403 1895464252570693904851150924010932967
9404 1897279245209305198283061648184138793
9405 1899095794273894517866688150291713483
9406 1900913879454453569974435147901743213
9407 1902733521754887434906100585138994879
9408 1904554698393195958539197736733349601
9409 1906377440664097237019985438895722531
9410 1908201719173762887880662227778711669
9411 1910027560046193587071601852063371319
9412 1911854943318463428536027902544941913
9413 1913683892708018339778179366596201355
9414 1915514383296314696631594272121526669
9415 1917346444405702282062066711502807567
9416 1919180049231951237432344140165241425
9417 1921015224489791393014486087515934083
9418 1922851949428898332843871747666075781
9419 1924690245884041607426041415268705351
9420 1926530090045934310109906497575149945
9421 1928371513930375124397584530298720219
9422 1930214487799036434809456613454097501
9423 1932059037954679574664694295790439999
9424 1933905144750145626035035011379859185
9425 1935752831283038533589241194203014259
9426 1937602072975716661175637078316819317
9427 1939452899246921056935776818730475399
9428 1941305282850559369946915236277272521
9429 1943159251326010521006763493910725099
9430 1945014783050074742720920636890840845
9431 1946871900580381033822189350064610783
9432 1948730579564910523274058546679220353
9433 1950590852329652203945369835533455427
9434 1952452689330319459647805624382073013
9435 1954316116189246310133696757360138167
9436 1956181113796347202563237745419418809
9437 1958047705382565325950952697599347915
9438 1959915865926383740098873328578270317
9439 1961785625586527040730086765225386639
9440 1963656956109783519165635114168385809
9441 1965529885824665044183933984214512099
9442 1967404392741069394067053667053196677
9443 1969280499341770754102796473888580679
9444 1971158181981005304891520383008096985
9445 1973037472184926851581896209602044827
9446 1974918340761168906875092369764812925
9447 1976800813489714287778530921012009119
9448 1978684870780459208078292796181074577
9449 1980570536621327620846411582862837363
9450 1982457784968484366267389083287986709
9451 1984346647076105852264681120156614759
9452 1986237094042849679432672076143717545
9453 1988129154323537136447338759800474539
9454 1990022806201504567718824388109038109
9455 1991918071795214189976834898033897119
9456 1993814927504928176636025408760014689
9457 1995713405099669027699784489431851715
9458 1997613475177378785089313751664533973
9459 1999515164032668566046144706102874263
9460 2001418451216702783712431951080564921
9461 2003323361494517731986252212657749003
9462 2005229868458536216461006366615142317
9463 2007138003179135535726289905867275055
9464 2009047737377548756305506746688026929
9465 2010959098989132193487525006399209667
9466 2012872066599619834623833066704615205
9467 2014786662250691631636582762852518663
9468 2016702862018773075764705885791799161
9469 2018620698613933910503164493176333787
9470 2020540141270813022359037409052242589
9471 2022461217388773111768278939519169471
9472 2024383906197011645999305222078821201
9473 2026308232368580727311810962113534163
9474 2028234169838614070151136001422720469
9475 2030161749280051655792535736333293287
9476 2032090942504871283936049354747068809
9477 2034021777506676373743297132056355403
9478 2035954232742544827046244746497976477
9479 2037888330958870911836945458196409247
9480 2039824047210124748598596826738868545
9481 2041761415015471075394447440159268835
9482 2043700403228115916423510757263918485
9483 2045641039273123955942624581512926999
9484 2047583302666449966294917602481524697
9485 2049527217582291078180022143480295979
9486 2051472758384307981294153331807486381
9487 2053419955727101625114687024473308271
9488 2055368781118276708586978874482252785
9489 2057319263352431341366667293679634723
9490 2059271379689445474133509889253774949
9491 2061225153802243187831362620869911239
9492 2063180560345577390488986043440668729
9493 2065137632998875143954781121558567163
9494 2067096340969483795847622538258084061
9495 2069056710933418592665538813292699247
9496 2071018722872967120132825759759646417
9497 2072982401052398225246949417112284499
9498 2074947719290841834474933464293892917
9499 2076914709204847862105719233219696999
9500 2078883341348318321097895663780205481
9501 2080853645242498910081716538167035755
9502 2082825597767343939219969954078488093
9503 2084799222594569889447706490130527423
9504 2086774494749085538273793248872634753
9505 2088751447374294585780954114345352195
9506 2090730049873964627640606820398503413
9507 2092710329325032614468960149541604631
9508 2094692265184485854502965150573240025
9509 2096675882413573288937319223639987947
9510 2098661153904008119645568770507106669
9511 2100648112145689254201312484305263663
9512 2102636727014463272169877275646886177
9513 2104627028244395073107541741607773667
9514 2106618993356449626799277297012748613
9515 2108612645138364572852512541430961735
9516 2110607959054623613692577833366286041
9517 2112604968305487405685356909311851611
9518 2114603641989462043236762674047150365
9519 2116604007746075737274366610401654735
9520 2118606044149897566764416570729042097
9521 2120609777227512457012250237321317811
9522 2122615179209461553139641255999134165
9523 2124622282624012299592790171901969991
9524 2126631057824930948349577182673929577
9525 2128641533943182103490250208703092459
9526 2130653688674015877204733519831469949
9527 2132667545105939849802761750282477727
9528 2134683078335581196740945666098035777
9529 2136700322333451160452537074316965891
9530 2138719245069019806073443208773204725
9531 2140739875065775177560396374705187607
9532 2142762190529507443444330672737225529
9533 2144786217341257409331187304173033195
9534 2146811928248241719495947616228524077
9535 2148839355399248830774565156329808847
9536 2150868469302466190939564839725494913
9537 2152899299165623145204975480281801283
9538 2154931822385764539060658758709560389
9539 2156966062760376949494059401179758663
9540 2159001994164274349300915192499272281
9541 2161039651760828867433138997980548251
9542 2163079002981199201103086375587560317
9543 2165120076421723391719047446552501871
9544 2167162850653307302273506090377714769
9545 2169207350959233686867925618873130131
9546 2171253550469613027791377591017046229
9547 2173301481218146891335132345608039975
9548 2175351113512540558359072889748092073
9549 2177402477462692148998041049265857099
9550 2179455549311330583974705199643438717
9551 2181510353633418027200266003972388287
9552 2183566864014930558885311742768354369
9553 2185625115557161885677830369675923539
9554 2187685076099789129351588175258754581
9555 2189746773650546090134301409942552791
9556 2191810187277295654740685288941115193
9557 2193875342246612741838552107149969355
9558 2195942211182974822475694685477327885
9559 2198010827184176640990531780513321007
9560 2200081159246484993513511026287935649
9561 2202153238370274592390970152561256355
9562 2204227040430824798843475115299333189
9563 2206302590233706749522121850277550823
9564 2208379861612146553165558529920561049
9565 2210458889076119733194198757523794395
9566 2212539640781426199846190840663211933
9567 2214622144758617224902638097909676879
9568 2216706379758219744801929393561113489
9569 2218792371837126249825713249232013747
9570 2220880092727711866170056370972796309
9571 2222969576253900846214516401377840775
9572 2225060791020901082569728370543100841
9573 2227153768044023106582717338421155723
9574 2229248483670548846399783056281510749
9575 2231344961871453596995177181530551455
9576 2233443176926417941262086222680516737
9577 2235543163772177475714188213901218035
9578 2237644889813430374675508133146329749
9579 2239748384078981714233124955544893783
9580 2241853624074471796969488167500025337
9581 2243960636917393215071605201578550059
9582 2246069393715931219502864838024383213
9583 2248179928433116156595460246896287823
9584 2250292210190560312333772466963665921
9585 2252406269309831904316913274272424067
9586 2254522082474482992241080560143397605
9587 2256639673774738101473986259214462535
9588 2258759017108953502107247176293708409
9589 2260880148002431324278426778107800187
9590 2263003033089896686603999335059551197
9591 2265127702240623997355514247566311951
9592 2267254132548002896237378220085709073
9593 2269382351055836673746887699370429555
9594 2271512329262866801817507802326580325
9595 2273644100665637134202589597601635463
9596 2275777634512090854513177277004319433
9597 2277912961312228781660056266378477483
9598 2280050057591075289404032435507820253
9599 2282188948070319329803403311385502591
9600 2284329605492306814106011637494506465
9601 2286472066532164787391373867929773171
9602 2288616297115968750076745702271014165
9603 2290762327071484206266912822734450711
9604 2292910134167606238170471246342758873
9605 2295059744854366064168290765359229291
9606 2297211130889012027720401528306926765
9607 2299364325828744605373271098001902927
9608 2301519298545275517655798568024738817
9609 2303676080504449585510055246791535555
9610 2305834646830647104255799105422056133
9611 2307995023349091440226126841402071143
9612 2310157182449146428861835475799188185
9613 2312321160764612749867454181371238043
9614 2314486924580091727051633617801815677
9615 2316654503250804293900566979616052815
9616 2318823874773585219493618420346766033
9617 2320995065556889379228836044621183411
9618 2323168047205655380026436770206926373
9619 2325342854146898613990982712232118247
9620 2327519454040115352336115371288325001
9621 2329697879192223679088020916938544299
9622 2331878104415372285050360523644862749
9623 2334060155468613789654049226760102655
9624 2336244005117222733684718182740509089
9625 2338429689452506366135183298813303859
9626 2340617175312252610250006268069222453
9627 2342806491896143451133350976666967991
9628 2344997616874090795588799475895320377
9629 2347190577597116631302089666385291627
9630 2349385344251920706058201529421941645
9631 2351581952429872470231493299395775631
9632 2353780369218236196835058432107377601
9633 2355980627167014034976695995018273123
9634 2358182701467114341912831586279196101
9635 2360386617138072329679950096258037303
9636 2362592347315266535115810516699532665
9637 2364799928300954991228329597097760187
9638 2367009326286963888777166114684281245
9639 2369220571418181135820570532847713071
9640 2371433640493373916133019980699477297
9641 2373648561543935253781412531091392659
9642 2375865304416786940842023668180332645
9643 2378083904651618406171941003221341159
9644 2380304329863605026327904195695458729
9645 2382526611773933344947153284803206155
9646 2384750726047001456220786041841485213
9647 2386976697971920494213092956488328319
9648 2389204500128904454848246273424123393
9649 2391434169702722876648095742085184819
9650 2393665671668126590244841824533494421
9651 2395899037254073327541660950882716471
9652 2398134242504994911475269508351828489
9653 2400371315764894444464292877634760587
9654 2402610227434993548073599353982381677
9655 2404851012213065516474139504932096111
9656 2407093638041821209459526923908443265
9657 2409338136845441605948447225328886691
9658 2411584483888330408600473747114228709
9659 2413832705084977950731231280059598391
9660 2416082772049481357218202413290394041
9661 2418334723106290668298995001594094715
9662 2420588522615055074548546035237378717
9663 2422844201721674252480372275634590031
9664 2425101737109741135437890245582604529
9665 2427361156402892400908019605239977587
9666 2429622430073922485292491474275032709
9667 2431885593310447717050741454593484615
9668 2434150613610140386522010993515335817
9669 2436417523662706062215683107976435755
9670 2438686297623420328356630395379157245
9671 2440956962379727848052365609639205023
9672 2443229488991674847102166648296668481
9673 2445503915790578928008458749041786003
9674 2447780207619168129261891298068691253
9675 2450058395115634199014731298516178263
9676 2452338455359550606369866646197842409
9677 2454620415773007105832465429651141003
9678 2456904246692184841139960567508259917
9679 2459189984042143940089646044033308111
9680 2461477594088317578775951339913146305
9681 2463767110654843697677309781335702787
9682 2466058507457384557111980412035674309
9683 2468351811320254948365836095029363383
9684 2470646993726489489110652950797634105
9685 2472944092429800662264287389282449659
9686 2475243072581679439999105780401127261
9687 2477543964862343752722950318699963727
9688 2479846745877686077669330039226766897
9689 2482151444386507007715336629416905747
9690 2484458029159269772609333842064796357
9691 2486766537200847788009449857632234279
9692 2489076934277145121108762177779498377
9693 2491389254174036767548981781658049307
9694 2493703471085069126819172695574969949
9695 2496019611168330027379139752317828703
9696 2498337646476474673986649320216343233
9697 2500657614739835964866922911278280403
9698 2502979480717130624864201661441069333
9699 2505303275907586139045501734603277207
9700 2507628975833140496022941953842710249
9701 2509956609954559422741171322169781803
9702 2512286146761541906969329759688282669
9703 2514617623519688671861443690497306767
9704 2516951006192958071506286541614363809
9705 2519286327954841672197017269255394883
9706 2521623563396531134105103281975245189
9707 2523962738747050434643101034915930167
9708 2526303825537034657684257925294986233
9709 2528646862598707391919479342818043003
9710 2530991813415958869430380131507504189
9711 2533338710441841755210880521478347407
9712 2535687528795754274354064462786630193
9713 2538038297922547665448259114818454515
9714 2540390986797109720200496562382548421
9715 2542745631829432593585289588897706823
9716 2545102199523983668936002291261272841
9717 2547460723327726907988296981090236187
9718 2549821177254618120014151521580401789
9719 2552183588411754313068492789790424255
9720 2554547927048019338704094487122164513
9721 2556914233158780929608164505501172755
9722 2559282469540353367097997435060514933
9723 2561652668775765957158878242267571575
9724 2564024806627546123976574192474218793
9725 2566398911779375201141680909040464459
9726 2568774953482728285066999094734591053
9727 2571152968311325569474455014441122383
9728 2573532922380931574800120311295586465
9729 2575914849752982606625314220823276035
9730 2578298723567794472055370253388698245
9731 2580684571952444485550102982523389271
9732 2583072364557785139933023312373298233
9733 2585462141394891788990039958851885595
9734 2587853865778332793636334545073384973
9735 2590247569642290353752424240613666959
9736 2592643228937744665928657096329825169
9737 2595040872571714212067823952453207539
9738 2597440469470053069954499023037869925
9739 2599842057161409699308296322292968935
9740 2602245600229798458753021940384402537
9741 2604651134137763365124637369755788827
9742 2607058631253278980921474737809872989
9743 2609468119641804862552894500476693919
9744 2611879569696408512389926912305105825
9745 2614293020806745617059858958615804595
9746 2616708436531763091238296529334034869
9747 2619125848784028711935592199209621943
9748 2621545233312631656049769137969632361
9749 2623966619769638601279733842904772587
9750 2626389975829687522006737596419614573
9751 2628815340074874111611894262084459903
9752 2631242676890147702562299596131566817
9753 2633672021455407389284277839749255395
9754 2636103346726232785392960259867349669
9755 2638536680124041719543563449715082007
9756 2640971992209225107884279595307143065
9757 2643409322564349868744420210531369147
9758 2645848634343996081582941986203978925
9759 2648289960585753179123179598418938415
9760 2650733275573791386047421332248042801
9761 2653178610144924989982081906639798675
9762 2655625931294621093254975424165406821
9763 2658075277802893176103267249725496103
9764 2660526614306506909418638322070997673
9765 2662979975340111598374707852296487899
9766 2665435334610531270406893102207632029
9767 2667892719287522979048910438169036671
9768 2670352099601206022722463504918887713
9769 2672813516166248883674624235970101363
9770 2675276930743415129207409419691056373
9771 2677742377275700154336772837732586871
9772 2680209829794024612416616816150848393
9773 2682679319151485600757267890408737163
9774 2685150812805575294673155642220020461
9775 2687624348813842052306310899266065439
9776 2690099892094132360619400937163418145
9777 2692577477534273323333939756665038211
9778 2695057078059813569583639881334605349
9779 2697538721966991541373718996224878071
9780 2700022378433280681815101967089662713
9781 2702508088921232451383047343037592379
9782 2704995814645277414001044115870452717
9783 2707485589635117324607869123532772047
9784 2709977388413904342787706519791308529
9785 2712471240992162337019618382737402579
9786 2714967115342993708204722756961782885
9787 2717465049749977368626547951374328615
9788 2719965008695619826903372165474924297
9789 2722467027799222242896753825955648827
9790 2724971078850976743028616290257576029
9791 2727477191236356142942802607871754207
9792 2729985333273556724877031071209342929
9793 2732495546843926464030376630752163411
9794 2735007793684797805122022457608749685
9795 2737522106934768447737375956661607255
9796 2740038461587401138890176894327623465
9797 2742556887792613881843188910131440875
9798 2745077353007457179418767373923684333
9799 2747599896376231588452243762353051711
9800 2750124481151522795482706152801629665
9801 2752651144239826390542668155752938371
9802 2755179856841249724533960772685010437
9803 2757710648163260810300387101279764631
9804 2760243487228873444896822103210814841
9805 2762778415111536014076461149959412443
9806 2765315393817221335666346898960061869
9807 2767854456769398869311208534630646575
9808 2770395578664790746720629915115252497
9809 2772938790390042135180046121053749875
9810 2775484058096273960549202231860505157
9811 2778031422203984686848205342626975271
9812 2780580845191736178015917437997200105
9813 2783132364017185281254624391727707003
9814 2785685950474123270917437369252363805
9815 2788241633228911633665282841844563455
9816 2790799381543705926378481200723994481
9817 2793359236580349110057494146566525747
9818 2795921159914265806726888455780592085
9819 2798485185919452266187991584306478423
9820 2801051287865476722741172775522025481
9821 2803619497864000010105909646166087435
9822 2806189781686570717430562927832477965
9823 2808762179576424371367692256009984447
9824 2811336654701835834579782324357558241
9825 2813913243138890604566986297520069219
9826 2816491917168178449233567158553444645
9827 2819072705350087949849983105793116247
9828 2821655576548768253584357726154042809
9829 2824240573335866821851344988179997595
9830 2826827655636676113728762004222022669
9831 2829416858833701808068730635952013103
9832 2832008155828373646188141860310696721
9833 2834601578741143165158348378914729091
9834 2837197093696478503220149274618522117
9835 2839794740387874157349688205018405799
9836 2842394482427595519782858845815367337
9837 2844996355877058522673798190428284955
9838 2847600332644801547350279325216000029
9839 2850206442202234877052205698766898911
9840 2852814652155396901327015738598747793
9841 2855425006002807545240363643312125043
9842 2858037463248369751872956168396866485
9843 2860652059544476384798178608442602295
9844 2863268768104700141856492752914201097
9845 2865887620292150783585972224234156139
9846 2868508582597821978085681029934245901
9847 2871131694977051991156894160312571359
9848 2873756920247650004233362513609014689
9849 2876384295822245318439176181759522339
9850 2879013792238442399394129177734825541
9851 2881645440026471978459581739665842423
9852 2884279206279684298489664385366761561
9853 2886915134456530807167686503677010427
9854 2889553184644534405244027042607128525
9855 2892193391440712765856502539531392335
9856 2894835728874453152967438265272529009
9857 2897480228389902641933602140040862947
9858 2900126856005179548140564177575621125
9859 2902775652466351054510979010273444039
9860 2905426579479627879158139447656172585
9861 2908079675413738322926790567071686395
9862 2910734910257254799187472082419984445
9863 2913392314635592283574180404533611743
9864 2916051856159103675438257538972371249
9865 2918713577747550081368361678502931155
9866 2921377439545829354981092270806762805
9867 2924043476518996735053359591142921303
9868 2926711662138164689746103981526712681
9869 2929382028722826056372979620010600363
9870 2932054540973846502240367714849316045
9871 2934729241172744941296911168078092319
9872 2937406090062516014141182492341735905
9873 2940085126110102631766265108536427523
9874 2942766319979719086547702813650634645
9875 2945449701337762910027743684938872119
9876 2948135238244101281205416253723308025
9877 2950822973694010494216630938183647035
9878 2953512867774923323725856250354379117
9879 2956204956122010241808518395025073999
9880 2958899210812801512617038414255858097
9881 2961595665468444621138338199328658915
9882 2964294284100428496233324999865264997
9883 2966995108864610179393856002583431975
9884 2969698101284397031168466105957739913
9885 2972403299208957646519997103180760251
9886 2975110673489526904582723557251740029
9887 2977820253971876089719648789529482687
9888 2980532008238066707456779666825588497
9889 2983245980381538676458899130831335411
9890 2985962128826342008138227023278199669
9891 2988680490511600406178935683945119751
9892 2991401037223148047000614492784906345
9893 2994123802317513501512165669872763563
9894 2996848750435336332756997720372991853
9895 2999575923039942358959641189389183359
9896 3002305281976410659299442803472931393
9897 3005036865040265117720849251730134979
9898 3007770642878642544068092691956772981
9899 3010506646395520482344955135977009975
9900 3013244841618019290435034300328694649
9901 3015985273968762682909253139994923067
9902 3018727901098478308663862104068845197
9903 3021472760068091614924826961831804783
9904 3024219823162241826870450749805386865
9905 3026969122983788890872816862755839907
9906 3029720624822871879205020510039062597
9907 3032474370096003873932095508078641895
9908 3035230320081253303842019903626842441
9909 3037988513697099940757042433879830299
9910 3040748920235634078256650554811089725
9911 3043511571465506109226869590086182367
9912 3046276433130896756643886914449029041
9913 3049043550796399417427962838131110387
9914 3051812882564552824159241802195114933
9915 3054584464661172089666736840306972455
9916 3057358269739457785532296126243088777
9917 3060134330712855280458393075268987019
9918 3062912611991683002888087546128573389
9919 3065693156333203786139208442296908863
9920 3068475923755734364887731957534920033
9921 3071260954204773522568255898134677987
9922 3074048216295569149625768420747795637
9923 3076837742060782244563064723032001751
9924 3079629497610312332950235943275302841
9925 3082423527586586874972841202910627419
9926 3085219790738376174239376443768640269
9927 3088018323411580331587846022592859087
9928 3090819097905620068076708090078997937
9929 3093622147896132281490927293666142883
9930 3096427436537886536354878098169505445
9931 3099235007759286815223988812072689031
9932 3102044820821719181946654808471803801
9933 3104856915842476186250573540850917819
9934 3107671262287662738290490284216114141
9935 3110487890995566184018097077542528287
9936 3113306768580223868379982565930495953
9937 3116127940047577943608051278690184915
9938 3118951363350628484340596030946006997
9939 3121777075932537660765843560000357799
9940 3124605048711893435568149894723823177
9941 3127435316762232533814202387231452075
9942 3130267842563937247349288331199804397
9943 3133102669978712440010309776186534847
9944 3135939758830700865368426145749221121
9945 3138779148472625341428218743132211683
9946 3141620808705260910511726687459715989
9947 3144464770538663196162467062589089687
9948 3147311000343171771997422130927782969
9949 3150159543949251283531448624422405851
9950 3153010357961183436159607375498269261
9951 3155863481019726071642399772440931791
9952 3158718883377879525812983820766732401
9953 3161576600085239866193956484769796739
9954 3164436594178632875544430710031737733
9955 3167298909080533262321307370508358247
9956 3170163504822050745780098062059230137
9957 3173030420796096376210897241498963835
9958 3175899626363059825745996816811866109
9959 3178771153716838340268777919009681887
9960 3181644967433652372396347452115961233
9961 3184521114915504155263507236224726003
9962 3187399552221730404625821637248370517
9963 3190280317681597459272582684237393223
9964 3193163382497316845897913903896965033
9965 3196048780640224117301552006701830187
9966 3198936475692372384831693776148320493
9967 3201826511005559578620698512491809247
9968 3204718846297134951425308717417669569
9969 3207613522244434463656833461273753795
9970 3210510506597263029465048381189511349
9971 3213409832559421005816068355428625431
9972 3216311464280990430250036954101778681
9973 3219215449276399475943777219422280427
9974 3222121743783264689341707838219440493
9975 3225030385750076288864728826993718831
9976 3227941346770310535198719056930397169
9977 3230854660909216910191984129972441347
9978 3233770291231601465318973921521372645
9979 3236688282176908551362810980624588967
9980 3239608591926581803217096680516375289
9981 3242531262200018458956078238099984219
9982 3245456260414293007966398296006124829
9983 3248383619912885917846626312768119071
9984 3251313305355233668516970773642984593
9985 3254245363237085684342235572682227667
9986 3257179750514362542793252073090269365
9987 3260116505029410060674646339533446535
9988 3263055597866452961716116714613193609
9989 3265997064281810452291101324881042411
9990 3268940865925907156749018979206619677
9991 3271887048487964510947338271596930367
9992 3274835569377201029395420700277945409
9993 3277786470515040980814670743060848355
9994 3280739719809200540135316885595314837
9995 3283695349685741617514891548294194807
9996 3286653325266691863579599237430177305
9997 3289613693566742305624051487607270443
9998 3292576410695361164639075334182746733
9999 3295541515544940258060226084027929199
10000 3298508977876313717359856976077579473
