0 1
1 15
2 953
3 12435
4 88273
5 394691
6 1405325
7 4031123
8 10248133
9 23120727
10 48218513
11 93417543
12 172039681
13 299505299
14 503363697
15 813950491
16 1279144845
17 1950568311
18 2912136485
19 4244109647
20 6080556217
21 8545686087
22 11835454865
23 16140155643
24 21758092529
25 28919120739
26 38064737317
27 49545932471
28 63929168597
29 81673486671
30 103583359665
31 130232191959
32 162683447609
33 201702106491
34 248607776085
35 304425391507
36 370923259853
37 449097524679
38 541354005053
39 649182400903
40 775151724273
41 921154964047
42 1090609471577
43 1285484153091
44 1510220261429
45 1767093732971
46 2061147346909
47 2395578202535
48 2776566079653
49 3206855849535
50 3694258801361
51 4243064494603
52 4861271053825
53 5553657164467
54 6330919320445
55 7197389673571
56 8165870192397
57 9241669894199
58 10438558602361
59 11764215583935
60 13234848883833
61 14855773884243
62 16647717438329
63 18619484915323
64 20790890760549
65 23171568886627
66 25787440513989
67 28646452950663
68 31779340479273
69 35196014462879
70 38926911479369
71 42987748747451
72 47413567118273
73 52213527068163
74 57433644088477
75 63088371897335
76 69221357618925
77 75847781564775
78 83023264492633
79 90760066661463
80 99119105203081
81 108118264994675
82 117817680169145
83 128243823085595
84 139469794839277
85 151501705251143
86 164433653691029
87 178287316412599
88 193143544122169
89 209030274963255
90 226045538261577
91 244210347587443
92 263636891299725
93 284349221614851
94 306461810476893
95 330012226975663
96 355131705104445
97 381824631864791
98 410257732962425
99 440462803441211
100 472579187185537
101 506646323777139
102 542841429531485
103 581182001243459
104 621872852531933
105 664934615301735
106 710561484178949
107 758808665759799
108 809902689814257
109 863834524951019
110 920879916400009
111 981087212742083
112 1044676424124677
113 1111704564669427
114 1182464240272213
115 1256962520890079
116 1335539332825001
117 1418203451929591
118 1505285334960825
119 1596851603954507
120 1693243986882945
121 1794448201230251
122 1900897642912333
123 2012648332008211
124 2130069473531365
125 2253196624800111
126 2382512192818769
127 2517990409991055
128 2660158218574401
129 2809035871041707
130 2965077953409377
131 3128412610926387
132 3299559949648285
133 3478440491222791
134 3665762339179909
135 3861542004694239
136 4066340702385449
137 4280207259181159
138 4503851045923369
139 4737220940946235
140 4981094386002945
141 5235457842147283
142 5501018748392197
143 5777899089605983
144 6066898516265605
145 6367851342274783
146 6681786599610737
147 7008713737511079
148 7349456697269441
149 7704040107003619
150 8073489912786789
151 8457716398666083
152 8857807408927781
153 9273732347316951
154 9706526284750685
155 10156261057519967
156 10624151725926905
157 11109850788997163
158 11614897821594585
159 12139263631244171
160 12684024807797989
161 13249267668775651
162 13836359851711037
163 14445141037072743
164 15077258667515237
165 15732473651292887
166 16412301916651353
167 17116816002179531
168 17847663472188481
169 18604355295469203
170 19388922351381061
171 20201356869020883
172 21043164393646085
173 21914325947059943
174 22816909571296433
175 23750452432557151
176 24717225530965233
177 25716900062938483
178 26751514838413913
179 27821179221798419
180 28928041381631389
181 30071423642108867
182 31254113795934285
183 32475944391451847
184 33739070432332761
185 35043272326928095
186 36391388587413721
187 37782697171901179
188 39220395051642745
189 40703861624662771
190 42235762158644533
191 43816249934522287
192 45448151352608093
193 47130480412746239
194 48867061994475025
195 50657477514436079
196 52504640644958161
197 54408081565643563
198 56371683977864677
199 58394452453735059
200 60480269592784661
201 62628618378957215
202 64842793556278765
203 67122921764431903
204 69472987731849913
205 71891117283166455
206 74382722257098305
207 76946938923313987
208 79587607457596045
209 82304262015585123
210 85101505491999309
211 87978133387225975
212 90939416334899349
213 93984183402913055
214 97117224444549393
215 100338165243115683
216 103652170959536369
217 107056939291571707
218 110559121480153189
219 114157870156180211
220 117857823471172413
221 121658339081020391
222 125565544046415157
223 129577568835026775
224 133701264087871649
225 137934816819337779
226 142284323541169057
227 146749225771184851
228 151336459494172909
229 156042613256877947
230 160876287108982709
231 165836274886407391
232 170928220831955321
233 176151279175219511
234 181513439733287881
235 187011802140891779
236 192655485643146425
237 198441638779230403
238 204378321046603477
239 210464717845821235
240 216708809706357821
241 223106918810877767
242 229669381286982225
243 236394599799329455
244 243290455957625233
245 250354618459045915
246 257597666990877881
247 265015564911379707
248 272619728486835357
249 280406996683880871
250 288386295403875053
251 296557309537776735
252 304929972492082625
253 313498760306425647
254 322277722015852537
255 331263741492725619
256 340466570619947125
257 349883634587151755
258 359527933800252181
259 369394313754187063
260 379496423377762237
261 389830339549826519
262 400407609842950937
263 411226905051157079
264 422301313948971425
265 433623049540304643
266 445209626864387677
267 457056843610596675
268 469177216319530957
269 481567207619158479
270 494242063257348317
271 507196203721159647
272 520445661740040801
273 533985689879469755
274 547830563996391225
275 561977774500789035
276 576444082408617541
277 591219057669889683
278 606324960168386453
279 621756303270584903
280 637527108567558245
281 653633736089103423
282 670094449204721649
283 686901819786777619
284 704077372148786641
285 721612584260247363
286 739526257104622253
287 757814647004822435
288 776497264273318973
289 795563007732473087
290 815036081485296561
291 834912013788366495
292 855206988791785081
293 875915783006821099
294 897062737937950961
295 918635594082655035
296 940660973579492045
297 963129067692345471
298 986061942177981509
299 1009455491085807279
300 1033333166852407585
301 1057679976839626479
302 1082526882683174577
303 1107866412799074955
304 1133719508274920145
305 1160078715804420475
306 1186972187016098805
307 1214386622051180895
308 1242353933332912717
309 1270861154311458831
310 1299934360484098273
311 1329569520335704295
312 1359792955665974897
313 1390587828620450403
314 1421991569625115117
315 1453992593744921931
316 1486618102724876829
317 1519856534305755759
318 1553744290815194901
319 1588264124830946951
320 1623451519717816673
321 1659294532721933735
322 1695821341031803921
323 1733026601478750515
324 1770944969066780045
325 1809551700484828979
326 1848893637047310037
327 1888956851746633167
328 1929771698212110293
329 1971327777819412359
330 2013662464573268289
331 2056758242015130331
332 2100658120890902369
333 2145344466373248867
334 2190855033874623845
335 2237179431959594459
336 2284358963632390205
337 2332363993593655423
338 2381250070758158953
339 2431001170788552311
340 2481651838270348161
341 2533188896664194067
342 2585658945166677289
343 2639038269033716403
344 2693378916403545533
345 2748657905691192203
346 2804919923889939333
347 2862152783339239303
348 2920406508267277201
349 2979645839668661503
350 3039932651995639329
351 3101250034937105771
352 3163636476703051889
353 3227077280369004931
354 3291628119196835293
355 3357258253648532831
356 3424031559326865357
357 3491917961740688455
358 3560971265469743529
359 3631177624011379727
360 3702589876691492689
361 3775171586883773251
362 3848993052966844041
363 3924033299637872003
364 4000342595286452837
365 4077894922495423535
366 4156761254926402861
367 4236901711788516159
368 4318391116026243353
369 4401197297885901519
370 4485376411758134129
371 4570916715640293691
372 4657878795672980501
373 4746215938553889507
374 4836018074662585429
375 4927253390971623295
376 5019979522444128597
377 5114170133195471983
378 5209902802159405369
379 5307135434724089575
380 5405949581412166353
381 5506309868886182099
382 5608282970419554525
383 5711851188549468251
384 5817090194365595709
385 5923939895570423311
386 6032502508946405405
387 6142742233843541703
388 6254730716601834081
389 6368432703547113403
390 6483937644455050417
391 6601197327610243275
392 6720304119503197541
393 6841216672735299963
394 6964014326849782485
395 7088671054209513207
396 7215278153805845457
397 7343762594413425215
398 7474247249879331593
399 7606690356341317283
400 7741161225609574457
401 7877633072734757579
402 8016200339576279573
403 8156807867039163707
404 8299571688260854397
405 8444429607501037023
406 8591481366128814313
407 8740691540753440743
408 8892164982827297137
409 9045823131928617707
410 9201795179708454569
411 9360041655215364571
412 9520644908852051061
413 9683561541976084327
414 9848913315546187069
415 10016625968349360015
416 10186830565195914609
417 10359463893670670471
418 10534632489648316441
419 10712303157287519979
420 10892588904028218193
421 11075397501383639491
422 11260883655901225245
423 11448994001769635791
424 11639828254040349453
425 11833331684263463863
426 12029644571697189641
427 12228679608374279135
428 12430592206046088089
429 12635304354032788291
430 12842935503833191445
431 13053452954510102291
432 13266975744327987925
433 13483408015072456431
434 13702923311969340141
435 13925452321920353431
436 14151116120631174713
437 14379847123821447739
438 14611810536901842833
439 14846906892192091523
440 15085299690392589725
441 15326911854426992411
442 15571870169515551261
443 15820135790554235895
444 16071863378855123069
445 16326916533092155831
446 16585509994997130657
447 16847558319841526131
448 17113196061988997841
449 17382354011911945675
450 17655198936685346965
451 17931634763904301403
452 18211844148399816661
453 18495732740302387423
454 18783462077190675865
455 19074966832110482895
456 19370423502477693193
457 19669682471057671635
458 19972980749022364529
459 20280231714562381419
460 20591575529502919757
461 20906937504244238467
462 21226512406441343413
463 21550175019476196855
464 21878148463486646913
465 22210313832993977671
466 22546848427462704257
467 22887687516740551235
468 23233031752093438537
469 23582710814038348523
470 23936980420752569077
471 24295749772822027703
472 24659172122164624205
473 25027166197797270031
474 25399956643394898329
475 25777389160901601071
476 26159726698974511729
477 26546815307850882867
478 26938877184667123449
479 27335832261564154579
480 27737884806268874733
481 28144866844179340639
482 28557054683343164245
483 28974345041218972095
484 29396924654574288001
485 29824673111573947239
486 30257861481540896913
487 30696315484921104947
488 31140314820215703261
489 31589716624722785667
490 32044728830737685461
491 32505281105422702535
492 32971613010395305533
493 33443507501999464599
494 33921310973838365905
495 34404875018660606667
496 34894415681958517857
497 35389801801360831283
498 35891330886119686501
499 36398809934001680899
500 36912551477467608165
501 37432391396599524935
502 37958571132047739741
503 38491003850311137303
504 39029958986608840897
505 39575188245031402827
506 40127069739055614369
507 40685445715805419835
508 41250565209794584917
509 41822283352641761123
510 42400912301587680085
511 42986256290588616343
512 43578636207127188001
513 44177880941410991791
514 44784273474709444169
515 45397689063791949035
516 46018455386884182817
517 46646269081397019579
518 47281578883509796237
519 47924196402669322891
520 48574371253564880557
521 49231972538392276151
522 49897331317734261553
523 50570222859382571159
524 51251050451606744289
525 51939567946784448075
526 52636107263915923921
527 53340532079167505963
528 54053196669429401661
529 54773790556139791367
530 55502758607455737797
531 56239936192926550815
532 56985593553352473657
533 57739553246541205127
534 58502236632163525625
535 59273344924350405659
536 60053332293186373077
537 60841940160911699635
538 61639531656629213645
539 62445957657409178399
540 63261589237663403597
541 64086091819984826287
542 64919974451694964465
543 65763028588758563767
544 66615578528739038209
545 67477411453874077451
546 68348980658782764157
547 69229966043436822659
548 70120878315655492845
549 71021423666142611167
550 71931990355445608005
551 72852432896066931335
552 73783145714717649809
553 74723761868126842267
554 75674851631807583609
555 76636163029561218691
556 77608072372664579733
557 78590326344922209035
558 79583449677292344533
559 80587090697354328447
560 81601759784924409789
561 82627181670430800919
562 83663750632405145473
563 84711313948064073219
564 85770356591494700377
565 86840394499259137667
566 87922118185150944037
567 89015208455994171227
568 90120081773120115173
569 91236490213084573151
570 92364954780036909345
571 93505122408904546855
572 94657574906182677073
573 95821964194435253011
574 96998789114552824617
575 98187807447757768763
576 99389556951475474685
577 100603546287901768863
578 101830489564930276517
579 103070085667100696119
580 104322756539188759857
581 105588230274502796343
582 106867097661099901473
583 108158941399455034347
584 109464428825479706937
585 110783148983288634883
586 112115649845056288741
587 113461676206574956983
588 114821845050122404597
589 116195574214275163647
590 117583648769122227297
591 118985763663567675167
592 120402337970860573473
593 121833111113824949987
594 123278730309454055477
595 124738703196970279635
596 126213787821125365021
597 127703507749108439935
598 129208493928344942725
599 130728483631187489479
600 132264066653000698729
601 133814682680845360999
602 135381159140902860745
603 136963124232590362035
604 138561149311774879741
605 140174813087685582467
606 141804914358646417477
607 143450873529390424071
608 145113527942538791381
609 146792398425551251015
610 148488067337106121729
611 150200312443990448611
612 151929790580268913465
613 153675851152063523851
614 155439463005915043077
615 157220165314938947931
616 159018557439954427533
617 160834219333679555823
618 162667998529323180157
619 164519295662796107143
620 166388982788840687393
621 168276543245855262547
622 170182663852605676169
623 172107029848345008475
624 174050410121201500637
625 176012040964637259043
626 177993000225052449749
627 179992782927859919399
628 182012071895555038353
629 184050403329464354423
630 186108655475678941881
631 188186207132956070403
632 190283970153850637177
633 192401414049835284507
634 194539287865795714453
635 196697230753578398639
636 198876115448449513093
637 201075054676426544703
638 203295263705313185833
639 205536191942056304007
640 207798501960018961425
641 210081789461748157683
642 212386940297611420273
643 214713293194518811347
644 217061938370822788709
645 219432126966455952119
646 221824794952010937581
647 224239484942343334743
648 226677153024509633137
649 229136903548687625023
650 231619925157686601481
651 234125722015448353779
652 236655000978107647253
653 239207236684135952459
654 241783565537237339397
655 244383109602933126439
656 247007068578712146997
657 249654701248328054511
658 252326950090314621137
659 255023372962805099711
660 257744955412647003009
661 260490728826601442843
662 263262044949571875701
663 266058300970471930995
664 268880319159995615629
665 271727491084190989791
666 274600976552569064733
667 277499895784115535959
668 280425585982289072081
669 283377209023924862883
670 286355744979132141561
671 289360790199059126859
672 292393335704614547021
673 295452344639099964755
674 298539339807529136517
675 301653556008639187311
676 304795986845560983353
677 307965889467047385903
678 311164639958334547961
679 314391228755980361155
680 317646979187658434073
681 320931124869458715595
682 324244666783761667213
683 327587136424428730051
684 330959754608971665701
685 334361243079071408815
686 337793304433026207361
687 341255108252320001391
688 344747680456997380601
689 348270337098523674019
690 351824384479031896169
691 355408852119317537651
692 359025199265063448157
693 362672475548908740983
694 366351921557005486501
695 370062873665763027575
696 373806693134628423217
697 377582018759352518295
698 381390690491567924001
699 385231846646561003163
700 389106528409296110081
701 393013990483381116371
702 396955682664856347829
703 400930530663133158127
704 404940143361513612357
705 408983453886205435959
706 413061782222146485457
707 417174456944945155375
708 421322951180419051529
709 425505787059204283099
710 429724885677517259317
711 433979395484269568827
712 438270375987012284933
713 442597053697361891223
714 446961056698619895957
715 451361045232903380759
716 455798934522361215529
717 460273447842313128223
718 464786104805545206233
719 469336190849142385283
720 473925130150734746021
721 478551491192914416899
722 483217216794811039029
723 487921423256656085607
724 492665400971614299717
725 497448099508305731159
726 502271430537979116521
727 507133884018534139979
728 512037478292768251409
729 516980951343148707203
730 521965738432267924373
731 526991211763387865963
732 532058941889070401197
733 537167230397551505383
734 542318465182170241945
735 547511412050960994023
736 552747468567335414937
737 558025606886095874747
738 563347769856199691129
739 568712509422202338003
740 574121825970226317909
741 579574436109863558659
742 585071941216197895909
743 590613517605701079183
744 596200978602956693473
745 601832438533063934087
746 607510386465935055337
747 613233572067867996971
748 619003600836511781441
749 624819259611672279259
750 630682597344591788437
751 636592093937899688575
752 642549867430592962829
753 648554596977945481903
754 654608000626744265201
755 660709115796698792135
756 666859996702089294521
757 673058440290745936811
758 679307325694291596441
759 685605269337632132747
760 691953753807434321141
761 698351765038236481383
762 704801384509828943221
763 711300908958817357799
764 717852874384698452585
765 724455483561594026919
766 731110830603845417913
767 737817828812537688619
768 744578604559675351669
769 751391031674443797819
770 758257810084007148701
771 765177706321375751063
772 772152313832553919197
773 779180395914259926199
774 786264413298594847761
775 793402378386237720419
776 800596955371882305601
777 807846340560981417219
778 815152675052937377325
779 822514879344525942331
780 829935192148219246125
781 837411269147300968599
782 844946167265973294245
783 852538388439222884087
784 860189830147411043873
785 867898921726164311947
786 875668401464648982841
787 883496089991187790075
788 891385005635075883029
789 899333169984775505891
790 907342743228811960597
791 915412734611841487303
792 923545273604998884137
793 931738042011065374887
794 939994345461131214841
795 948312459968840469579
796 956694474673601404593
797 965138715331741978427
798 973648170841726856869
799 982220477852416585987
800 990858605753973826901
801 999560723421967315479
802 1008329022308147862705
803 1017162360739317918375
804 1026063464757538405217
805 1035029278707876986219
806 1044063659016585847185
807 1053164628131091198235
808 1062334449436992140789
809 1071571474096546036679
810 1080878521665640346429
811 1090253424258584270423
812 1099699281979770208769
813 1109213940578931088495
814 1118800093111535908849
815 1128456223090679240731
816 1138185204204785687441
817 1147984020381779763659
818 1157856576925073922781
819 1167800945921761265495
820 1177819319371877852141
821 1187909994844794190359
822 1198076170862060227225
823 1208315274232387626991
824 1218630879772453180817
825 1229020498628117765059
826 1239486963990903693277
827 1250028672214314125107
828 1260648849112704702037
829 1271344157997129720095
830 1282118718410242475165
831 1292970595350297859295
832 1303901974414776337425
833 1314911185273460570571
834 1326001582026697507233
835 1337170277012139811011
836 1348421296221912915661
837 1359751758769606390555
838 1371164957101953563133
839 1382659180294585394703
840 1394237464336536827509
841 1405896582623332192279
842 1417640775266384121033
843 1429467961922563242323
844 1441380877609657277225
845 1453377136531302558459
846 1465460748206027332237
847 1477628483617206643531
848 1489884422469497919813
849 1502225958371573542951
850 1514655990516650194289
851 1527173138048372058159
852 1539780639896428490737
853 1552474787992712985619
854 1565260554716732638521
855 1578135208720826317523
856 1591101753776919089093
857 1604157816859270998419
858 1617307534416113679277
859 1630547612731582993495
860 1643882348593384805633
861 1657308875191927852447
862 1670830390256661028241
863 1684445240940846862515
864 1698157078194789040761
865 1711961845857582154747
866 1725864705205307943749
867 1739862931434544005751
868 1753959783219873987925
869 1768152660702128474703
870 1782445802711094955097
871 1796835875590440370687
872 1811327296766958706065
873 1825917087762133962051
874 1840608882557197820973
875 1855400491752418197443
876 1870296110378729208173
877 1885291136530589808543
878 1900391430428663093717
879 1915594058692047246247
880 1930901971952015645849
881 1946312969125163314375
882 1961831190503686644921
883 1977453141519053446299
884 1993183889452981761533
885 2009019753871434450451
886 2024964880524053399677
887 2041016896184073362575
888 2057180252934276056509
889 2073450260449137530087
890 2089832501689136859145
891 2106324308040204315883
892 2122928957668639161569
893 2139643669322582959091
894 2156473541994249655677
895 2173414248081203174675
896 2190471265276000755109
897 2207640746898893767671
898 2224926996863200789621
899 2242327796222847956623
900 2259847384833074800185
901 2277481129009748328179
902 2295235054460531735953
903 2313106032642675285243
904 2331097704355368633773
905 2349207005280459163139
906 2367439281190040764405
907 2385790030390108607887
908 2404265273693872102977
909 2422860776296382745471
910 2441580995931022940681
911 2460423608720748782107
912 2479393094646834582289
913 2498484471376695430683
914 2517704425691995564085
915 2537049290821846083127
916 2556523281000587688293
917 2576122742097055907567
918 2595853656241431293169
919 2615711289272061579279
920 2635701355492646370617
921 2655820229532083548435
922 2676072016020731935625
923 2696454464681428645387
924 2716972882018039312709
925 2737620987941228869871
926 2758406441315014082613
927 2779325237488421417503
928 2800381646429800739153
929 2821572434095443697455
930 2842903042185277853673
931 2864368953289334244267
932 2885976368036953089925
933 2907720834531795932739
934 2929607681772724811789
935 2951633690097031005703
936 2973804442144615729349
937 2996113858344218295511
938 3018569612644451896417
939 3041167619359701722991
940 3063912364271317255617
941 3086800264408308396155
942 3109837447997543212501
943 3133018844165168964851
944 3156351287129815321357
945 3179829764211620060199
946 3203459732720290160573
947 3227237985326567141567
948 3251170773033474411529
949 3275251372385775223171
950 3299487772514444359945
951 3323876097000834715723
952 3348420463113342282741
953 3373117352285093052619
954 3397973449255135869573
955 3422982913238392298095
956 3448153428913251427917
957 3473479374561017979103
958 3498966942528831081585
959 3524612718326800215091
960 3550422494148216116161
961 3576389885178806775379
962 3602523044060376607597
963 3628817784690808810267
964 3655279241072375513997
965 3681902726343448778151
966 3708695900620468881945
967 3735652224792086701287
968 3762779813312646107593
969 3790073286655608282867
970 3817538143098571934481
971 3845171623804590540755
972 3872979721103484542173
973 3900955427261673533039
974 3929107873089523265549
975 3957431945183174973223
976 3985933202428226463073
977 4014607043687691159391
978 4043461221005039915337
979 4072489288055571657147
980 4101699327457766480193
981 4131085552732086155507
982 4160654400920628652021
983 4190402218481799691071
984 4220336124238726279789
985 4250447936823178317951
986 4280747699438449617801
987 4311229934310151424423
988 4341900628392661506345
989 4372754880421390957219
990 4403800528542091058837
991 4435031207627147755299
992 4466455013994449395885
993 4498066321080973276071
994 4529871750169715045917
995 4561867114895758046383
996 4594060334280824692233
997 4626442423141250404879
998 4659024393146515638721
999 4691800454389682193475
1000 4724776275561584896709
1001 4757947330490015243947
1002 4791321418586047160341
1003 4824891754738487823695
1004 4858668010024257430221
1005 4892642885851938046007
1006 4926824100122559830641
1007 4961207076309256326923
1008 4995799802688717253033
1009 5030593679017275896835
1010 5065598819849939971677
1011 5100810347185899074955
1012 5136234029976942106909
1013 5171864607704302693047
1014 5207711562836530629921
1015 5243766549606935699479
1016 5280039626228714647705
1017 5316523549533107213147
1018 5353226355137794309609
1019 5390143466918857205091
1020 5427283095547827212637
1021 5464635944052883846795
1022 5502213443234977946277
1023 5540009459925561932447
1024 5578030754750175505705
1025 5616271485702275977087
1026 5654741261552738695961
1027 5693431746603443737979
1028 5732353925997032499809
1029 5771499856999852301851
1030 5810877387888038583245
1031 5850482563806161381319
1032 5890323233599030950133
1033 5930390133492563792071
1034 5970695430686116071785
1035 6011232066137160411191
1036 6052007849713783966497
1037 6093015704759780062643
1038 6134266801667388931737
1039 6175752110775150328307
1040 6217482081063944899981
1041 6259449760642231122119
1042 6301662799499783763477
1043 6344116635071476118863
1044 6386820761790948594729
1045 6429763923816185708103
1046 6472959845885268946609
1047 6516400958174256608795
1048 6560095086755153930709
1049 6604035935807955712027
1050 6648233542565446251989
1051 6692679276762740332943
1052 6737384447527401484541
1053 6782340840922251335287
1054 6827557817432030668961
1055 6873029545762833541479
1056 6918766050251162471729
1057 6964755902729580796275
1058 7011013013467050937133
1059 7057530101458585999211
1060 7104314702902914130581
1061 7151360481429189080935
1062 7198678294545156753381
1063 7246258644930123041039
1064 7294113966535549611689
1065 7342234780419097056435
1066 7390631100727572115089
1067 7439296931937554784795
1068 7488243428590065716773
1069 7537458053972824680203
1070 7586955354603007044141
1071 7636727806178358241127
1072 7686782998290343311769
1073 7737114382147718840383
1074 7787733831855791213049
1075 7838630665527980761003
1076 7889818573807534118497
1077 7941287295527734845987
1078 7993047684324313138181
1079 8045093412221956477075
1080 8097434770877555648109
1081 8150060446657182554247
1082 8202984393285009848609
1083 8256199284359089211799
1084 8309714154047666000809
1085 8363520267198104179523
1086 8417631219117856569241
1087 8472035254243050480195
1088 8526746718873285081757
1089 8581755703949370110655
1090 8637072033773069878597
1091 8692690258207961594903
1092 8748621402813949998193
1093 8804852048859364770175
1094 8861399312517423800913
1095 8918253308478285103403
1096 8975423868887263361689
1097 9032902632844821079163
1098 9090703114927230755005
1099 9148813884423406227543
1100 9207248804654203686829
1101 9265997897071901412847
1102 9325071984667279979425
1103 9384464918835601088151
1104 9444188573316872018569
1105 9504228750218970601899
1106 9564602704275068063541
1107 9625300408795845346507
1108 9686332891514062707109
1109 9747690833114923323711
1110 9809388280722171746597
1111 9871413476414403280135
1112 9933780807558246909145
1113 9996479937591975893843
1114 10059522472945888459513
1115 10122900762421877569611
1116 10186628767200558275613
1117 10250690417940732219675
1118 10315104675449713312773
1119 10379861606538300767847
1120 10444970487815437837669
1121 10510423452328886324007
1122 10576234226214795429041
1123 10642390517913100684747
1124 10708909028898411413497
1125 10775776740978690423931
1126 10843007219882498177101
1127 10910592092211906721827
1128 10978545219044584529109
1129 11046851153064123539687
1130 11115528048291070708417
1131 11184566639911569464295
1132 11253976991092699797081
1133 11323749734742825688899
1134 11393900875200570634393
1135 11464415911475079327155
1136 11535312330256616221605
1137 11606577348001888223515
1138 11678224518295790370797
1139 11750246007312531569263
1140 11822655651712677966145
1141 11895437179399016945319
1142 11968610055503988622465
1143 12042163633574625451107
1144 12116109760760127838489
1145 12190437541335508607667
1146 12265163916606562153317
1147 12340273847865155423111
1148 12415786442663497924589
1149 12491687588679605207287
1150 12567990951407363450497
1151 12644689124417478922335
1152 12721795624988074344457
1153 12799294381341139796883
1154 12877205967505917931885
1155 12955518349479092133899
1156 13034244119620948589237
1157 13113371680810118354791
1158 13192919947494773199189
1159 13272872801403802987927
1160 13353248371537111546385
1161 13434034111875426009935
1162 13515243179258104530649
1163 13596867400186837180971
1164 13678923241623835155685
1165 13761390956922353246515
1166 13844293996673418388165
1167 13927619044225719841191
1168 14011379418691696430005
1169 14095564041715655908599
1170 14180189397822095471001
1171 14265241529198059422459
1172 14350739013124898818353
1173 14436667558746729047603
1174 14523043309903558460301
1175 14609855595361001907323
1176 14697121921993458468157
1177 14784821822380561585879
1178 14872979539622170651309
1179 14961581875543306335663
1180 15050642016459169356329
1181 15140148476723465079763
1182 15230119899357230484593
1183 15320539601481848790307
1184 15411428496449289014941
1185 15502770845666447398131
1186 15594582835997439877485
1187 15686854545034200969127
1188 15779604079756119678953
1189 15872810526434343822399
1190 15966497803246848359057
1191 16060653387866492174971
1192 16155289649106190569257
1193 16250395648028317800547
1194 16345991221692237525133
1195 16442057625112541604819
1196 16538618366315487048245
1197 16635655130679376603751
1198 16733186633278425012985
1199 16831201751194814908271
1200 16929718058538496215841
1201 17028715584924904177699
1202 17128218375980050227265
1203 17228213221800132322875
1204 17328715426009244454765
1205 17429709738554516910151
1206 17531218993608890184693
1207 17633223719362578911335
1208 17735746958284820082705
1209 17838772383463885665031
1210 17942316139535841897737
1211 18046368876722058318283
1212 18150948637417904116221
1213 18256033242626119926083
1214 18361650509523067490317
1215 18467784242831250699031
1216 18574450281794313745421
1217 18681634284323664621319
1218 18789359207164746777553
1219 18897604617933246488567
1220 19006394906191290300569
1221 19115712400372984499067
1222 19225575084807783719845
1223 19335972117113389745099
1224 19446923654088073321053
1225 19558405162549080710767
1226 19670445428407850816589
1227 19783027816688152206599
1228 19896170167283189453889
1229 20009857155688547749411
1230 20124111386633568258369
1231 20238913332213896947459
1232 20354286487495257997133
1233 20470213234529090406411
1234 20586713073831762069389
1235 20703773141812187934327
1236 20821415907710623529797
1237 20939614748026138112967
1238 21058401225153653012705
1239 21177757946027519658051
1240 21297700336782800913345
1241 21418215280067173403235
1242 21539325002724628665133
1243 21661009301274743754523
1244 21783295265584109424765
1245 21906160983806366309927
1246 22029628932584583052193
1247 22153684544966716637271
1248 22278351268882770035273
1249 22403603105741048509843
1250 22529469303215630527401
1251 22655934605466006817595
1252 22783015540160296222069
1253 22910695887086581765823
1254 23039002423446232338509
1255 23167910538688540550895
1256 23297449341521262061473
1257 23427597291650371835903
1258 23558376178211049617945
1259 23689773130833842023795
1260 23821810237247856909545
1261 23954460481490041782483
1262 24087756211972737148397
1263 24221679631155434081055
1264 24356249288219870321093
1265 24491447742724245341847
1266 24627302366200113768809
1267 24763787958615983966967
1268 24900935449037248469225
1269 25038721676887061362051
1270 25177169292003609763829
1271 25316265211501763069307
1272 25456031818602921736965
1273 25596441922031688709551
1274 25737529371188013233229
1275 25879273813832596850263
1276 26021696494220043248729
1277 26164777438608100739271
1278 26308546865008083802393
1279 26452979304984731188467
1280 26598103036629179363701
1281 26743898215012699503891
1282 26890385035511336380597
1283 27037550834322269989135
1284 27185422178418584724005
1285 27333966052121812934135
1286 27483220867213870459393
1287 27633163983815583255699
1288 27783817447754042464881
1289 27935162059427514929179
1290 28087225905783779718797
1291 28239984542823456014635
1292 28393469026238627157557
1293 28547655432636570165079
1294 28702569335830680143629
1295 28858193748389623701215
1296 29014555433549582164001
1297 29171622778910949926723
1298 29329433826882596036897
1299 29487967243984252999563
1300 29647243602724576853573
1301 29807244685401566835595
1302 29967999864956749822581
1303 30129481795288184643087
1304 30291724698237160843081
1305 30454701923910352682951
1306 30618440475906344888673
1307 30782922751155430141755
1308 30948179024032256102881
1309 31114174236131219930755
1310 31280946912409873328829
1311 31448476976156774381831
1312 31616783992182626752533
1313 31785849807054252482663
1314 31955705837802736088161
1315 32126322435748739120007
1316 32297735760180119485761
1317 32469917269948261306155
1318 32642896298145903501105
1319 32816655316718069946523
1320 32991221911257839995573
1321 33166563190676554393655
1322 33342718109807901421205
1323 33519664586566236241919
1324 33697427016538088347873
1325 33875980945598101044455
1326 34055363088229063267913
1327 34235540753638463237539
1328 34416552136449633505693
1329 34598369409070343362147
1330 34781018718759702430437
1331 34964484381294590594359
1332 35148795293310080491213
1333 35333915791186823135919
1334 35519890063393310497833
1335 35706691441067318069679
1336 35894345623129443046633
1337 36082829084396024924003
1338 36272177536802685813821
1339 36462359469806112824819
1340 36653412385812038989989
1341 36845308273890206031695
1342 37038075229194569619285
1343 37231695704289203970503
1344 37426201418042742510401
1345 37621552936382990020035
1346 37817796033541802521665
1347 38014904624701701387555
1348 38212905704379113288669
1349 38411774521285622245947
1350 38611547399983324858069
1351 38812192543990711474775
1352 39013746632590681173489
1353 39216182361788969398247
1354 39419529898178675762161
1355 39623768364709499117507
1356 39828933886669145183689
1357 40034982602276667840467
1358 40241965153617193534629
1359 40449852498187326446355
1360 40658670102755770779021
1361 40868396589552238111503
1362 41079066606541452445033
1363 41290647718084070497599
1364 41503183016249730401089
1365 41716637005036544077739
1366 41931044576245317259673
1367 42146383341873075553019
1368 42362689071075703348157
1369 42579921390505720318103
1370 42798125414718894413157
1371 43017276688420862372567
1372 43237401243865612175057
1373 43458472818490180268175
1374 43680534155291142326577
1375 43903545607044156925923
1376 44127552566048602949233
1377 44352520362351400457403
1378 44578484200141719521909
1379 44805422009735057288583
1380 45033369165738637503813
1381 45262282565490506813087
1382 45492213226573391078313
1383 45723132803526120359167
1384 45955069533076539655537
1385 46187995968137542038755
1386 46421954146350576591669
1387 46656904628381161999555
1388 46892895638745267161525
1389 47129891415433348938359
1390 47367925030728168534389
1391 47606977937692780380831
1392 47847083600261674357849
1393 48088199098744494529199
1394 48330377015184352026361
1395 48573585405996253390107
1396 48817857569772251614085
1397 49063161379239591857427
1398 49309544395834474176005
1399 49556965028029054028839
1400 49805469140942358462901
1401 50055022801775536121271
1402 50305660192699213620257
1403 50557359191585872844355
1404 50810160838538095973969
1405 51064014687880902090851
1406 51318978620777948639565
1407 51575018266720357461499
1408 51832166446911671009869
1409 52090394368831341970567
1410 52349744783786246740777
1411 52610179490805695648767
1412 52871745618338087768449
1413 53134406046673156212635
1414 53398200518600895930705
1415 53663100980521390987347
1416 53929150991090549119253
1417 54196298987332155870083
1418 54464605024671155738669
1419 54734035379367032037407
1420 55004621375559179139377
1421 55276333977422525232255
1422 55549218033045376955025
1423 55823232209977286281931
1424 56098428289407639058545
1425 56374765482438761823667
1426 56652283795582013026277
1427 56930956909205316417663
1428 57210830541283360393397
1429 57491849761674872601319
1430 57774075114520628437353
1431 58057473964183307207191
1432 58342076938185712483201
1433 58627854903385636986283
1434 58914857104644610950881
1435 59203035813992797158803
1436 59492448120433323465085
1437 59783048600239114742335
1438 60074883031282513331093
1439 60367923413192915270543
1440 60662210962044453936913
1441 60957696583403564554943
1442 61254437847898516765417
1443 61552401071205491939155
1444 61851624207297310710365
1445 62152069009816178352163
1446 62453791621645616262869
1447 62756741084056048104167
1448 63060975571518494318773
1449 63366452067106572314815
1450 63673209718367741493601
1451 63981225284114728144875
1452 64290543022035858212305
1453 64601106328274489064427
1454 64912983806204106347509
1455 65226133786584515975979
1456 65540594718911648610101
1457 65856330326441467736639
1458 66173395416435596396573
1459 66491741191348028894951
1460 66811424597149926663561
1461 67132402223883828109739
1462 67454717486522769708745
1463 67778342290860979160347
1464 68103324911452707227653
1465 68429604683498782104627
1466 68757251960451089434437
1467 69086225100422950708823
1468 69416566334097679047977
1469 69748236263933235336655
1470 70081290261047373797585
1471 70415679302996047634899
1472 70751459623016797717449
1473 71088589711472482000915
1474 71427113501992495957061
1475 71766999985409463820059
1476 72108302486994696007941
1477 72450955514758001389807
1478 72795033404571149970729
1479 73140494236449748550119
1480 73487375544903584812897
1481 73835643547465471382339
1482 74185352018585945009209
1483 74536449493928148488707
1484 74889002268194179283821
1485 75242954270114407598559
1486 75598360428902205661805
1487 75955184825208286233151
1488 76313482873248942855777
1489 76673190422032316496935
1490 77034378350172476139921
1491 77397007694441402717379
1492 77761116160207276850781
1493 78126666319742872375147
1494 78493720215556392522085
1495 78862219335986944452263
1496 79232230452884915772069
1497 79603701518052152327527
1498 79976684263583473326281
1499 80351145894634572620543
1500 80727139446449959084761
1501 81104600168849748107723
1502 81483603250604070439197
1503 81864104945637086344947
1504 82246149975272827031085
1505 82629693672704669354503
1506 83014800776728183389045
1507 83401410894440018423167
1508 83789597248672916643873
1509 84179304147074982515187
1510 84570583069527761198489
1511 84963402475790611622635
1512 85357814192065265039765
1513 85753752500884719534971
1514 86151296953366047009765
1515 86550399470963020836191
1516 86951108084968764738357
1517 87353375580262894312447
1518 87757272832979167481097
1519 88162736421690075868115
1520 88569833212172760987057
1521 88978514753681606143539
1522 89388829944874440206901
1523 89800746792937112754307
1524 90214325928570412071389
1525 90629489064523615535327
1526 91046326072496201848985
1527 91464782086637557768135
1528 91884907890739641872313
1529 92306659415173387395211
1530 92730099195513180564753
1531 93155170206132808740843
1532 93581943607659573692693
1533 94010361631055718876339
1534 94440483441792445335389
1535 94872268484918542609151
1536 95305780332370579533897
1537 95740942095228997066583
1538 96177841949065320378145
1539 96616428994370060062995
1540 97056750974015553758033
1541 97498761319063108693419
1542 97942530074816182531149
1543 98387993204729371738719
1544 98835227984358838233077
1545 99284173526918788914343
1546 99734888535217146049769
1547 100187332526736024106831
1548 100641573556868017535577
1549 101097530555106816399419
1550 101555291880786763385501
1551 102014810022075679942875
1552 102476128551103262792533
1553 102939204629390600532303
1554 103404110647679685378429
1555 103870774117320011109447
1556 104339281793575244073057
1557 104809563699691102727343
1558 105281688613100085801569
1559 105755613473219547900107
1560 106231400609376790464405
1561 106708974323625233947035
1562 107188421640003851487821
1563 107669691660293237570807
1564 108152840274383046856973
1565 108637810613636796739247
1566 109124683396081319570513
1567 109613385300447694954507
1568 110103999814589910864401
1569 110596463193593184192683
1570 111090834450303899863501
1571 111587078370651774675971
1572 112085259218030587049301
1573 112585293081033929642639
1574 113087281181856546991173
1575 113591160229535395724143
1576 114096987478401002430937
1577 114604708263986289277211
1578 115114405687788269428137
1579 115626004280804473672107
1580 116139589067331077285805
1581 116655095741441455237219
1582 117172586247793902959061
1583 117692019074907357489479
1584 118213465654452893789953
1585 118736836585228188128615
1586 119262233646056314144921
1587 119789596501517053667467
1588 120318985234897751113641
1589 120850342852749690475523
1590 121383750011613157687413
1591 121919132973184584067575
1592 122456577219949068699693
1593 122996016298759210837511
1594 123537519388823335196745
1595 124081036355101562492183
1596 124626647728369616710065
1597 125174253499452101046147
1598 125723966965408380737129
1599 126275723601777014728531
1600 126829578045841219115677
1601 127385480988609356744343
1602 127943508427277275211045
1603 128503588117831231838799
1604 129065812189890486804441
1605 129630102984862517927535
1606 130196537701905503915993
1607 130765064407127698221699
1608 131335763384792900031781
1609 131908539957038642948219
1610 132483496433433932124589
1611 133060574912688637786935
1612 133639833525297312258165
1613 134221213615713739687047
1614 134804808119124420009729
1615 135390527683281782860959
1616 135978473407213655045929
1617 136568566056732833156523
1618 137160880659934950988069
1619 137755369605069839188067
1620 138352110236385670351853
1621 138951006770906324662087
1622 139552168622399904958365
1623 140155532131146584820959
1624 140761160199183495503065
1625 141368988271811133449403
1626 141979111383863164715777
1627 142591440223833695070547
1628 143206080919173127558093
1629 143822950760749130472643
1630 144442125270252632862621
1631 145063557973987371935623
1632 145687322690908273915053
1633 146313324943365685256399
1634 146941680585079863208393
1635 147572317189776665645707
1636 148205305845324503248289
1637 148840575210905925779003
1638 149478228581600456140589
1639 150118172832474403567731
1640 150760506850122691630885
1641 151405157716611172347759
1642 152052197062018465042777
1643 152701576634067560490183
1644 153353386580511009356433
1645 154007509974748941052371
1646 154664075810210626283833
1647 155323007316506117427107
1648 155984375475124545200389
1649 156648117003538747765543
1650 157314321895864627155061
1651 157982905871361764154167
1652 158653971837395414894713
1653 159327435714094139742967
1654 160003383486708315807937
1655 160681755990161844243923
1656 161362643148172709495649
1657 162045933800364198017699
1658 162731755915424836739781
1659 163420034205324919681759
1660 164110836635648521394813
1661 164804097761763547661975
1662 165499917916208159092785
1663 166198202275751756349439
1664 166899063222977999591353
1665 167602409439717243394171
1666 168308329445788882398733
1667 169016759943995227412947
1668 169727802307840529153381
1669 170441337127996438532463
1670 171157493072244964677045
1671 171876199525902490798735
1672 172597520320794817557809
1673 173321390348538557029735
1674 174047913258360705866993
1675 174776988301975255672819
1676 175508735779413160531309
1677 176243058022474697504131
1678 176980050086536033793717
1679 177719651110640465422703
1680 178461950602181594377605
1681 179206836572213795918479
1682 179954436611582155262345
1683 180704676272814483163051
1684 181457634786285400473377
1685 182213228577901226650363
1686 182971577573914056042445
1687 183732569135892243949315
1688 184496328631917565636173
1689 185262761679180918413383
1690 186031952377525010077121
1691 186803850603801499291039
1692 187578545921543130357113
1693 188355919240644816514075
1694 189136113705459026299921
1695 189919037712334869776131
1696 190704774363632348731165
1697 191493246449282308543595
1698 192284568605166944414181
1699 193078634913163462737831
1700 193875565705350175881497
1701 194675265924468633624023
1702 195477826698953025369785
1703 196283186332159023904715
1704 197091450063477205396497
1705 197902485193535242651315
1706 198716440065078704196261
1707 199533224036591857529015
1708 200352926667761639026461
1709 201175461140354616379103
1710 202000944877917264236673
1711 202829273805171865470575
1712 203660564663337626738313
1713 204494727045641558109619
1714 205331855558587021506809
1715 206171880084256427743915
1716 207014913393511553628741
1717 207860813175669242474951
1718 208709741446461486276581
1719 209561603988265114726655
1720 210416478767817290030873
1721 211274293512683815565367
1722 212135159762813881563353
1723 212998966522287612318891
1724 213865853942856969925149
1725 214735705710421284589635
1726 215608631171508999590757
1727 216484557287955143682463
1728 217363595028863641217109
1729 218245611149666546677327
1730 219130748809439630939977
1731 220018928103080872129539
1732 220910229236738448633289
1733 221804569518873975789003
1734 222702079529575401523581
1735 223602632410825431825315
1736 224506368821029457177005
1737 225413175116287468053447
1738 226323162687123802832669
1739 227236257961595518081935
1740 228152574085695104865025
1741 229071970653838082528003
1742 229994605474292058952889
1743 230920386898927453664483
1744 231849401721130670143677
1745 232781559172126544084739
1746 233716993988446625125885
1747 234655578259207419848231
1748 235597462015121033579057
1749 236542526984505270287703
1750 237490879378510161107529
1751 238442451746685443078115
1752 239397352607832322828857
1753 240355443179505605553779
1754 241316888422485234603869
1755 242281583657955407647603
1756 243249631634964984105829
1757 244220928638140408858343
1758 245195618660239527859417
1759 246173573020294620575615
1760 247154930642655190249977
1761 248139587653297012783083
1762 249127642264609601626729
1763 250119027750852501271635
1764 251113867063096516143493
1765 252111998025209321523879
1766 253113603082494583504885
1767 254118570176137565751823
1768 255127001870782425618073
1769 256138805620071175863999
1770 257154111533364677823233
1771 258172795288588162726627
1772 259195003611980598942985
1773 260220615980186642022547
1774 261249757133181964697589
1775 262282337701808899911391
1776 263318489132380386201909
1777 264358049173525388182247
1778 265401199288154521294137
1779 266447833877978568998967
1780 267498046439508693957681
1781 268551745973099284895083
1782 269609070883130487109597
1783 270669888951763387159307
1784 271734356135280905854461
1785 272802345194238609416735
1786 273873974933560880466805
1787 274949163593591742760687
1788 276028050016232504295305
1789 277110463324186626084267
1790 278196587001629424140721
1791 279286316095703774104291
1792 280379744388678300390245
1793 281476775784136009247811
1794 282577560373710617257717
1795 283681951277626464295711
1796 284790121459343250039589
1797 285901927663790640608239
1798 287017508810309240487385
1799 288136773860187467688971
1800 289259845748156558029849
1801 290386573857105238406267
1802 291517131509781148772253
1803 292651416739344501322755
1804 293789537415729295127157
1805 294931376971305132084663
1806 296077101446054100628449
1807 297226552829081001848351
1808 298379905806010255260777
1809 299537029708956226858939
1810 300698039684861814288185
1811 301862863199106343706275
1812 303031630471747265972909
1813 304204167181773442208659
1814 305380677503115028745629
1815 306561033021773875144647
1816 307745349274087574912609
1817 308933513468051232913839
1818 310125689714723561118065
1819 311321725429059909194739
1820 312521790691734161428145
1821 313725749941733430980355
1822 314933731246139588131477
1823 316145650175187039882703
1824 317361649688948180695813
1825 318581544752923677072911
1826 319805542228226936021121
1827 321033513016028440581935
1828 322265580786250914291257
1829 323501626900089963263523
1830 324741814591893890065221
1831 325985995629601225907603
1832 327234335644572757895157
1833 328486703157880066932607
1834 329743232676666498101805
1835 331003821780349324040295
1836 332268630252465204239425
1837 333537461569064769558783
1838 334810534888324534066849
1839 336087721823106545195587
1840 337369129800997461622901
1841 338654657065431998136459
1842 339944457591863897778453
1843 341238377610809381515463
1844 342536611250634889608709
1845 343838994476653162764615
1846 345145680569541103585433
1847 346456564731254903973723
1848 347771804696136824924001
1849 349091205818223060470779
1850 350414977247857250826341
1851 351743003019966760017507
1852 353075392393823214698085
1853 354412030990715031413815
1854 355753097836968370224869
1855 357098416990835220262775
1856 358448181380830828970945
1857 359802236849121291533899
1858 361160733749913866086785
1859 362523572974160981837571
1860 363890907215558926558789
1861 365262541271227138892731
1862 366638694862599123823621
1863 368019233206368939062023
1864 369404287691717575929305
1865 370793723760079026482623
1866 372187730192160321524201
1867 373586127736932930074259
1868 374989126128708110029233
1869 376396557887206562988603
1870 377808569240852203273693
1871 379225068326335873441731
1872 380646201223942027458141
1873 382071780013989390791943
1874 383502027031810628566145
1875 384936800854425798274607
1876 386376239567993033042297
1877 387820196878478889981027
1878 389268881616186162658457
1879 390722105285228891002003
1880 392180063563208928879277
1881 393642608250288394216415
1882 395109878843793582804029
1883 396581777708177003086783
1884 398058477993510581311649
1885 399539751385002489635623
1886 401025853677752251084553
1887 402516629514368270311675
1888 404012213774287264255773
1889 405512483646863165194579
1890 407017610504398273377341
1891 408527429070601130879751
1892 410042137515996040757509
1893 411561573192597014981839
1894 413085901873443085875017
1895 414615003925408367228495
1896 416149058624492678521153
1897 417687839378947158807539
1898 419231596950596475773861
1899 420780181517667026626123
1900 422333730750384457158261
1901 423892108684068964765695
1902 425455511851319189184317
1903 427023750870103775687919
1904 428597046389627037167025
1905 430175214658029542516555
1906 431758428024418339809425
1907 433346565842122622238555
1908 434939819907022761315629
1909 436537957206727519382667
1910 438141224182764801105933
1911 439749481143592588531279
1912 441362849052754090348869
1913 442981204060629599777543
1914 444604748776881537996177
1915 446233278891370894590763
1916 447867030641381691578385
1917 449505807955542792854267
1918 451149796901408750256237
1919 452798873967587903204955
1920 454453212469097633630365
1921 456112595751800983856543
1922 457777270689476337204273
1923 459447088894513839661287
1924 461122201808035059820401
1925 462802445660430082168947
1926 464488045835375817571161
1927 466178789176756506218579
1928 467874914603355843113909
1929 469576238715438703258455
1930 471282922789374256170333
1931 472994862899368150856175
1932 474712238337626079147929
1933 476434806810276635629271
1934 478162849436302414752289
1935 479896190506104408669787
1936 481634985524660996073409
1937 483379079246649675618195
1938 485128696916438232040077
1939 486883628139603385365439
1940 488644101386323687319869
1941 490409937557743752598039
1942 492181308593375962244249
1943 493958095365335214559119
1944 495740494106753894577081
1945 497528249969899116219987
1946 499321645701001420204237
1947 501120501452150996401875
1948 502924990881101803377933
1949 504734948364086509774183
1950 506550596832517780422269
1951 508371730267415229863807
1952 510198577541684537000073
1953 512030953570700099241783
1954 513869041463288066036929
1955 515712706065906339359747
1956 517562163470905380408877
1957 519417139509229416274619
1958 521277940310187182960933
1959 523144383432443252416199
1960 525016615595063428938749
1961 526894496911097478527279
1962 528778234080661151316505
1963 530667625718618903626467
1964 532562926963803743485857
1965 534463915795747251617283
1966 536370802663866015408517
1967 538283439839901653021827
1968 540202042373780960492301
1969 542126349049171874100895
1970 544056638988019358431249
1971 545992752552129561023119
1972 547934843120536293165513
1973 549882744525705351937099
1974 551836711653044322986217
1975 553796489709896666396963
1976 555762354628287928625541
1977 557734091042187905313451
1978 559711900084417236660893
1979 561695645829021941947679
1980 563685538336327091259105
1981 565681308410883584147703
1982 567683250293147140302305
1983 569691191083571185949363
1984 571705296560867804023081
1985 573725394616218411948083
1986 575751733409478588404053
1987 577784068210287418068503
1988 579822684365450273353933
1989 581867347961791869918575
1990 583918267729417747020153
1991 585975311936190773153655
1992 588038679925326989637201
1993 590108109679469734725115
1994 592183913687475815728185
1995 594265888698348190917331
1996 596354223006654414196997
1997 598448722676046627571967
1998 600549661619214374230141
1999 602656793265943183240087
2000 604770372698313409449105
2001 606890203640944743180823
2002 609016470649040260045625
2003 611149040819551889448419
2004 613288153064786424248565
2005 615433493402493156329403
2006 617585406496871424745845
2007 619743679887879230793863
2008 621908503951529533211037
2009 624079695841520198677327
2010 626257500760687675995857
2011 628441684828554602053743
2012 630632526722770023500169
2013 632829797935303478498347
2014 635033721338072886468125
2015 637244133104662635440907
2016 639461274284628455319965
2017 641684839006726449580071
2018 643915166325653249807989
2019 646152057122090143492351
2020 648395685634672042858505
2021 650645878690651767200859
2022 652902894678406688092521
2023 655166479050540172471395
2024 657436925124971724953365
2025 659713984585973887373179
2026 661997894075192506067213
2027 664288486063881121866647
2028 666586019695944650707545
2029 668890177070523661614095
2030 671201293543107920524073
2031 673519173169410652201931
2032 675843987928341128934545
2033 678175563184790546275579
2034 680514171227249881090069
2035 682859537869896821593459
2036 685211979033857944901245
2037 687571228864563266239631
2038 689937537310075963066705
2039 692310739250417035880895
2040 694691070315019093022745
2041 697078232455260159525115
2042 699472557332661758731753
2043 701873843320731727635603
2044 704282294942244142809109
2045 706697687029101384257135
2046 709120331669566496001021
2047 711549932247705935016647
2048 713986812993925572505441
2049 716430727702438404339399
2050 718881887519486246643929
2051 721340155925596871214275
2052 723805764240997335169297
2053 726278395226369759167643
2054 728758426090724617766149
2055 731245615473716562373727
2056 733740174569870347135789
2057 736241889969280177293287
2058 738751068301328574098041
2059 741267415109050710795351
2060 743791251771524874465089
2061 746322324262026324993827
2062 748860869455176602858109
2063 751406722732862045076099
2064 753960148042537421930637
2065 756520803649554792570295
2066 759089060755606639202837
2067 761664689235081668069343
2068 764247913955250205653265
2069 766838513351936570874571
2070 769436780400054052449713
2071 772042445592594036421411
2072 774655805521405843105181
2073 777276616740096869529811
2074 779905125645908664245493
2075 782541147899294323062279
2076 785184976540307857774989
2077 787836234287798580466207
2078 790495337106430602563465
2079 793162033334971516958563
2080 795836521567761349850585
2081 798518611727738403046851
2082 801208591096287308225149
2083 803906171402072748040115
2084 806611708695619625187501
2085 809324895457386310518847
2086 812046013184730602600681
2087 814774862397023870720639
2088 817511731600466233288353
2089 820256273980224814328691
2090 823008855112537765967929
2091 825769266181715513902187
2092 828537706542996053040709
2093 831313958207735924559555
2094 834098350870782575453597
2095 836890557028718143352759
2096 839690936415078686144769
2097 842499197673684233471743
2098 845315615618395376919705
2099 848140001733203594541635
2100 850972637914336903127825
2101 853813156456910443464363
2102 856661965436380037261061
2103 859518819481403384116695
2104 862383948014514743530477
2105 865257109129817699203911
2106 868138640371583568896001
2107 871028213096013757697399
2108 873926199857925532407849
2109 876832302051317989488299
2110 879746783701537667841169
2111 882669478525202870613691
2112 885600647460113553662709
2113 888539937746096057363103
2114 891487762254675376762989
2115 894443849785783775028239
2116 897408454836526347816489
2117 900381317163588904964647
2118 903362802794866448373281
2119 906352570948611599996251
2120 909350977216678557941317
2121 912357745805318041935811
2122 915373124834567387188013
2123 918396939738917299075879
2124 921429502584915590190717
2125 924470398808154228235055
2126 927520084005159408899041
2127 930578271928003247821171
2128 933645216228983571798617
2129 936720671029906862481731
2130 939804967341324001762517
2131 942897792310922084183331
2132 945999507288341868587765
2133 949109810339828596386735
2134 952229006287372343221429
2135 955356860739209827432215
2136 958493702485508446335321
2137 961639120753598025614643
2138 964793571888863770184145
2139 967956785886704893408731
2140 971128994165773621193813
2141 974309958955024644674059
2142 977500023596704004233349
2143 980698852158690048977007
2144 983906831074816791506473
2145 987123639476172801665031
2146 990349574922683807164465
2147 993584424724216835348299
2148 996828531441279482551241
2149 1000081462532093798808883
2150 1003343668996224821017957
2151 1006614889333881483925195
2152 1009895350556317058347517
2153 1013184820638827940623887
2154 1016483658939010777299265
2155 1019791495373950609257519
2156 1023108760161547298376457
2157 1026435083734211174627219
2158 1029770807053536727998553
2159 1033115711144439964756899
2160 1036470095487923573347173
2161 1039833578018715244113855
2162 1043206587972454645611477
2163 1046588857988970884879015
2164 1049980658992866707369729
2165 1053381693424183489032071
2166 1056792376710185446417225
2167 1060212311291235309729859
2168 1063641924172795077097149
2169 1067080883015141951979443
2170 1070529477325615390564253
2171 1073987505665886348694951
2172 1077455300500795203630989
2173 1080932424189238750868583
2174 1084419375493338540326585
2175 1087915842080313988274575
2176 1091422091319100833433393
2177 1094937848467357650760907
2178 1098463502608736101716069
2179 1101998683649140620344955
2180 1105543801973468357935269
2181 1109098529122629120551823
2182 1112663168629917715109989
2183 1116237508249878921525135
2184 1119821896353456012812801
2185 1123415863325798493241307
2186 1127019924593591025046897
2187 1130633754192026055926403
2188 1134257660827996258590373
2189 1137891341498483691057851
2190 1141535193217093303671325
2191 1145188842227522445013239
2192 1148852691617737802894189
2193 1152526417166234995038047
2194 1156210344196376143712569
2195 1159904227288067367713243
2196 1163608439765612485691545
2197 1167322500776460769192923
2198 1171046943165908127586157
2199 1174781440535645201950667
2200 1178526253960918613843061
2201 1182281135004854175812959
2202 1186046455868339595558209
2203 1189821838928672829638807
2204 1193607746894745273443521
2205 1197403774753875742032995
2206 1201210291707073232916801
2207 1205027033210888406465971
2208 1208854390737399130129821
2209 1212691887251462419231027
2210 1216540018311885603064965
2211 1220398499928902491697631
2212 1224267594609066363377049
2213 1228147005025016442459135
2214 1232037178576844697741985
2215 1235937676744453616192219
2216 1239848973519911021433441
2217 1243770681385328304806187
2218 1247703160355897848728101
2219 1251646168030314292044463
2220 1255600060611304070947661
2221 1259564371631599423290935
2222 1263539621320424900571825
2223 1267525491197624890466719
2224 1271522280286967763324313
2225 1275529670685132637612587
2226 1279548100534478497956957
2227 1283577136755660709188131
2228 1287617278363849493811525
2229 1291668123563793201727471
2230 1295730022228182592335485
2231 1299802746552278534781103
2232 1303886645137746420888585
2233 1307981248703656518289207
2234 1312087096153663141720921
2235 1316203835198793716792787
2236 1320331804043862879582541
2237 1324470651027781878951915
2238 1328620863852732686865941
2239 1332781983089627846403263
2240 1336954475941341998623525
2241 1341137977521176135005783
2242 1345332821252622093328417
2243 1349538771223279801267923
2244 1353756240039378895371529
2245 1357984672687246277661795
2246 1362224677432729892749845
2247 1366475873765313941517907
2248 1370738580190133597850685
2249 1375012492905117050240095
2250 1379298031782922477722741
2251 1383594790671910811527855
2252 1387903241084805337826369
2253 1392222984416028522324947
2254 1396554414258446392652089
2255 1400897230840543321338555
2256 1405251860559143660874493
2257 1409617765192842820417179
2258 1413995540083981315374045
2259 1418384821534278560709263
2260 1422785927167393341504337
2261 1427198529649716928394991
2262 1431623083257718217212249
2263 1436059147681848425629995
2264 1440507234247866507215041
2265 1444966912800425547744699
2266 1449438577784031349117741
2267 1453921939234161981867911
2268 1458417445048997989260621
2269 1462924534481976821485055
2270 1467443790284492266914073
2271 1471974881585780272181287
2272 1476518088953707433691017
2273 1481073114974810548363435
2274 1485640432687223812676289
2275 1490219547340767907416883
2276 1494811017390573016168789
2277 1499414366982248654684767
2278 1504030043912727450375285
2279 1508657748355430753109919
2280 1513297886964597833363713
2281 1517949936869193781781103
2282 1522614476322920821339089
2283 1527291143907122175557027
2284 1531980298991108895744709
2285 1536681551616126871469939
2286 1541395431337681961846133
2287 1546121431564924531773687
2288 1550860100799651814989789
2289 1555611007630678940859367
2290 1560374514205349182579745
2291 1565150381817791559321183
2292 1569939027630481032614289
2293 1574739883998853341773035
2294 1579553600990139017219437
2295 1584379752614078487222539
2296 1589218711506838363939077
2297 1594070090542444573596623
2298 1598934424671178652400421
2299 1603811212726071021212639
2300 1608700996299246390812561
2301 1613603339567542266797507
2302 1618518641569149379704881
2303 1623446618796661834671851
2304 1628387714232825608594677
2305 1633341341955681936017419
2306 1638308145637121148235773
2307 1643287725005453653044023
2308 1648280454188370803072953
2309 1653285955686699412189631
2310 1658304738476134659378241
2311 1663336304629804400445035
2312 1668381196025247873451993
2313 1673438977035465264677555
2314 1678510071188651838147093
2315 1683594157179228055084483
2316 1688691733550011815037029
2317 1693802144362379087218743
2318 1698926104338823468925953
2319 1704063181780141157135079
2320 1709213720354160941076985
2321 1714377388970800207124035
2322 1719554664959633555157865
2323 1724745064153899783104403
2324 1729949178508973491463765
2325 1735166479264104338505879
2326 1740397458506840496247341
2327 1745641767708244098334511
2328 1750899904830870244924377
2329 1756171258098811912466455
2330 1761456463226345316981393
2331 1766755148340720764239915
2332 1772067652908315946541609
2333 1777393596090560233525459
2334 1782733555588969682507061
2335 1788086961421197507191815
2336 1793454421532349055243261
2337 1798835439299260373705039
2338 1804230476485265599638913
2339 1809639202549707675689415
2340 1815062099231897316274073
2341 1820498551964219667086139
2342 1825949235910552140723237
2343 1831413735165632914661099
2344 1836892438130738113547205
2345 1842384923226879276204983
2346 1847891769575279957100077
2347 1853412400774267826366087
2348 1858947479187189691294593
2349 1864496466697271204869495
2350 1870059819270615448431521
2351 1875637244896182231138555
2352 1881229185084751806109413
2353 1886835027532368599923595
2354 1892455489837658545587733
2355 1898090105230395081497495
2356 1903739296042348771251661
2357 1909402622913814471636959
2358 1915080695894363210662713
2359 1920772943628275105357259
2360 1926479944150618837740009
2361 1932201240422818740170523
2362 1937937263602992190070133
2363 1943687699041099904674987
2364 1949453090585655683144461
2365 1955232707142714972557279
2366 1961027330294273242893945
2367 1966836459343831018411983
2368 1972660535503523323274921
2369 1978499137685373897890491
2370 1984352822131042703464249
2371 1990221050491824732833763
2372 1996104441458773628856133
2373 2002002475012938370350603
2374 2007915648269668786782997
2375 2013843584722723083732671
2376 2019786829798895012396049
2377 2025744690892613657713703
2378 2031717922643574309495545
2379 2037706067466541276967043
2380 2043709519137535639690321
2381 2049727867351615884370539
2382 2055761695844364262218781
2383 2061810428313475995723143
2384 2067874729359545290388957
2385 2073954032405179728031127
2386 2080048857035107311059305
2387 2086158816139207734750839
2388 2092284492938145459866289
2389 2098425152539090305357699
2390 2104581572772303652534361
2391 2110753298143025068651147
2392 2116940703490030003263317
2393 2123143391892461301439023
2394 2129361968570733346115613
2395 2135595803752722353658999
2396 2141845612522859160246033
2397 2148110792253907586625511
2398 2154391900055259980814153
2399 2160688560871968126790595
2400 2167001289768781883281853
2401 2173329419047898977430819
2402 2179673670637870661554813
2403 2186033604748461604967471
2404 2192409669383511354677765
2405 2198801357263366559771143
2406 2205209367142642459410993
2407 2211633019206356134148283
2408 2218073038818604076320289
2409 2224528851361643512338059
2410 2231000940590885070346565
2411 2237488987156159327318059
2412 2243993522060798779886149
2413 2250513818582979625973575
2414 2257050712603998242946173
2415 2263603654906834941041311
2416 2270173104899828548878633
2417 2276758595418718150452587
2418 2283360793888999802544217
2419 2289979062501042420853571
2420 2296614090514574801697533
2421 2303265301837614905860843
2422 2309933232229811848224653
2423 2316617491329746809036207
2424 2323318672695084982647785
2425 2330036003750085149069879
2426 2336770327084200174770777
2427 2343521104079916325026323
2428 2350288839529264739695913
2429 2357073022953728686139627
2430 2363874301119062482862485
2431 2370692066285836650601331
2432 2377526983158672155875069
2433 2384378511236441280232495
2434 2391247177970570570294593
2435 2398132572760995014740999
2436 2405035338842902703428001
2437 2411954622103120696537707
2438 2418891345674281868245921
2439 2425844957981025242025107
2440 2432815890584942776593845
2441 2439803714532065763055647
2442 2446809059958468185663813
2443 2453831272156565075927039
2444 2460871130407785319394505
2445 2467927962694872716823079
2446 2475002377440517991579409
2447 2482093943378685203290563
2448 2489203280862678871760769
2449 2496329614019611202185027
2450 2503473750982139044621629
2451 2510635207091980592987375
2452 2517814431518093028015525
2453 2525010934689108339957007
2454 2532225450125675090179113
2455 2539457236638791640902479
2456 2546707088891531356304481
2457 2553974341772330337257427
2458 2561259603605546586126157
2459 2568562452256736058061915
2460 2575883502691892377251285
2461 2583221960017293751604055
2462 2590578690212358119859885
2463 2597953161284568504384071
2464 2605345860395385330041449
2465 2612756246228542227115331
2466 2620185057295816112643145
2467 2627631574536458287419051
2468 2635096613699827286302485
2469 2642579506104553185877803
2470 2650080830505426888155829
2471 2657600199355922945290367
2472 2665138189906626805308133
2473 2672694009122963203279447
2474 2680268582137379897958401
2475 2687861296314978996319739
2476 2695472709647580482194633
2477 2703102228182550362782779
2478 2710750662064387763775357
2479 2718417242836699982496419
2480 2726102745362886054781965
2481 2733806576885551351175039
2482 2741529263482721059036361
2483 2749270429308755687648503
2484 2757030734329227220637697
2485 2764809273448195763681867
2486 2772607017104242060566113
2487 2780423351885370451711475
2488 2788258820972901203086717
2489 2796112900006502784065083
2490 2803986283586842896692269
2491 2811878290441341071602799
2492 2819789703030598730955649
2493 2827719835250751121224399
2494 2835669362281895353173353
2495 2843637773493454195975707
2496 2851625776888524734831457
2497 2859632473601372296272043
2498 2867658844029793016028125
2499 2875704282253174274766919
2500 2883769294980323680051925
2501 2891853356013394086661943
2502 2899957219313879173868833
2503 2908080140664177665286159
2504 2916222958313050873372945
2505 2924384961501177090896731
2506 2932566791049974317337957
2507 2940767967370176344773755
2508 2948989236607359733470373
2509 2957229656069965946862759
2510 2965490201469962176520853
2511 2973770302114123217532591
2512 2982070431955153541939673
2513 2990390082353324667230615
2514 2998730021540397566375265
2515 3007089442457981595457243
2516 3015469275662404691444549
2517 3023868732371867114715987
2518 3032288530548870353551013
2519 3040728174231785882090023
2520 3049188325656851911984893
2521 3057668119552434737489519
2522 3066168500897955698601289
2523 3074688888768535402431203
2524 3083229863225389877283273
2525 3091790772817990704826083
2526 3100372498688830922880573
2527 3108974184053207019236043
2528 3117596726092958909937109
2529 3126239417293195897532223
2530 3134902867847274690951885
2531 3143586665677278158324191
2532 3152291478756614820962081
2533 3161016389140369602621699
2534 3169762448991271624218025
2535 3178528961921904370429467
2536 3187316521573671891915013
2537 3196124518161426349525075
2538 3204953799480391047602829
2539 3213803555812868149143503
2540 3222674660215300352517297
2541 3231566389872054660565415
2542 3240479388485568103272177
2543 3249413196677453687720235
2544 3258368568117308395406585
2545 3267344489504110553219659
2546 3276342054656990013752085
2547 3285360554988917977932423
2548 3294400638400455413773869
2549 3303461646589086864791695
2550 3312544427512157527265081
2551 3321648179357384087131687
2552 3330773771734908916924161
2553 3339920485549965750288587
2554 3349089012746660130238745
2555 3358278818005371065805187
2556 3367490690833977259173693
2557 3376723597619402453468039
2558 3385978674201867379760405
2559 3395255231451840175314143
2560 3404553805512996513026793
2561 3413873859313823130790071
2562 3423216179623552833599265
2563 3432579940501317631821899
2564 3441966127316017106715693
2565 3451373880291432897761267
2566 3460803985968967753716797
2567 3470255869900837884316655
2568 3479730348833342396082509
2569 3489226404021189844146031
2570 3498745070838904931336849
2571 3508285749797584946004287
2572 3517848993080341985369681
2573 3527434181954318801077387
2574 3537042229141807623043645
2575 3546672214093154954513763
2576 3556325116960663719220165
2577 3566000110541589306203663
2578 3575697959699402796126661
2579 3585418140010183904571175
2580 3595161422386168737734777
2581 3604926780096773211851699
2582 3614715337062037245486937
2583 3624526383032051034943587
2584 3634360551749081098925645
2585 3644217158325758302691923
2586 3654097144452642710735845
2587 3663999569379815234579719
2588 3673925501228686059671837
2589 3683874063375293119444039
2590 3693845991301345125835537
2591 3703840787509714006904139
2592 3713859176597865243028177
2593 3723900194975498349594259
2594 3733964950550986421811605
2595 3744052713652648211277891
2596 3754164163105473198656837
2597 3764298553644149538902951
2598 3774456901159689437008977
2599 3784638246219339390007439
2600 3794843552715542792024761
2601 3805072073613974053680139
2602 3815324485240550595217849
2603 3825600269710297744345547
2604 3835900313517083262250837
2605 3846223407079949513795935
2606 3856570843323265143325853
2607 3866941815268271048857503
2608 3877336994353920450930777
2609 3887755730797662425703567
2610 3898198888745021996523065
2611 3908665614868072991466491
2612 3919156879266584265426481
2613 3929671839614192506420979
2614 3940211324386945798123893
2615 3950774717246734774766071
2616 3961362881257934711626693
2617 3971974687170298321671191
2618 3982611367668814584004033
2619 3993272140137843271004511
2620 4003957676636161163020129
2621 4014667295863626938396371
2622 4025401938178575378809709
2623 4036160669568632885783715
2624 4046944560536349610613925
2625 4057752680982379051994255
2626 4068585856226376669141885
2627 4079443477938212503680159
2628 4090326479540304163475489
2629 4101233684202365114989479
2630 4112166305034325662590761
2631 4123123620857292791415691
2632 4134106236959615687219093
2633 4145113485180793000841059
2634 4156146374337322764481197
2635 4167203862901444466131215
2636 4178287108738218201869589
2637 4189395131525528926666943
2638 4200528822154101611476393
2639 4211687563909116851781907
2640 4222872177012112813786121
2641 4234081584140949152969443
2642 4245316966628903259669269
2643 4256577610548628981809307
2644 4267864206405931551673957
2645 4279175960679077126395143
2646 4290513955997194537675489
2647 4301877112955080876790439
2648 4313266588475782428447977
2649 4324681469020923313805419
2650 4336122527020424641509009
2651 4347589234890105615609843
2652 4359082450171316963699733
2653 4370600983727121349438403
2654 4382146173246760851753525
2655 4393717129412459288968015
2656 4405314627042789410025745
2657 4416937869302338367774871
2658 4428587937076539291161897
2659 4440263792213761784233691
2660 4451966541534497639279145
2661 4463695261044298500989763
2662 4475450786205829458221925
2663 4487232522868858340577871
2664 4499041386479804909037045
2665 4510876151496073541154951
2666 4522738147402848967317793
2667 4534626515721306388402607
2668 4546542030586576356923105
2669 4558483900414621764492179
2670 4570453183611849965416401
2671 4582448859817599493875435
2672 4594472012282407422389869
2673 4606521742881873892101911
2674 4618598918427289317927277
2675 4630702837008288482850191
2676 4642834547498971470901905
2677 4654992695587231037886783
2678 4667178745219855761966897
2679 4679391805226601477455107
2680 4691632557599954202241357
2681 4703900312321468835898563
2682 4716196038392273904644221
2683 4728518743065444321248351
2684 4740869638970864798946637
2685 4753247648516301300669967
2686 4765653739238946304267553
2687 4778087215233990078814247
2688 4790549068444540008580841
2689 4803038037861262109327819
2690 4815555419141523385623717
2691 4828100444917727078711307
2692 4840673826337709351901957
2693 4853274757411311632362519
2694 4865904421447572209471093
2695 4878561616520685586886799
2696 4891247596886754545807897
2697 4903961321690464777507843
2698 4916703751127870431530033
2699 4929474210387346865613267
2700 4942273666272952793158421
2701 4955100841523860174377955
2702 4967957112059063768671325
2703 4980841611959816449160943
2704 4993755121106779614309913
2705 5006696807397972682335831
2706 5019667823498269005975681
2707 5032666991294096979391339
2708 5045695644700898117607393
2709 5058752676800049805577443
2710 5071839004443763858776349
2711 5084954022593054166254507
2712 5098098648610781324368333
2713 5111271621110147782806167
2714 5124474386212446200509217
2715 5137705983387063327462335
2716 5150967275512794471724585
2717 5164257316166554997620875
2718 5177577375706269956185089
2719 5190926275067960091379691
2720 5204305191964867972476429
2721 5217713202333055260737039
2722 5231151143903563433861445
2723 5244618383444915046249063
2724 5258115982130972775864281
2725 5271642485461580125167327
2726 5285199473716956200876689
2727 5298785929297930796459827
2728 5312402722293076448111393
2729 5326048988480107037654523
2730 5339725845824245411563221
2731 5353432189239622551509047
2732 5367169269436316393120685
2733 5380936025067893719003407
2734 5394733476141391645110913
2735 5408560835804299200282215
2736 5422419203201457477331105
2737 5436307153776081881014651
2738 5450226210500160545511157
2739 5464175435591903311461123
2740 5478155627939605754858525
2741 5492165958846549128555711
2742 5506207603062538925504309
2743 5520279360924478528060551
2744 5534382588526058136053425
2745 5548516098305796486143619
2746 5562680944860708976469865
2747 5576876366729736312958467
2748 5591103520993361107782309
2749 5605360928120398874056467
2750 5619650111216935155578517
2751 5633970170168222424746071
2752 5648321821288375407210741
2753 5662704282613693878885527
2754 5677118759421100147906465
2755 5691564004091848053345899
2756 5706041412673989170851169
2757 5720549766815999525541403
2758 5735090199573166459146013
2759 5749661901658874365975955
2760 5764265942204827041991301
2761 5778900943796665214108167
2762 5793568390025375357515433
2763 5808267352658336828284207
2764 5822998754750205513308673
2765 5837761536330181468976243
2766 5852557076389321599963177
2767 5867384034965998490177419
2768 5882243845344273021492941
2769 5897135383604777054804355
2770 5912059571262947988662581
2771 5927015778376438543880007
2772 5942005039413202074194497
2773 5957025886450381236468503
2774 5972079988778174270385425
2775 5987166256572439716424987
2776 6002285604248595950004065
2777 6017437082757615110943115
2778 6032622026279297290730293
2779 6047839106595253420383015
2780 6063089728767990953415613
2781 6078372723110007400579719
2782 6093689152881538619243409
2783 6109038254223973908747015
2784 6124421182991816781971753
2785 6139836372024712734778483
2786 6155285520494702023676041
2787 6170767510973793170519083
2788 6186283355027266251142333
2789 6201832040273392008411655
2790 6217414856583595159972493
2791 6233030580020757147206847
2792 6248680511599422290920817
2793 6264363563473350764815159
2794 6280080775971773038177713
2795 6295831315345315670181331
2796 6311616468812694900296085
2797 6327434560709717735212619
2798 6343287369076547097171181
2799 6359173812818580938528359
2800 6375094728095596110597853
2801 6391049234728940494194023
2802 6407038591367175397743161
2803 6423061509441955685740571
2804 6439119525379241363891961
2805 6455211280751044111400499
2806 6471337997546219965000757
2807 6487498762743579076430459
2808 6503694823708839283168525
2809 6519924622917440707370967
2810 6536189783447980222577413
2811 6552489328631365479134751
2812 6568824127735490153601289
2813 6585193214207587276884915
2814 6601598011474406929472161
2815 6618037039454660434575099
2816 6634511868016432298241589
2817 6651021186275527071804627
2818 6667566180824987285369525
2819 6684146031913129755112679
2820 6700761913780978270159481
2821 6717412246870725541489143
2822 6734098735898663241793553
2823 6750820312339109593287923
2824 6767577953259884909867425
2825 6784370592248153257053267
2826 6801199663116450495695325
2827 6818063722218245236380699
2828 6834964386826529957743637
2829 6851900292493857919802607
2830 6868872601125658300887161
2831 6885880535688335412128631
2832 6902925249559889890986841
2833 6920005160737178868884539
2834 6937122049435472167851817
2835 6954274736514336088230003
2836 6971464269632901822971685
2837 6988689494123985221344431
2838 7005952004497700173786205
2839 7023250285721636155042495
2840 7040585848106543405503297
2841 7057957505938451759205823
2842 7075366289776434108298777
2843 7092811416086192635407499
2844 7110294215505724017440365
2845 7127812886001902326620803
2846 7145369348592388905431141
2847 7162962375220579981446943
2848 7180593020681829271924181
2849 7198260233218216002827935
2850 7215965358806433911876025
2851 7233707057955369764813655
2852 7251486876832443295521113
2853 7269303469765812863662275
2854 7287158132626118715583749
2855 7305049855574549548426827
2856 7322980017823729131338637
2857 7340946818426254261020159
2858 7358952200454206703221477
2859 7376994971582343747501167
2860 7395076115017283107646145
2861 7413194596121547124405619
2862 7431351855468929276024913
2863 7449546443776063436867507
2864 7467779962421222122508629
2865 7486051036435449197618019
2866 7504360913457542019703941
2867 7522708663582736854292535
2868 7541095717522383136765469
2869 7559520219211918082900599
2870 7577984073204176620881241
2871 7596486120698553277970275
2872 7615027307034485812958401
2873 7633606616154835276930691
2874 7652225581964330051046365
2875 7670882594331899573144251
2876 7689579446446641524515341
2877 7708314592909074704432703
2878 7727089397083729528901337
2879 7745902934272849629458343
2880 7764756439174925171483537
2881 7783648291741256147879715
2882 7802580264066087140137177
2883 7821551218393711532611579
2884 7840562281360461588539965
2885 7859612144601391835186943
2886 7878702539524302573999181
2887 7897831796729828137822567
2888 7917001675445940102267129
2889 7936210740697703914516639
2890 7955460216737193209275017
2891 7974749238462910212084091
2892 7994079132710801464649521
2893 8013448062615016555520339
2894 8032858114754111361212773
2895 8052307917896909411734687
2896 8071798604544707824805557
2897 8091328990665643962695111
2898 8110900696121342244014393
2899 8130512117184180914457687
2900 8150164950629339727497361
2901 8169857825125408037236347
2902 8189591951600581027993461
2903 8209366457948769017729507
2904 8229182751629713009371925
2905 8249038879923130034826343
2906 8268936910990723428904925
2907 8288875509011896154910959
2908 8308855911774676944159769
2909 8328876857419234789703591
2910 8348939952348756594888209
2911 8369043630943325099122755
2912 8389189559783114611259685
2913 8409376339643052135762531
2914 8429605298216605269309989
2915 8449875389568133739170783
2916 8470188171075423794665405
2917 8490541588845743932141847
2918 8510937860636713295308193
2919 8531375601094844731083195
2920 8551855860463136775634761
2921 8572377574275069435132347
2922 8592942268380732164839437
2923 8613548372956742429462707
2924 8634197744270386884270485
2925 8654888712189869884644615
2926 8675622789045029993425949
2927 8696398822544125661126439
2928 8717218382702097010191457
2929 8738079547451085666372611
2930 8758984285222554166246417
2931 8779931426510477784344643
2932 8800922018807169112775709
2933 8821954842533758708325051
2934 8843031663907606549840909
2935 8864150677965161590087391
2936 8885313802645884727849929
2937 8906519431729346232385855
2938 8927769006437285385710625
2939 8949061512555590760514091
2940 8970398420619217467946561
2941 8991777717161407307122939
2942 9013201573044758971886141
2943 9034668635641531125275703
2944 9056180096817250734861621
2945 9077734656851890581395047
2946 9099334076031697137373833
2947 9120976562465529950873399
2948 9142664098922654937603081
2949 9164395046260469085059027
2950 9186170788261824640641361
2951 9207990401443302100880939
2952 9229855236674873288010717
2953 9251763418641760565208415
2954 9273717080213086517978661
2955 9295714766518559049977159
2956 9317757811443101533987385
2957 9339844777139004998913087
2958 9361977607370953529926273
2959 9384154446793732609047027
2960 9406377139181027775179869
2961 9428644188878979690912299
2962 9450956917183133434570109
2963 9473314320687525070433719
2964 9495718080469913769269605
2965 9518165916893048471875687
2966 9540660249576845477828393
2967 9563199523907778295055631
2968 9585785038178731743012473
2969 9608415478947568305724259
2970 9631092529572503043585333
2971 9653814541466240153426675
2972 9676583380594459088541789
2973 9699397440964528618266519
2974 9722258239966255439232821
2975 9745164612507146850798815
2976 9768118176477955774953209
2977 9791116770725062270156243
2978 9814162758673969448787353
2979 9837254669923419295815731
2980 9860393715150303872708629
2981 9883578611309396910708763
2982 9906811134594013973458581
2983 9930089453744099831608887
2984 9953415632427919195356177
2985 9976787904805844985325823
2986 10000207833121800049332601
2987 10023674239027592630148427
2988 10047188881429160452590849
2989 10070749518833887494324971
2990 10094358394712190764403581
2991 10118014187615440238905339
2992 10141718009603654390204981
2993 10165468625300158706887647
2994 10189267897194713567802137
2995 10213113857328579505285359
2996 10237008676401726943808529
2997 10260950444548807452214427
2998 10284940909873676846159121
2999 10308978841127350744018763
3000 10333065845587358565120645
3001 10357199836275148301301319
3002 10381383057592474635901285
3003 10405614085436904799812175
3004 10429894262249571812958825
3005 10454222039617095473353959
3006 10478599495616828267156001
3007 10503024603046905935799883
3008 10527499491927027583583321
3009 10552022444154770804197707
3010 10576594876154941711730933
3011 10601215804290751192540647
3012 10625886814370952300306573
3013 10650605674704049934415167
3014 10675374926341953515940585
3015 10700192860009177092326063
3016 10725060896698770354646785
3017 10749977554816010344256611
3018 10774944815789364431528453
3019 10799960733059301965755987
3020 10825027415835850274500045
3021 10850143106101505877836159
3022 10875309354733776080661613
3023 10900525021394513071284343
3024 10925791835638717214609281
3025 10951107432784435673735991
3026 10976474324667700369374649
3027 11001890909159933586764723
3028 11027358641568027765270061
3029 11052876003564845333851051
3030 11078444986201055793890877
3031 11104063634535168663700791
3032 11129733950085931673148917
3033 11155454274142856123418991
3034 11181226220104544344370697
3035 11207048498704351167076747
3036 11232923022331203067506673
3037 11258847244037626395328067
3038 11284823885168583614084053
3039 11310851249405895823439707
3040 11336930621846549127114437
3041 11363060723691581852477239
3042 11389243351255018210304073
3043 11415476630414724518176951
3044 11441762829048101928311841
3045 11468099872873580214706755
3046 11494489605081164357944177
3047 11520930659797327895796355
3048 11547424962100451783627669
3049 11573970094112866889353067
3050 11600568504547224912638469
3051 11627218704606546735852687
3052 11653922036182804009246633
3053 11680676948401965779738719
3054 11707485634255314429509297
3055 11734345889996075259461939
3056 11761260033593556601387833
3057 11788226132455038920531851
3058 11815245916562333739403197
3059 11842318135356851901140679
3060 11869444532483311127766653
3061 11896622776916237931700895
3062 11923855402134421501854929
3063 11951140833752811604023815
3064 11978480476912576325173209
3065 12005872726418014063323963
3066 12033319791659436575466329
3067 12060819377243646055698563
3068 12088374014506944573309109
3069 12115981627720688395026687
3070 12143643929123647269213917
3071 12171359756066908228882103
3072 12199130819781228999200601
3073 12226954736814254058981071
3074 12254834178315939848239265
3075 12282767362357042917214955
3076 12310755877166602243175677
3077 12338798016163074272583355
3078 12366896062132239336588141
3079 12395047839564296388851743
3080 12423255516750214711455333
3081 12451517292169028094188319
3082 12479834790442214640670993
3083 12508206816330855314950811
3084 12536635341783306836275361
3085 12565117653581358346279731
3086 12593656648730090530252413
3087 12622250423987142390882915
3088 12650900569114937102714661
3089 12679605490644713375404927
3090 12708367270249052179358277
3091 12737183840097849906776575
3092 12766057511137671919739441
3093 12794986270754270947596443
3094 12823972025994015931009897
3095 12853013270111254212660899
3096 12882112044931061545631133
3097 12911265705552720413581747
3098 12940477090197810080246525
3099 12969744444669709656612623
3100 12999069218765151503282537
3101 13028449855143336149508399
3102 13057888490272313161788153
3103 13087382934877202624077083
3104 13116935651285321688252233
3105 13146544534115485749089675
3106 13176211423564892675731397
3107 13205934917629481129363363
3108 13235717156277633986656013
3109 13265555332045564703095471
3110 13295452314002190628960033
3111 13325406407489920898965159
3112 13355418971503275856211625
3113 13385488499393783304239835
3114 13415617232021614045808401
3115 13445802793505998212872011
3116 13476047799522428159507709
3117 13506349954759425886520431
3118 13536711368853643059940093
3119 13567130574151270442618143
3120 13597609464066451448311225
3121 13628145542373575697152431
3122 13658741489330686766555617
3123 13689395549115718374385123
3124 13720109443278568726152045
3125 13750881219514318337103699
3126 13781713437162828120390333
3127 13812603584616389858911911
3128 13843554294564234595017165
3129 13874563458983444608511791
3130 13905632760853337104325033
3131 13936761032362507169252927
3132 13967950198531889654574425
3133 13999197562056272042388131
3134 14030506151620800199590613
3135 14061873940063479498336987
3136 14093302600012364403064885
3137 14124790341750933471069287
3138 14156339625464036597481269
3139 14187948038722378848789519
3140 14219618122691574142210689
3141 14251347752759080025117715
3142 14283138823748065700259497
3143 14314989919177779152188779
3144 14346903150649831491309717
3145 14378875633595578696489147
3146 14410910471573073512633277
3147 14443005662201781827139767
3148 14475162983725591933127733
3149 14507380581999707855664527
3150 14539660809167384279700809
3151 14572001366577693583806563
3152 14604404667043270895399377
3153 14636868695686848124764379
3154 14669395391181617602721693
3155 14701983200217031294599875
3156 14734634446168629053764309
3157 14767346012515686998266943
3158 14800121184941768948632801
3159 14832957909618580645973423
3160 14865857801774903309902049
3161 14898819212915158040817299
3162 14931844417541073486785241
3163 14964931048716927696999739
3164 14998081893842588674451133
3165 15031294430923001656360347
3166 15064570879663635574165053
3167 15097909632353032473988175
3168 15131312919971380227030545
3169 15164777897045514266022215
3170 15198307468976125671817489
3171 15231899886407197694302227
3172 15265556653885093206773937
3173 15299276042257796229434659
3174 15333060660271849718066821
3175 15366907772135699695731039
3176 15400820260624764009890741
3177 15434795676403680421353383
3178 15468836211342591974897121
3179 15502940259703920569955047
3180 15537110038262039521187441
3181 15571342626426803553185307
3182 15605641157518462969401669
3183 15640003668926517633815131
3184 15674431894719294459564773
3185 15708923872686390001373815
3186 15743482167927287294237613
3187 15778104212951468521463695
3188 15812792888860101778925233
3189 15847545786721643694461359
3190 15882364931777736285202305
3191 15917248914006736585041051
3192 15952199792205415149188797
3193 15987214675384689781762723
3194 16022296807336705016353565
3195 16057444020231443906356847
3196 16092658271894548833756309
3197 16127937392767567923661639
3198 16163284273928357955838857
3199 16198696144381586369548067
3200 16234175704330517680567657
3201 16269720801250219721241947
3202 16305333337581748174451645
3203 16341011870796306646329803
3204 16376758791936065633629805
3205 16412570800174013845783719
3206 16448451403079772393889349
3207 16484398282618298047975543
3208 16520413364878013936867217
3209 16556494790928352519163915
3210 16592644970900586731135081
3211 16628861458150194045245899
3212 16665147029469387150001573
3213 16701499223310806143392251
3214 16737920319269000274190733
3215 16774408572261822214364711
3216 16810966402467217961019713
3217 16847590627351631692173295
3218 16884284675616904039491617
3219 16921046391933495949407267
3220 16957877554898488892819729
3221 16994776201761741353828843
3222 17031745005649476678912853
3223 17068781297749477587051895
3224 17105888024478425514593861
3225 17143062621309504909474887
3226 17180307381417993427466561
3227 17217620519771517854900951
3228 17255004670635391644361977
3229 17292456440804678871001563
3230 17329979264425987278554153
3231 17367571118538615845531507
3232 17405233606467474071071733
3233 17442964923547160891473615
3234 17480767773040067799004109
3235 17518639237429055036031135
3236 17556582538926225142721097
3237 17594594915154247831852127
3238 17632678834307872653355321
3239 17670832581505733489395787
3240 17709058384940386364457605
3241 17747353253990962424730571
3242 17785720391335659838487301
3243 17824157737570254731014383
3244 17862667328677759351588597
3245 17901246843319878498641807
3246 17939899317231772497315681
3247 17978621720931012310459631
3248 18017417241826321780186689
3249 18056283238127609729432451
3250 18095221898559249151182349
3251 18134231716266085666343475
3252 18173315033785276583219213
3253 18212468565795759317905775
3254 18251696012024403968741165
3255 18290994893389981669111391
3256 18330367207080675481988425
3257 18369810808510706094865587
3258 18409328651369137426210937
3259 18448917865418294811869003
3260 18488581427127499811132325
3261 18528316869001278251724939
3262 18568126365931188963271181
3263 18608008244656003416022615
3264 18647965106327381569098805
3265 18687993439931817104673351
3266 18728096946523053666470577
3267 18768273211928889642423379
3268 18808524411472539118222225
3269 18848848251051486284490307
3270 18889247619635942421898949
3271 18929719679321599667932331
3272 18970267460906564103588597
3273 19010888428908074036245751
3274 19051584931371649014981025
3275 19092355094195360261586327
3276 19133201652508576096572513
3277 19174120927862461541806755
3278 19215116850425072786662249
3279 19256186968839777594565467
3280 19297333152215551186507517
3281 19338553515102612615604279
3282 19379850711754472642909013
3283 19421221931338879287561383
3284 19462670455294558311215065
3285 19504193284233029796553015
3286 19545793150682053920302265
3287 19587468031898564242037971
3288 19629220664783340027369729
3289 19671047557367442400306459
3290 19712952263644833432920277
3291 19754932592349908231017735
3292 19796990470071344961311213
3293 19839123726812074772313447
3294 19881335481962592291177369
3295 19923622531107440296730151
3296 19965988215006037181107745
3297 20008429707954788935430219
3298 20050949487094367531942589
3299 20093545783612861444681539
3300 20136221218953856211905293
3301 20178972219266632687669855
3302 20221802580534562284031445
3303 20264709904469146003703751
3304 20307696310604221871375609
3305 20350759356181129242971527
3306 20393902291743132588068353
3307 20437121837569350151204155
3308 20480421623916161533221717
3309 20523798633518938328383059
3310 20567255340205356420123973
3311 20610790037522763690633767
3312 20654405107583411601409893
3313 20698097220449548281710103
3314 20741870188686929540672161
3315 20785721440854666287406043
3316 20829653278931784520924713
3317 20873663148264444534005291
3318 20917754447143231447869669
3319 20961923888968767295779163
3320 21006174702640649653673125
3321 21050504305999841022843743
3322 21094914973514873177146577
3323 21139404959674147978227863
3324 21183977168171865745524113
3325 21228627566044613782006051
3326 21273360379924096163248825
3327 21318172884690111459833435
3328 21363067349527847870082389
3329 21408041517624336102709339
3330 21453098289792408690461357
3331 21498234724981237481606639
3332 21543454122138546979494049
3333 21588753540112892830177543
3334 21634135775651554389630537
3335 21679598651077835953763027
3336 21725145144995961851872145
3337 21770771335483245938913235
3338 21816481419581507648362341
3339 21862272721939853256942999
3340 21908147384258232584768069
3341 21954103123988629792707423
3342 22000143096741922356034329
3343 22046264113954315701244751
3344 22092469692615945202580665
3345 22138756761472763886537947
3346 22185128022312290630181169
3347 22231581371902046315050947
3348 22278119889188584239839605
3349 22324739654912184994232607
3350 22371444663530081308217517
3351 22418232486246780126406063
3352 22465105127019627012849257
3353 22512060321825226493470767
3354 22559101341786544324553681
3355 22606224709757390294785643
3356 22653434288752817142807973
3357 22700726697047643148610443
3358 22748104974008541706921221
3359 22795566948352403375470375
3360 22843115407156579630140813
3361 22890746625121618022410519
3362 22938464559195845341797241
3363 22986266769274089134056331
3364 23034155531219053688199889
3365 23082128192016666298318627
3366 23130188298966274827760757
3367 23178332280223853365777211
3368 23226563842528599174340205
3369 23274879990552883227162655
3370 23323283185835204934475301
3371 23371771753310139026613663
3372 23420348438581409595515145
3373 23469009248393116889498067
3374 23517758658743978871671537
3375 23566593600255186088893827
3376 23615516628251063728756269
3377 23664525072537082786964203
3378 23713622492809112868409781
3379 23762805372396511849041887
3380 23812077427560773058794737
3381 23861435530481580287889815
3382 23910882373322739652456377
3383 23960415934976477943546723
3384 24010039295950969323422049
3385 24059748315617003533401323
3386 24109547344266983218455469
3387 24159433525927457772563891
3388 24209409454879220197512725
3389 24259472351954827787995887
3390 24309625701939734260843817
3391 24359866173673707002210767
3392 24410197216609332963791505
3393 24460615916772984589915683
3394 24511125075963392571994089
3395 24561722372871711123225883
3396 24612411127280243554971381
3397 24663186917912078761841495
3398 24714054510197365098904069
3399 24765010946606792885809919
3400 24816058400353609958808801
3401 24867194612591598810864687
3402 24918422767762738061665225
3403 24969739445243153077633323
3404 25021148680661432194800097
3405 25072646863842849532274899
3406 25124237142078701935585605
3407 25175917230134717691448943
3408 25227690337757882904660949
3409 25279552281056600720379719
3410 25331507265992857430974537
3411 25383552724086525853520751
3412 25435690949805505043227241
3413 25487919323200289959263067
3414 25540241608670411895947757
3415 25592653906540932609122891
3416 25645160277045030112727861
3417 25697757218440773003196071
3418 25750447864334882271485245
3419 25803229967295370081478695
3420 25856106649645895749823209
3421 25909073733658491051225827
3422 25962135645319341198416809
3423 26015289572241696651435515
3424 26068537964187332886959525
3425 26121878037784572168730387
3426 26175313604794934027903909
3427 26228840760848169235050631
3428 26282463771527272850659413
3429 26336179042649972366173663
3430 26389989573530932364596689
3431 26443893216763963335403907
3432 26497892987527400515936641
3433 26551984757018857849772771
3434 26606173163821093446900917
3435 26660455092642846918045099
3436 26714833281636494165242645
3437 26769304694959882237442479
3438 26823873297497572373792353
3439 26878535271085673977269407
3440 26933294447626587460488969
3441 26988147726731457618169003
3442 27043097796899059667899657
3443 27098142623185016303366011
3444 27153285596322343671482877
3445 27208521891257333338343171
3446 27263856636297420381706213
3447 27319286486443572548274495
3448 27374814230665868226479425
3449 27430437081921560450776015
3450 27486158553100929040248641
3451 27541975114218202245954491
3452 27597890664099337886847345
3453 27653901788359884204888931
3454 27710011736933249256199541
3455 27766217939363977372423887
3456 27822523869048222641817261
3457 27878924973795734310019207
3458 27935426055394453562078417
3459 27992024094887066190144991
3460 28048721589458274742204801
3461 28105515811343457546122083
3462 28162410585427496745853373
3463 28219401960709121091436331
3464 28276494278948254804608333
3465 28333683727143249096699583
3466 28390973587021769089177437
3467 28448361333999431518523231
3468 28505850743229338226089793
3469 28563436979718892770817191
3470 28621124915061933587577921
3471 28678911604446835285068107
3472 28736799366813218782689189
3473 28794785581415768729848075
3474 28852874056288016223434773
3475 28911060793435167288131255
3476 28969350244494884738479597
3477 29027738460792085951575391
3478 29086228999567368219597073
3479 29144819347387704099521827
3480 29203512700913727435407497
3481 29262304743158926142267787
3482 29321200166029539751556189
3483 29380195922907538785451915
3484 29439294916561533523936277
3485 29498493793473127224671887
3486 29557796920233989601543485
3487 29617199874080021955156079
3488 29676707257381758752471025
3489 29736315401714496434790075
3490 29796027283952107295249265
3491 29855840809287101763037555
3492 29915759269785012285732525
3493 29975777969138937026403755
3494 30035902087448213632038197
3495 30096128194293553500455951
3496 30156459126976898722814553
3497 30216891827848639470524055
3498 30277430497173558304313049
3499 30338070919443345088217123
3500 30398817470103894080791801
3501 30459666436677322375957371
3502 30520621053901764705453101
3503 30581678965966438223866235
3504 30642843760260860862477341
3505 30704110462936018678156303
3506 30765484390068896840688657
3507 30826962008356903122022343
3508 30888546411277053704478481
3509 30950234347417007766457027
3510 31012029909380199274992145
3511 31073929155034347245050795
3512 31135936196275550849418645
3513 31198047498317041130508407
3514 31260266426863331779397669
3515 31322590183227469671009175
3516 31385022802016213091804753
3517 31447559002074778014925759
3518 31510204332952652701986521
3519 31572955350333384363245395
3520 31635814655743317540515205
3521 31698779502304570519706403
3522 31761853639000065292293221
3523 31825033109444461313597383
3524 31888322654587054029728693
3525 31951718016147988722303295
3526 32015222891188868128787561
3527 32078834500000996478488935
3528 32142556701373753117394681
3529 32206384478246985452538939
3530 32270322904123971973893309
3531 32334368903520307493825811
3532 32398525173478096670934325
3533 32462788589609939628897967
3534 32527163687254400679137893
3535 32591645705787083115579455
3536 32656239494454375075937065
3537 32720940955014213247563979
3538 32785753772309449524715369
3539 32850675281619338320691347
3540 32915709178294779683860189
3541 32980850455727975120063803
3542 33046104459473466607694885
3543 33111467708200900430814127
3544 33176943237278190210938789
3545 33242527707570988646331959
3546 33308225508794817940536513
3547 33374032215673356091428019
3548 33439952712760318578307841
3549 33505982808725677151391723
3550 33572125955780974975520781
3551 33638379784198190660271547
3552 33704747754012201221315853
3553 33771225018363447382469111
3554 33837817009268711730587729
3555 33904519992350562409247455
3556 33971337302942845809156105
3557 34038265175533998399126555
3558 34105308576197478773177753
3559 34172462760592418334975899
3560 34239732356091412459733077
3561 34307113671156804970839567
3562 34374609884112766564755093
3563 34442218535836361212028575
3564 34509943621857793567239769
3565 34577779508098740617579911
3566 34645732203609242755481505
3567 34713797826731831813763963
3568 34781979529431168566894329
3569 34850274146213434734545715
3570 34918685784570854938772685
3571 34987210142406689257080295
3572 35055852017691284307829853
3573 35124607238382948905829783
3574 35193479711597373325653521
3575 35262466336210223893214391
3576 35331571323450000072748625
3577 35400789079778976871643627
3578 35470125486833000462434029
3579 35539576857693121781189443
3580 35609146239985122204034773
3581 35678830368560404756697503
3582 35748633580512361418555245
3583 35818551484439665000844351
3584 35888588941515736605517793
3585 35958741582387687280318159
3586 36029013280039225944984537
3587 36099401076230048922768307
3588 36169909350883166652965805
3589 36240532441310302366301947
3590 36311276056338388561396357
3591 36382136685983507235286511
3592 36453117122164581394285645
3593 36524214184005074009679687
3594 36595432573041581996685265
3595 36666767326746595184425595
3596 36738223869620890844581721
3597 36809797442723092370052739
3598 36881492230924618560937405
3599 36953305215431653977602819
3600 37025240250311677449957093
3601 37097292261270169636151759
3602 37169466678242826460225245
3603 37241760011770677495184815
3604 37314175573223121696001993
3605 37386709502324898665405115
3606 37459366843603563617470609
3607 37532142484350831750039499
3608 37605041823319559973352469
3609 37678060449814942423114211
3610 37751201952743719528917149
3611 37824463768253018027157279
3612 37897849874305084802607897
3613 37971354575004078338385031
3614 38044984187306137660753401
3615 38118734537444445248054099
3616 38192609005264200276155033
3617 38266603926598206815441427
3618 38340724260630955386565053
3619 38414965101379269474907687
3620 38489331435216112515802997
3621 38563819044840333792966663
3622 38638431751735988403530537
3623 38713166693149660958893215
3624 38788028155954241836034225
3625 38863010218333623070229499
3626 38938119084240879065385785
3627 39013350628165887129441779
3628 39088708532681625086248965
3629 39164188974688890224982295
3630 39239796748809565019392205
3631 39315527141434919021531431
3632 39391385092118456467579489
3633 39467366427917958452585351
3634 39543474920080075752947513
3635 39619707543347526403274203
3636 39696068857548162272484045
3637 39772552666480499846419171
3638 39849165621307834359877365
3639 39925903475373124764076319
3640 40002769409470795097034053
3641 40079760085703516721831815
3642 40156880106354219858359481
3643 40234124603953648824514879
3644 40311499307098746380774817
3645 40388998991716202128082723
3646 40466628269446470940428789
3647 40544383649452005445636331
3648 40622269701462433358259941
3649 40700280631041164009076215
3650 40778422314539882345426789
3651 40856691251350723388742943
3652 40935090456291346409668017
3653 41013616287102610707817859
3654 41092273998765126769192545
3655 41171058120563810880655891
3656 41249974270376182292791661
3657 41329017748504014377050083
3658 41408192720345942927558493
3659 41487496129271354122204727
3660 41566932390871683706592705
3661 41646495464929629991814183
3662 41726191642172258068366537
3663 41806016893572623647143451
3664 41885974823913307054285105
3665 41966061387925352892145595
3666 42046281890528056943629701
3667 42126630866856787346190115
3668 42207114349633249770264309
3669 42287727167285335825247551
3670 42368473554148891951266097
3671 42449350651608150209162871
3672 42530362463622101256206665
3673 42611503372265700570087675
3674 42692779714613384698316665
3675 42774187106281789703097931
3676 42855729363366181845595117
3677 42937402296581879776189311
3678 43019211525147523061998093
3679 43101151597888774876195663
3680 43183227883973343460721961
3681 43265435959351575164923823
3682 43347779676005699709373577
3683 43430255994402214131314707
3684 43512869807944635543737529
3685 43595614375631178507117939
3686 43678496801833958727415957
3687 43761512456914516808820375
3688 43844665164393698602934245
3689 43927950981228852434810791
3690 44011374820323635686310905
3691 44094931731519694441830559
3692 44178627213653523481073825
3693 44262456501090109563823043
3694 44346424027720400041150821
3695 44430526248344206527650779
3696 44514768054473223923990805
3697 44599142817690450344178679
3698 44683657549426512736047301
3699 44768307885792574246730711
3700 44853097325762904482193481
3701 44938022078142240551705723
3702 45023087343019268000395121
3703 45108287716669409086250675
3704 45193629105730820173037445
3705 45279106289400828992402291
3706 45364723893360128508448597
3707 45450478387623768021283703
3708 45536374831055103585325109
3709 45622406668045204551971119
3710 45708580501769723387367369
3711 45794892241363132455227099
3712 45881345200975238794173649
3713 45967935705260347742748155
3714 46054669152851543212710157
3715 46141539766354492032749227
3716 46228553867809465339907365
3717 46315705821075119987078775
3718 46403000606317311401098217
3719 46490434651340458328305263
3720 46578012590280735320668449
3721 46665728271760618504472659
3722 46753588213195330204788385
3723 46841588246590901508569819
3724 46929732296701330503486109
3725 47018015649199382555539675
3726 47106444403852209145892741
3727 47195012552112753840673759
3728 47283726317990345682137273
3729 47372580653464772425353975
3730 47461579633637563958264377
3731 47550720333322961123732531
3732 47640007337834034987542497
3733 47729434051786291339942267
3734 47819007867336165662804933
3735 47908723803855078085608255
3736 47998585887410363209456869
3737 48088589790999313573586951
3738 48178741313890364997754785
3739 48269034595692095265738391
3740 48359475764191037791565289
3741 48450059698501774385404835
3742 48540790815796893634875065
3743 48631665836493231204716179
3744 48722689667138106713331997
3745 48813855527747564884595535
3746 48905170510400035086893669
3747 48996629884126111369188431
3748 49088238008933386250085257
3749 49179990310948549997040535
3750 49271892508790671528510905
3751 49363938943694123045833011
3752 49456135453177685174769549
3753 49548476943924303361990451
3754 49640968221836502656986661
3755 49733605421339557506131543
3756 49826394097248020524441901
3757 49919326803461826591506415
3758 50012411417628886580156641
3759 50105643030913000062470595
3760 50199025100527978495263241
3761 50292554012127449378238275
3762 50386234960214565171578365
3763 50480062400892765233392131
3764 50574042805107597938608141
3765 50668170296519544009054735
3766 50762450047234372627976493
3767 50856878069248816032455335
3768 50951459842865718211854961
3769 51046188330929226415964235
3770 51141070627440434543805273
3771 51236102390714875657323603
3772 51331287407860591046116021
3773 51426621182740054598377195
3774 51522109963277098962595181
3775 51617747286426827750959719
3776 51713539915882436061504089
3777 51809482140206174367971959
3778 51905578937675030904185177
3779 52001826675282894477888899
3780 52098230366264523738683401
3781 52194783141331492102964659
3782 52291492269751187710834181
3783 52388353148582340907982275
3784 52485369837875231117634037
3785 52582537708194331861274823
3786 52679862908224800241382009
3787 52777339085562832851653431
3788 52874973118344571296253753
3789 52972759172080574251204579
3790 53070702122057720825180969
3791 53168798553227532827364435
3792 53267053301308471772696469
3793 53365459544917876895811815
3794 53464024931865207770991101
3795 53562744131205798451154023
3796 53661621771543962589469265
3797 53760652821098969109295247
3798 53859843914201292917649393
3799 53959188607331384899753155
3800 54058693263045643291063325
3801 54158352625390982029926539
3802 54258171136357757620353517
3803 54358145413489356439379447
3804 54458281128189009629098693
3805 54558570358671202709659319
3806 54659021372416229356512281
3807 54759628720622381098906335
3808 54860396887866399416702873
3809 54961321259206207864909907
3810 55062407614895427649447941
3811 55163650184776855923537235
3812 55265055383003895543235517
3813 55366617547604125447316911
3814 55468342013699280149899645
3815 55570224454721292426595855
3816 55672270545213367418400497
3817 55774472787408111068999339
3818 55876839185562476914719953
3819 55979364665682073032168923
3820 56082053379827285791205053
3821 56184900763997524301492379
3822 56287913002985269584732885
3823 56391083656177267968073199
3824 56494419692174259842458293
3825 56597915066808971538065999
3826 56701575049445561947654105
3827 56805395572852390851092715
3828 56909382661239231732076281
3829 57013528360435268854399731
3830 57117840600519115951599293
3831 57222314635278593263842187
3832 57326954192815037509486693
3833 57431755102824316252204599
3834 57536723506995411572898985
3835 57641852697230922381572039
3836 57747150126885443556215017
3837 57852609073301309595973627
3838 57958235465067715724909497
3839 58064025198378661331485523
3840 58169983533485075415488477
3841 58276103327077728820460059
3842 58382392204630777659190269
3843 58488845169762336312499887
3844 58595466911831923756837889
3845 58702251876002600413470183
3846 58809207316920827183344041
3847 58916326072409779685699411
3848 59023615477181356800644241
3849 59131069559146124235391315
3850 59238693149256914074376965
3851 59346482650954516800445431
3852 59454443546540436457473381
3853 59562568234570572676929159
3854 59670865085595121414719937
3855 59779328519495326009571831
3856 59887963104186488862865753
3857 59996763777779070395559339
3858 60105737317598630467214501
3859 60214876956905803092129531
3860 60324189760522794369233045
3861 60433669739605067261879439
3862 60543322124991936258984725
3863 60653142920178694299831727
3864 60763138066488619684618761
3865 60873299276508027212373031
3866 60983635296030885957665969
3867 61094140405615189032142259
3868 61204819559018388237750861
3869 61315667595079779485165267
3870 61426690977981426066684973
3871 61537883272825718646208007
3872 61649251106330120953412981
3873 61760788764278611413644463
3874 61872501658765238635003505
3875 61984385462052942144664747
3876 62096446474218041151520817
3877 62208676081789961418287227
3878 62321083454033962627896349
3879 62433662597538850788409043
3880 62546418082112994083134045
3881 62659345240025003426297887
3882 62772450396921036524343453
3883 62885726849231598399821575
3884 62999182385169201393581377
3885 63112809960103827338585139
3886 63226615583543791789259945
3887 63340594694982543105895755
3888 63454753610582235458834717
3889 63569084291698643106951851
3890 63683594702602491317077301
3891 63798280067324281759721743
3892 63913144497924551149246041
3893 64028182962424348737319519
3894 64143402790188307891468593
3895 64258796326499145661163851
3896 64374371445146807746762401
3897 64490121427234102507096803
3898 64606052223948803036240429
3899 64722159438700690612015631
3900 64838448990446800254164749
3901 64954912792585240425844615
3902 65071559541743402370113337
3903 65188383654616501977320431
3904 65305389951810186895263649
3905 65422572945952501035927867
3906 65539939752941909366916601
3907 65657482987803772519777091
3908 65775210786924830800327517
3909 65893116274043253079009399
3910 66011205105361517061876173
3911 66129473366493905573870255
3912 66247926621491193371332305
3913 66366556931113281676172055
3914 66485373055586851387722657
3915 66604368995071700305609731
3916 66723550110713994070112197
3917 66842910426507408645517107
3918 66962457754761117191744437
3919 67082184529570137647663015
3920 67202098107928341842193597
3921 67322192450997686279992567
3922 67442472744555146824767969
3923 67562934970411282572180063
3924 67683585726039950883529977
3925 67804415778729711621955939
3926 67925434810525179327745661
3927 68046636438063066593071739
3928 68168025787028494609853397
3929 68289597589284030899157767
3930 68411358695726128925425229
3931 68533302118416071130094015
3932 68655435545725482596240145
3933 68777752151778979945591331
3934 68900258193507715636705937
3935 69022948669513553495026827
3936 69145830232919827287423845
3937 69268894139798407162906219
3938 69392149687676194859973509
3939 69515590963671558778591199
3940 69639222736675158479828857
3941 69763039790493339745589047
3942 69887049000262782764788841
3943 70011243322823247862037067
3944 70135630636483840923680009
3945 70260203918296385447023963
3946 70384969334644569482366581
3947 70509922055478434229587363
3948 70635069203031842281175469
3949 70760401322594010998628367
3950 70885927874534478220143849
3951 71011643080923255041106879
3952 71137551536821012476339265
3953 71263648084381909238883339
3954 71389940204389412728008089
3955 71516419810577043510648083
3956 71643095584275467673302653
3957 71769959914750720744924959
3958 71897019575731576528188917
3959 72024269768325725192824759
3960 72151716564553145083240233
3961 72279351727754291452294031
3962 72407183965633770098370937
3963 72535207609384692417345827
3964 72663427996794250466692969
3965 72791838933448838876204883
3966 72920448584823682909410221
3967 73049248665086217213667239
3968 73178247726999177123209285
3969 73307438742611261816009023
3970 73436827332089096377778505
3971 73566409416748573068392423
3972 73696191400121932773743409
3973 73826164189839487366537667
3974 73956337888773332382818661
3975 74086705607955029676666219
3976 74217272944436816501363765
3977 74348033720358167180313823
3978 74478995960313756271812069
3979 74610151934903336361843839
3980 74741509621064771048725825
3981 74873062184164924297492615
3982 75004815641105600075455617
3983 75136765381716655390256379
3984 75268918205320893503975589
3985 75401264652756494198258235
3986 75533814716057331299948341
3987 75666561826362002062845631
3988 75799511751661134845895485
3989 75932658313478046858295383
3990 76066009260716014778038185
3991 76199556760776226819345339
3992 76333308957776462708140633
3993 76467259022075414071065979
3994 76601413158439974739599149
3995 76735766321685985657356299
3996 76870325914079970198615861
3997 77005081886090138414037023
3998 77140044702326669786119025
3999 77275207785994165396998191
4000 77410576073591038700919881
4001 77546144468657854586086659
4002 77681920049282372049948289
4003 77817895151176608107556115
4004 77954078691724875055407477
4005 78090462376229125771784867
4006 78227053538972219979953973
4007 78363846648534688149069383
4008 78500849099168838937393433
4009 78638051445126195049977663
4010 78775463193239679267086889
4011 78913078426920246432323955
4012 79050902150965288646530801
4013 79188928484771738401186371
4014 79327165813423105382750229
4015 79465605492865402732389143
4016 79604256344346417402613213
4017 79743110760824027322845031
4018 79882175562937085543066049
4019 80021445580996071187846679
4020 80160927909276817502985569
4021 80300613013469024275706139
4022 80440510923079551239428961
4023 80580615235365780826993523
4024 80720931506895458305874357
4025 80861453273601790059368551
4026 81002188959646919864121493
4027 81143129786741306923856567
4028 81284285479187437191165817
4029 81425647913475031067474055
4030 81567223519977949877557625
4031 81709007891936146166192995
4032 81851007317741612806761901
4033 81993212590251298172691187
4034 82135634082666785048397533
4035 82278264721519897656048359
4036 82421110642289411190568621
4037 82564165041138543078550863
4038 82707436955715585909718145
4039 82850917444235577418591363
4040 82994615137874664498327481
4041 83138522948829693996185251
4042 83282647070004343852903981
4043 83426982710115378741308123
4044 83571537504849844372668037
4045 83716300791317032553344775
4046 83861283677872131724044101
4047 84006478844836934499648703
4048 84151892266690663303244113
4049 84297517840244219242419907
4050 84443363220019427307827033
4051 84589420733292338981143107
4052 84735698890327462022085709
4053 84882190004243402704437963
4054 85028901219965816831999749
4055 85175826766671238189015031
4056 85322974575205025927805433
4057 85470334140975037286510031
4058 85617916466114574562514033
4059 85765714461396229947964203
4060 85913733922877835215451633
4061 86061968382144850411028835
4062 86210426373265812543120557
4063 86359099238322869555020051
4064 86507996455097113491365421
4065 86657109714302841124953703
4066 86806446093514332673134241
4067 86956000146978480691850231
4068 87105779691833326439584641
4069 87255774371475064024671619
4070 87405994793932501972983009
4071 87556434440286514014783755
4072 87707098385959707291914325
4073 87857980877946009948527183
4074 88009090408816957769213789
4075 88160417633807793465822191
4076 88311972726559766080559265
4077 88463746690920101908036911
4078 88615747528610631452458345
4079 88767969466035248426084883
4080 88920419804955673190302345
4081 89073088733084327692520467
4082 89225986428069355657328429
4083 89379106392918528419772623
4084 89532454846732297739931725
4085 89686024372634611480236223
4086 89839824601093063337403985
4087 89993845855594561384044655
4088 90148098001287374814151761
4089 90302572915809504936836315
4090 90457277121599061702088645
4091 90612206043154760836996011
4092 90767366904976625666021533
4093 90922749235172118777631847
4094 91078364631052512442600565
4095 91234205179918069913851271
4096 91390277121644764872468457
4097 91546573726265736105447115
4098 91703104138093340198518481
4099 91859859189057253283880315
4100 92016848405749122540436589
4101 92174063647717840571573987
4102 92331511990354616436925853
4103 92489187906663204084209663
4104 92647099388204471723501093
4105 92805235546850366710219919
4106 92963607885275210207126921
4107 93122208672663694050323955
4108 93281044815597922437400257
4109 93440108972515485338788419
4110 93599410048745974108622949
4111 93758939239467982640703731
4112 93918705749765831296231997
4113 94078701702597158459296231
4114 94238934363469999294287433
4115 94399397709190546700215183
4116 94560100426976421547102145
4117 94721030684369577875722571
4118 94882200875990261600061137
4119 95043603387122466391404843
4120 95205243734755198806050765
4121 95367115981461291851110731
4122 95529228438263104801353709
4123 95691572178901108284495119
4124 95854157395001469284840105
4125 96016974794962816531144303
4126 96180032544320598933422241
4127 96343324488988066226378107
4128 96506859077120265443843585
4129 96670625303606328072503747
4130 96834634155805348127486013
4131 96998878676588562014221231
4132 97163364914656798931353461
4133 97328085932072673578297855
4134 97493051452417925875080401
4135 97658251332981154318040247
4136 97823696135117012369431113
4137 97989376642642917807244259
4138 98155300793360423543746613
4139 98321462824735124402789795
4140 98487870724938712881930045
4141 98654513686687958835199135
4142 98821403063257135069458141
4143 98988531470163080175437583
4144 99155905402331736593048705
4145 99323517315080544260462223
4146 99491377060974900901736689
4147 99659474505480523752742819
4148 99827820686925936420686261
4149 99996406192366090892423835
4150 100165238768233134400570149
4151 100334312891264542504571935
4152 100503636103975974270655061
4153 100673197680755111678954271
4154 100843009659193855325203153
4155 101013063938176263553011771
4156 101183367409823492887139289
4157 101353912253025796616186235
4158 101524708786001048965334141
4159 101695746817010410559823195
4160 101867036160626772670119109
4161 102038568984987384415310199
4162 102210352008925557365398637
4163 102382379995690612331496735
4164 102554661706824638381346833
4165 102727184579472158124420315
4166 102899961673682151864489897
4167 103072984345741937995072779
4168 103246259779724827704987917
4169 103419780647277320331348363
4170 103593556065433554564279349
4171 103767576722195237746362695
4172 103941852848901306092898481
4173 104116375230520468084272575
4174 104291152437899687114077081
4175 104466177686290056879521643
4176 104641459826756512051242697
4177 104816987192733672074701091
4178 104992772113313962358218341
4179 105168806685384787164634355
4180 105345097169575051861454797
4181 105521636581599811461281439
4182 105698434596616520430816937
4183 105875481199286882299425607
4184 106052787273854027487318633
4185 106230343095311415264731187
4186 106408157087680111529460393
4187 106586222518858576583010083
4188 106764549110778448338923069
4189 106943124286390089496557335
4190 107121960639730023227569773
4191 107301050505936518533385599
4192 107480399775780817990042473
4193 107660001714537921003929607
4194 107839865946147883941422393
4195 108019982057013697230014483
4196 108200361542531989124721677
4197 108380994269764838191618603
4198 108561889077277529035639653
4199 108743039652536516275665663
4200 108924454175944667828492285
4201 109106121310727134429281751
4202 109288052982643162156769113
4203 109470241512265549748872535
4204 109652694142355051833879817
4205 109835402367420360124366587
4206 110018377112730414040862101
4207 110201607362266581587738091
4208 110385104434725291858520053
4209 110568858927771329374167231
4210 110752878572342524644602173
4211 110937157775514881503638391
4212 111121704931526476569790945
4213 111306508095878038164374587
4214 111491580464392272086888953
4215 111676912782751845257564635
4216 111862512720849446756399061
4217 112048372106925113896334363
4218 112234501764320139868994397
4219 112420890834395045224989391
4220 112607550443868896771110461
4221 112794471143039832337599687
4222 112981660885315730484997929
4223 113169113646676972110536899
4224 113356838593355572206103057
4225 113544822960035323585884163
4226 113733080133459064630786437
4227 113921601322238543953086579
4228 114110394015975857679172397
4229 114299450091976260697600663
4230 114488779769696314180004777
4231 114678372946935237502193999
4232 114868240078825214954875945
4233 115058372159821545022458219
4234 115248777607768340102656441
4235 115439449402422433324683971
4236 115630397511455542659195669
4237 115821608346065934866487399
4238 116013096283548134745038717
4239 116204852274742349799517591
4240 116396882968509964724674441
4241 116589181255501241025884655
4242 116781756798936415627416809
4243 116974599193833911196946371
4244 117167720484074933857012545
4245 117361109791781551392434027
4246 117554776552575633353410989
4247 117748713552792828978095671
4248 117942930465744413585427317
4249 118137414843591510207528623
4250 118332178900313327447793617
4251 118527215204687637718705335
4252 118722530385572547676278241
4253 118918116497616782000741291
4254 119113984824889262696552437
4255 119310123504037676535551867
4256 119506544687130493896851845
4257 119703237692740765143735519
4258 119900211933603079351933405
4259 120097460550224151471529135
4260 120294992938528222718745577
4261 120492796220981356361026111
4262 120690884069028651395537913
4263 120889247549692569513224963
4264 121087894060638521011937581
4265 121286815271158648558573467
4266 121486022163252352117325189
4267 121685503361465512077633015
4268 121885271378010992431901237
4269 122085315439104219258340655
4270 122285644260704080115419145
4271 122486251683172635529012723
4272 122687146332411395729598137
4273 122888316072370860331960651
4274 123089774358340422330603245
4275 123291511933078894434842243
4276 123493537022762402591454141
4277 123695840173983888541501175
4278 123898433562188452072984497
4279 124101305334900055960687863
4280 124304467034449130694793865
4281 124507909354376444057249371
4282 124711640205266421667514409
4283 124915653283986700717997971
4284 125119958779439713774434181
4285 125324542255256999025638587
4286 125529418669070995980849509
4287 125734578331905877805503991
4288 125940029113961122045579657
4289 126145762919541003991112903
4290 126351790069068961760629905
4291 126558099814064362025655411
4292 126764703805956079201996193
4293 126971591618267223348025467
4294 127178773093051092340332269
4295 127386240405853252800277503
4296 127594003867348349256375645
4297 127802049554692116998785007
4298 128010392266721731982023985
4299 128219022331125223858572871
4300 128427947428045372583481057
4301 128637159392309010000479323
4302 128846669010035254711884505
4303 129056465124397766866785915
4304 129266560025923851732033285
4305 129476942671594444468968447
4306 129687622489540253532173493
4307 129898592176093929169137639
4308 130109862550296457612341441
4309 130321419425658993316722863
4310 130533276948605327949173977
4311 130745426363623230727039931
4312 130957874643835372048982469
4313 131170613522428860747582459
4314 131383654765174235775192533
4315 131596985952371453259819695
4316 131810620429755703603150173
4317 132024546546451897409555527
4318 132238774482349712447288609
4319 132453296746884450020794855
4320 132668122730498321446459857
4321 132883239700446659689377243
4322 133098661236117926842941453
4323 133314378566315445446562963
4324 133530399792522270204283029
4325 133746715200579880290254111
4326 133963337578171613395345765
4327 134180253771065656160663911
4328 134397477231407172268312073
4329 134614996972036006343166547
4330 134832821773715038954731825
4331 135050945388726517149540867
4332 135269377411436843346835237
4333 135488103946481767943756923
4334 135707140214527209419988317
4335 135926475846775775784897247
4336 136146119279077526304257377
4337 136366061472690717063485407
4338 136586314319324103719796153
4339 136806865863708672255821291
4340 137027728561504677668452889
4341 137248891415175949477312291
4342 137470364026883270960681069
4343 137692139217116693250407051
4344 137914227648524897123551445
4345 138136614420069508605449271
4346 138359315104189528961404025
4347 138582319159093514220501031
4348 138805635715951983961043201
4349 139029255087072918691404131
4350 139253189335086050227732385
4351 139477426570704599143018531
4352 139701978871084307433691837
4353 139926836074618764247037655
4354 140152007394770827166304637
4355 140377485015183855103439183
4356 140603280293934335122751425
4357 140829377910662099960684575
4358 141055793960720788985381033
4359 141282518349706198789862907
4360 141509558500362262318706505
4361 141736906423666577125783219
4362 141964573012052246037421581
4363 142192546423559069217946455
4364 142420840618343105537118493
4365 142649442754256862973264543
4366 142878363995077885436368313
4367 143107595727928023424394607
4368 143337149309322618202402217
4369 143567010010313005323632683
4370 143797192572506757275556725
4371 144027687935306765900807883
4372 144258503844509442084351341
4373 144489631124902822071771655
4374 144721082653727711791287757
4375 144952845033208040329349439
4376 145184931712677471288248753
4377 145417331073869737331760603
4378 145650053518802048831809241
4379 145883091417243659548696907
4380 146116455290990939172221293
4381 146350130551428918098297803
4382 146584132482744155418508781
4383 146818451116481315482620535
4384 147053095011187278320412693
4385 147288054402565960586300175
4386 147523342152785158134521825
4387 147758944899962360504426515
4388 147994877244334635829197113
4389 148231126684864935848186539
4390 148467703127415789139373093
4391 148704599567331436995119307
4392 148941826061802550742647629
4393 149179368363126555705371655
4394 149417242212111473171511817
4395 149655436758879728459009351
4396 149893961383952667306631337
4397 150132805387647953772127483
4398 150371982739526401470643257
4399 150611479869428860662295027
4400 150851309918999554980200605
4401 151091462041741323106829995
4402 151331945562614140590852245
4403 151572753101945874713650143
4404 151813896170099486070004121
4405 152055358564257087453545735
4406 152297157433482328706962753
4407 152539281399067112050425539
4408 152781739725604636819270617
4409 153024522845011678155150787
4410 153267642535873220516295037
4411 153511086663169483343556695
4412 153754868549287935280107893
4413 153998976373414037768674215
4414 154243421128080178735823113
4415 154488193980054438536426007
4416 154733306868728976713988761
4417 154978743654327772013387707
4418 155224521017072041421702529
4419 155470628338118685878076947
4420 155717074210176894795869869
4421 155963849282097953641332615
4422 156210966099058120112688893
4423 156458411394429999171380207
4424 156706199678507831705404393
4425 156954318000350997565568023
4426 157202777398146577034002001
4427 157451569401356909244386899
4428 157700706287774275724244413
4429 157950171879470525555383099
4430 158199982356131400006647405
4431 158450127790968694348180943
4432 158700615695253277435224629
4433 158951437335126561164820583
4434 159202605785374015863293937
4435 159454106829161645067661283
4436 159705955778348223874797097
4437 159958138972645136147934219
4438 160210668557383342800467645
4439 160463535430030602274717907
4440 160716750819187031193494725
4441 160970299908472747235953911
4442 161224198314309803179632269
4443 161478435895058263629954767
4444 161733022162447558773503601
4445 161987945637190035026776155
4446 162243220683545654092717201
4447 162498833055659368481268035
4448 162754797517766900909185509
4449 163011101862892342063518811
4450 163267755908658658801161397
4451 163524752476044722843948887
4452 163782102753164943893519553
4453 164039790338156740556379943
4454 164297833255681010181320857
4455 164556219291606647275145347
4456 164814958181114654669462537
4457 165074039344451508031751923
4458 165333476861421725938240805
4459 165593256451128665770628091
4460 165853392737592905584027485
4461 166113873255335172459791295
4462 166374708609523701859441057
4463 166635891002862236781879647
4464 166897431941365884072064913
4465 167159315160149681397139147
4466 167421557749462187867673097
4467 167684148029905220015994555
4468 167947096340202050236309101
4469 168210391869305099345094271
4470 168474048069149121505828613
4471 168738051468594290446648015
4472 169002415963914704266276265
4473 169267129369862624911426455
4474 169532202896716066752752073
4475 169797627111928463577494707
4476 170063415596488110387864301
4477 170329550239952760499818819
4478 170596049811625990657009629
4479 170862902472654446154012679
4480 171130116894715411752185117
4481 171397683590726876764998103
4482 171665615329759947883409217
4483 171933898726586426452380751
4484 172202549158199669976772417
4485 172471552526620941002152355
4486 172740921150931218182608941
4487 173010645518746004915913635
4488 173280738320523475846025645
4489 173551182921059948715427239
4490 173821996068311538449719413
4491 174093167435463026766244383
4492 174364705778280355330321945
4493 174636600669412263479078403
4494 174908866869749573988722969
4495 175181488454079212268687995
4496 175454481886156739754702477
4497 175727833214612274087179475
4498 176001554374817992922243869
4499 176275636693127348443715543
4500 176550092024506615839639053
4501 176824903815149347852374071
4502 177100089452434967030474809
4503 177375637606715462856052371
4504 177651558203439485550146737
4505 177927839953657485183601987
4506 178204497530115341813199005
4507 178481515686005131568798723
4508 178758910859543584433988885
4509 179036668794979354701082167
4510 179314801110347772237660817
4511 179593299616849128240418559
4512 179872175739558732052372465
4513 180151413359081704549970739
4514 180431030226337375236029177
4515 180711014264887947382121843
4516 180991375713536119238004901
4517 181272102623953597634870239
4518 181553210995440021997982365
4519 181834685264847588175665191
4520 182116540380378871877068313
4521 182398763955227902872584383
4522 182681366581917967535709521
4523 182964339678676000769652667
4524 183247696958239225088031041
4525 183531419346137236464201963
4526 183815526693632208406620797
4527 184100005730759443816419663
4528 184384867261068373495213205
4529 184670100189040638240837503
4530 184955718018160691865685585
4531 185241706926787421824490607
4532 185528082292116568848525649
4533 185814830409161467217724339
4534 186101963789907123709013645
4535 186389472470109084459168171
4536 186677369561541098282052989
4537 186965637161502906346045783
4538 187254294187947970292898037
4539 187543328571652520511400287
4540 187832750015857803461008657
4541 188122547874276988470711223
4542 188412736488237082929640361
4543 188703300706979805666721723
4544 188994256739266516144906213
4545 189285590149160874474509619
4546 189577313605609539570279221
4547 189869417164364740647697335
4548 190161915137513559389096325
4549 190454788625393360881904303
4550 190748056412711712621601225
4551 191041706908389338788891675
4552 191335749011872502456850169
4553 191630172560509290938394747
4554 191924992341702120047580445
4555 192220192281414288042078243
4556 192515789794347825803323173
4557 192811769368059446998965167
4558 193108144334331485033111541
4559 193404905157902160675828823
4560 193702064220360858774651161
4561 193999604606853024940877675
4562 194297544147504276670117617
4563 194595870979951361343716123
4564 194894596312726731738535645
4565 195193706657701122916827835
4566 195493219002678251089855021
4567 195793116468532512237341511
4568 196093416444753451560213545
4569 196394104577984840207156359
4570 196695192349708996906155449
4571 196996671293467331883396923
4572 197298553867364887887148569
4573 197600822219782401581205547
4574 197903496145695085219972469
4575 198206562216251672555063327
4576 198510031156519855355303365
4577 198813891127858976060797623
4578 199118157972763432486575929
4579 199422815412603673047643559
4580 199727880131109475145389569
4581 200033338038777897573624059
4582 200339201285712303974182777
4583 200645460486402253912100483
4584 200952129587090117322294341
4585 201259189016250056803934991
4586 201566658919546478939995805
4587 201874526009761125952909039
4588 202182801908463031098471473
4589 202491474142134140192460711
4590 202800558081397932937363121
4591 203110038460606266404825395
4592 203419930873090744147483693
4593 203730221624991683484623739
4594 204040923331837722061752605
4595 204352025804125263479738527
4596 204663543787808173497663517
4597 204975456983367698210695423
4598 205287786848613681803554225
4599 205600519427995265718939751
4600 205913664843672078454550233
4601 206227212394213363232947515
4602 206541176635642005897655237
4603 206855542134548430510056579
4604 207170326785017286360583909
4605 207485513947809857757033759
4606 207801118042263337729310805
4607 208117127833177092405218263
4608 208433558046346079445423681
4609 208750389948051268924885291
4610 209067642104043394460869009
4611 209385303068963154820686915
4612 209703382721975376264456413
4613 210021869161612164421826363
4614 210340779083149041383334517
4615 210660094720364122123151487
4616 210979834414465842717431289
4617 211299982447077343458166575
4618 211620552377157845142451081
4619 211941534119180780279857987
4620 212262941545572759717926729
4621 212584755235073190062232755
4622 212906995519745066658936069
4623 213229649546916286801172259
4624 213552728080438344236957397
4625 213876218649397792026430791
4626 214200137769217264125158737
4627 214524468013953122176457079
4628 214849228042612617372502513
4629 215174401896397874524462483
4630 215500002836197868910484985
4631 215826021325461096937784363
4632 216152470593667899182103101
4633 216479331759537280056117015
4634 216806625640083756399823053
4635 217134337517649602277074879
4636 217462480185992099961519769
4637 217791039521208980395662007
4638 218120033577421897820758585
4639 218449444934935039582490195
4640 218779290367383931967394977
4641 219109556010176699553425091
4642 219440253453862102849936261
4643 219771373480658884281582663
4644 220102931096844010844219749
4645 220434905331480903010599047
4646 220767317977086059050271049
4647 221100154526871536122549503
4648 221433426834062008578403089
4649 221767122290331275567583115
4650 222101256781651642947927285
4651 222435814036232423843428955
4652 222770811801999816493939069
4653 223106234183539890694830119
4654 223442095741255947144233797
4655 223778384702420928520839319
4656 224115116396126693891715049
4657 224452270049333990179163823
4658 224789867813001760396424969
4659 225127895612979633298698387
4660 225466364261932480054075885
4661 225805261849360704540177787
4662 226144604295262733833571725
4663 226484374739388382121726463
4664 226824591632336158453981125
4665 227165238556878078750609007
4666 227506329574228968393914321
4667 227847853768944197383635851
4668 228189827250686391639075409
4669 228532228608210200898850515
4670 228875078732698384804708733
4671 229218364732655607601236843
4672 229562097088542120854573821
4673 229906263765324618736326319
4674 230250881796189660125703569
4675 230595932686864890419047695
4676 230941436472983142352252625
4677 231287374977807069174125075
4678 231633764256068039725379249
4679 231980592649781655406856971
4680 232327874570002112222541733
4681 232675590754589442365280099
4682 233023761263541300932045093
4683 233372373006842388545192007
4684 233721438001809613791138153
4685 234070941760307928155097007
4686 234420903333864658253947217
4687 234771303363940273520930803
4688 235122161492684704360952313
4689 235473461559176230095202339
4690 235825216337574150540107389
4691 236177416423710786509750095
4692 236530076160322672886408997
4693 236883174774700392933282391
4694 237236735404750747329373353
4695 237590742246543529478490527
4696 237945207786100314996394521
4697 238300118327078237369760235
4698 238655491572280840596506697
4699 239011309662501650623628731
4700 239367591292161026010324229
4701 239724320450911728780954575
4702 240081510859324678448599309
4703 240439151928897708701982983
4704 240797259259639841239400121
4705 241155810771623645664719583
4706 241514829393404453960343873
4707 241874299957299190488893435
4708 242234235726270452414915637
4709 242594622216858288706018763
4710 242955477456269814449587477
4711 243316783484192261966139127
4712 243678558233281197950690989
4713 244040786399814898198640215
4714 244403482211604532297415529
4715 244766633784153402700156723
4716 245130258002442808966235337
4717 245494331941390580727752803
4718 245858879516172300675574085
4719 246223885213787361599622187
4720 246589360502153797353522301
4721 246955293391852140725308167
4722 247321700272646654111434165
4723 247688563393084763817997823
4724 248055903321128790220029817
4725 248423700881091309907255819
4726 248791972361679443007178689
4727 249160705477145040598253363
4728 249529916829873554244203349
4729 249899584749339591262862475
4730 250269730951285218988238429
4731 250640341770640903275554087
4732 251011428729389986855550969
4733 251382978051525731213463199
4734 251755008688154204693766049
4735 252127501054800192469811179
4736 252500475232742117669473441
4737 252873913764690115678845859
4738 253247831990962776247607149
4739 253622218372839752985889115
4740 253997088559228913150413741
4741 254372420776568420490940159
4742 254748237948135122154238465
4743 255124525297426116580624447
4744 255501295451225848105189433
4745 255878533601425869786960059
4746 256256259064361301929161793
4747 256634451442764192689916995
4748 257013132635103257581328221
4749 257392284456111121401922087
4750 257771921203695240344531837
4751 258152032862300457526201087
4752 258532633700672860640886161
4753 258913702925613319660375679
4754 259295263369152564003044065
4755 259677299222929505196061059
4756 260059824398442411092355057
4757 260442823270314130806555675
4758 260826316255694948867218501
4759 261210283090725264712338551
4760 261594743374225331132847597
4761 261979680399781949543700959
4762 262365108644295140177806673
4763 262751016746168315483568551
4764 263137422288446501327825737
4765 263524300715392151379761451
4766 263911677623696440326586981
4767 264299535887423888749650891
4768 264687888975449814291618117
4769 265076723104977817626764423
4770 265466055431813509045996293
4771 265855868556876204335141135
4772 266246181533899288030362097
4773 266636977080524362773860571
4774 267028271257902074254068081
4775 267420050739216089462941211
4776 267812333194231169250371821
4777 268205095146535567772134683
4778 268598361123615715204083749
4779 268992115465547890012779295
4780 269386370723129747474060213
4781 269781112526050452094893639
4782 270176359850661683116863329
4783 270572092885360106030334539
4784 270968333173707300780289793
4785 271365061820258518723238115
4786 271762294752921926938743141
4787 272160019270473741971156859
4788 272558253830877774343147893
4789 272956973821666124172561591
4790 273356203684788960544897881
4791 273755928490601837960162695
4792 274156159701483690773713505
4793 274556884202582509933958291
4794 274958121077766676386829745
4795 275359849371088434070824915
4796 275762091443628853585263797
4797 276164827106844291697304595
4798 276568074305303333494656373
4799 276971820205082926515982671
4800 277376080582788657399488625
4801 277780833959215179931499479
4802 278186102970281309665928433
4803 278591872489565881096642531
4804 278998156617042031926926321
4805 279404938759113175098368411
4806 279812240194961315329186349
4807 280220039283130542462948095
4808 280628358276849839753323661
4809 281037178509932467917552071
4810 281446514601436728185671537
4811 281856356073254902669672639
4812 282266719439285752825720665
4813 282677580715257877795745035
4814 283088965967716149616194805
4815 283500857445906026709410067
4816 283913269352015457992806221
4817 284326185730520779283093111
4818 284739627422248812663405125
4819 285153573650497543230063863
4820 285568045736854506224051561
4821 285983025617982744560435239
4822 286398528618118604022117193
4823 286814542801474765630550387
4824 287231085505201296077826221
4825 287648132271669837074703835
4826 288065708826396181692768437
4827 288483798009068344388722319
4828 288902414756895458423216853
4829 289321542955115664329644431
4830 289741202530550005850617825
4831 290161373075973167961690299
4832 290582075451367912788266473
4833 291003291779110671303804379
4834 291425038610816567285311813
4835 291847302084967387894350251
4836 292270101552300442124720853
4837 292693410824658039648026207
4838 293117257087438244367030645
4839 293541623015282200996671447
4840 293966521462190234251731513
4841 294391938646761315023518699
4842 294817892996769322640558665
4843 295244364889980200074895179
4844 295671376838292519347692605
4845 296098907731674726458998731
4846 296526975905596291545348325
4847 296955567460277186383058215
4848 297384701168066445586335953
4849 297814352381425080663865127
4850 298244545671428814193981153
4851 298675265634309041687483259
4852 299106524869586683764561633
4853 299538308231268378305805507
4854 299970637634969937519032829
4855 300403489822347282195159303
4856 300836888570434032076348077
4857 301270813303497335956407487
4858 301705281687089326101101121
4859 302140280405073496729300991
4860 302575827289147520770339417
4861 303011898083720678767362875
4862 303448518112669949274926825
4863 303885670988637363213251379
4864 304323370839197560944039277
4865 304761601129904386490502391
4866 305200383134049015391924541
4867 305639694562627507698342535
4868 306079559838304804274230897
4869 306519957862787599999697831
4870 306960905857238417453651177
4871 307402391342957402538804283
4872 307844431295098618432451829
4873 308287001430053962916452147
4874 308730128336547411945876477
4875 309173793824100501044683007
4876 309618013636449633290957589
4877 310062769944822459889112255
4878 310508085636249803455506617
4879 310953938325095581243843367
4880 311400349223920580707297417
4881 311847300897548327192862819
4882 312294808293172399677993957
4883 312742859683263213892681331
4884 313191474389574567320400029
4885 313640624462766755539220007
4886 314090338947353290434845821
4887 314540598244339151599223679
4888 314991418095210813789015441
4889 315442782569274777274089595
4890 315894711562331647643596497
4891 316347184218038521227670299
4892 316800223634306114914956909
4893 317253809083414138200556259
4894 317707958941623613448887581
4895 318162658468605257798441543
4896 318617927254109670293450181
4897 319073739091853084070135143
4898 319530121468073475266487089
4899 319987056566909359890079139
4900 320444558614303983150324049
4901 320902611406108575312234299
4902 321361236488605242219514373
4903 321820411700674529118279675
4904 322280160773075022442375357
4905 322740462510886997762272343
4906 323201335300189175391356633
4907 323662764286145261604225591
4908 324124770275385018252260865
4909 324587325958256812198872811
4910 325050458648031266889594241
4911 325514151783146429203853707
4912 325978417927514980515261405
4913 326443242107761552126347711
4914 326908645941357824001620765
4915 327374605763757932479961447
4916 327841146987430533667010689
4917 328308246996548906705784551
4918 328775925642197584034140993
4919 329244168528740493819950147
4920 329712993943434778370572041
4921 330182376673914809205938163
4922 330652342846575859584250773
4923 331122875210032389808470815
4924 331593989918594901307165117
4925 332065668113508924736210215
4926 332537933612369081920635801
4927 333010762176356250031231887
4928 333484178771660535371165897
4929 333958162297326715206750763
4930 334432729410637893519328813
4931 334907868440595384208229147
4932 335383597120350674147454165
4933 335859889497078878364720887
4934 336336774408587608010520205
4935 336814231727440691081072215
4936 337292277524596915509176937
4937 337770893872606716110201951
4938 338250104864605444096076745
4939 338729886210492937703516283
4940 339210262337644536830232133
4941 339691212304493040283827259
4942 340172754093816946033807597
4943 340654873260983377661313055
4944 341137590743624588313314725
4945 341620877934709072430084383
4946 342104764228570130719174265
4947 342589230358086180215070563
4948 343074292829442232847613065
4949 343559933609264585207101467
4950 344046174566972328439150725
4951 344532993795771396853533595
4952 345020414009532894965615589
4953 345508415651404187988936375
4954 345997016486569890726347105
4955 346486201773671746453236927
4956 346975992948925330742295945
4957 347466359968784162748700067
4958 347957334356165765084798177
4959 348448895941306730992991363
4960 348941059449019818616246093
4961 349433809327062029116973859
4962 349927166507940844141320749
4963 350421108142949413000528271
4964 350915660391888746332430673
4965 351410799102231983917205887
4966 351906545278455538904134617
4967 352402882923911688198936483
4968 352899832942751545086469137
4969 353397368077919423074286027
4970 353895515383647879758554093
4971 354394257606402721864459567
4972 354893609683321868334874685
4973 355393554032381298311346175
4974 355894115163491476945347513
4975 356395267310739905180350623
4976 356897036580656842044788561
4977 357399400293197603825400067
4978 357902377886623679760649737
4979 358405954598693353901009339
4980 358910151077735550538203853
4981 359414939039623731357537191
4982 359920347903519170033723101
4983 360426358607902910152048423
4984 360932987143397937115343833
4985 361440214467690334994586943
4986 361948065225102639992928985
4987 362456514088908730342218307
4988 362965588407943168429076293
4989 363475264645287594852735331
4990 363985561774146781985493285
4991 364496466329652107934121079
4992 365007996543044721511768893
4993 365520125945024587724126879
4994 366032884184987706117122225
4995 366546250568164419303531535
4996 367060242920501567040380137
4997 367574840959751045468514139
4998 368090070849331596030810509
4999 368605906663983506933610579
5000 369122373367989041852711757
5001 369639450505732385609392119
5002 370157155340076974714813165
5003 370675474243367762408267455
5004 371194429003567496648240321
5005 371713988468422048815504211
5006 372234184634548753122336225
5007 372754996230450238358760091
5008 373276440631515625665066653
5009 373798500100191223240025507
5010 374321196832446713757148269
5011 374844507472510979697286871
5012 375368457427864500667076417
5013 375893023546024181707586911
5014 376418227149153393495290801
5015 376944051035214911432209379
5016 377470517854362669789866097
5017 377997597082767771319255499
5018 378525320606130160130099949
5019 379053668043594969317065363
5020 379582654969405819176680709
5021 380112263874630435505320447
5022 380642518363438527734302817
5023 381173393861138417844976695
5024 381704916958211528186934873
5025 382237063749560096021305051
5026 382769854746339521242556465
5027 383303273341865351842172883
5028 383837343245046177526796813
5029 384372033473577489599111727
5030 384907374807694240648329157
5031 385443347991453823279617663
5032 385979968248677247309776809
5033 386517217865590898629320271
5034 387055121193319265625382105
5035 387593651994672660203859835
5036 388132838957717360785041385
5037 388672656541460818128569939
5038 389213126802549748312320813
5039 389754233525909874845698119
5040 390295996947557685742228885
5041 390838389229609511911667439
5042 391381439430350229558414601
5043 391925128790513306384385295
5044 392469474678887025135729529
5045 393014456071664826345692947
5046 393560100515560280331083173
5047 394106379459841788162068667
5048 394653321666812355410677029
5049 395200903184186184113275095
5050 395749143303931895530604757
5051 396298027987959943201082087
5052 396847578260808542302549993
5053 397397763592835692338379403
5054 397948617419522114694681337
5055 398500116667579126148266555
5056 399052279253928106617161413
5057 399605085902477715559361987
5058 400158562167277553592995981
5059 400712682223966890761994279
5060 401267472512946165299155237
5061 401822909946909221708616591
5062 402379014119645781523461217
5063 402935770023939521859673027
5064 403493200201061644782831793
5065 404051272962995223351938691
5066 404610021205060881128231117
5067 405169422488235155164997963
5068 405729496612770899826385109
5069 406290221841903596497972303
5070 406851624260872540329794785
5071 407413678386917048079700583
5072 407976410159889748747874457
5073 408539797025862837946023475
5074 409103859801735050264882345
5075 409668580834323134697898995
5076 410233984445223864635901157
5077 410800037591359642023158915
5078 411366774893027171343650605
5079 411934174528099952946471999
5080 412502252119074918251277209
5081 413070990826314894134559447
5082 413640413864297936785691745
5083 414210495241800527303069323
5084 414781264827817980599226489
5085 415352695508238590959835475
5086 415924810257506316953234925
5087 416497591665244688169835231
5088 417071063370414170380097005
5089 417645193844294252465495311
5090 418220014178951000827696169
5091 418795505146197289523123535
5092 419371683181797109136968433
5093 419948528513079538983818499
5094 420526068720779498352035805
5095 421104274519075717600044603
5096 421683175682760849569540685
5097 422262745957099352040055687
5098 422843008311306822620943229
5099 423423945629608880940497071
5100 424005580995613793731927265
5101 424587882926993750552712423
5102 425170883973785083475515433
5103 425754562757631514780600955
5104 426338937335126205192951101
5105 426923986511780760476266403
5106 427509737915566577828791957
5107 428096163072459010118241711
5108 428683292476586444127139789
5109 429271100052230551342432799
5110 429859606783339453508969089
5111 430448797050427041715404099
5112 431038692173995393867135737
5113 431629262220157567699628307
5114 432220540197597758884983245
5115 432812503209552646819613635
5116 433405170952635590284732397
5117 433998520771464156738614263
5118 434592581897758693090529629
5119 435187325296819218039278031
5120 435782779388079103165217361
5121 436378920469147238863012467
5122 436975768278381195951770417
5123 437573307496956111415639427
5124 438171562461366026809504445
5125 438770497700722892549394323
5126 439370150449544603863297861
5127 439970495946952468863772439
5128 440571553905695077355763601
5129 441173304050897311025576415
5130 441775771270810130735697073
5131 442378929934631891796465627
5132 442982807605669583503136313
5133 443587379256327017354229723
5134 444192668322100065372545453
5135 444798655820058073093264099
5136 445405366902040435057928437
5137 446012767427843310814363711
5138 446620892736654023315555745
5139 447229719747447284413057439
5140 447839267001198677285477265
5141 448449513898730226311312795
5142 449060487737034394552910049
5143 449672160062503238026497739
5144 450284561464924441523120773
5145 450897664701372692033606639
5146 451511492347397935471927117
5147 452126026576249857170626055
5148 452741293531801090804942569
5149 453357258695413092917909559
5150 453973956117497984608628945
5151 454591364744481971008870547
5152 455209500798462377899582045
5153 455828345090966950937314539
5154 456447925225533072366249069
5155 457068211062709543977992359
5156 457689235254441637067170597
5157 458310968391608779937952119
5158 458933436212454014747501545
5159 459556619810586701570067047
5160 460180541924205623254225753
5161 460805171257779452350580259
5162 461430541378134019153583741
5163 462056630157699848962991451
5164 462683457600804430038975357
5165 463310999828121068837757263
5166 463939287072085120063410117
5167 464568288401387392024803671
5168 465198035192253563761260729
5169 465828501747448094390159627
5170 466459708535653862683301553
5171 467091640340144028151299283
5172 467724320743951032578238621
5173 468357715353203353985302707
5174 468991861150274502605324821
5175 469626732815734180836744999
5176 470262351022947922754770749
5177 470898692748377786905891767
5178 471535788124982201746696377
5179 472173606635490564323494411
5180 472812179309923005414723241
5181 473451479240202088357104139
5182 474091529057657993216928421
5183 474732311622455915090441859
5184 475373851814368261087068413
5185 476016114853225951796094183
5186 476659136953399179743503401
5187 477302893525460778939605919
5188 477947405503784729182710209
5189 478592650343575088053482907
5190 479238656342081319068589921
5191 479885395104079762372678003
5192 480532895475583283510825709
5193 481181132039642890542973151
5194 481830128203116798137130637
5195 482479863953426438516705911
5196 483130367340851636014621425
5197 483781600626695305068645359
5198 484433603137927531989684681
5199 485086349700831954260499787
5200 485739858606894239930728745
5201 486394110147187411168250563
5202 487049130262216688632388285
5203 487704890750071380730519055
5204 488361424518844096397798333
5205 489018701085067870977090671
5206 489676746756279948029125081
5207 490335541097605308403713439
5208 490995111487166680673502457
5209 491655421574921374099683539
5210 492316507006312942606662805
5211 492978346015743486363898067
5212 493640956829429953525420997
5213 494304317421312316217612719
5214 494968458822924901656269197
5215 495633347878996241365101471
5216 496299017718069700592039185
5217 496965440022583079391045295
5218 497632639283913203976062385
5219 498300597504411617936843771
5220 498969339205245812098898805
5221 499638829781716992060683667
5222 500309105629468817225907677
5223 500980142375200081801836343
5224 501651961077863140046800789
5225 502324537623203510324051671
5226 502997902991351469896743881
5227 503672024779071404358192163
5228 504346938134852419671429641
5229 505022612281311130057606483
5230 505699071805302050370141277
5231 506376299062840365187501963
5232 507054318138101385288148477
5233 507733095130029744162896751
5234 508412667225470475846463325
5235 509093008618435470267780079
5236 509774141270613860993410041
5237 510456039575890250331648891
5238 511138736489224326622287929
5239 511822200081694355698729499
5240 512506460946085913823175869
5241 513191493701330108446333523
5242 513877319893962786300141653
5243 514563922105233907611927111
5244 515251328101080530104400321
5245 515939498019803599054515023
5246 516628473329949684636410481
5247 517318226573645886229983763
5248 518008779563467500156976825
5249 518700109291405458136317659
5250 519392244489740806693206845
5251 520085154853622701798418663
5252 520778873155359439391693477
5253 521473370599269164479833215
5254 522168673110097813242224609
5255 522864759754823354406198175
5256 523561658154659006055153985
5257 524259330678808592988486195
5258 524957816308576762202544081
5259 525657089840818451698662563
5260 526357171483776503314443469
5261 527058039057124116839171967
5262 527759721955221813913164653
5263 528462189162851001622964151
5264 529165474204588389740068241
5265 529869546069192181236929191
5266 530574431758162467136224489
5267 531280110104317068298468355
5268 531986610750231631887740197
5269 532693894604150816354656811
5270 533402000617722180170683205
5271 534110904448285812833584751
5272 534820624452116295839126205
5273 535531138980330441041493831
5274 536242479257153105363065465
5275 536954611533602293540627871
5276 537667571914935972535938513
5277 538381327962779346526768923
5278 539095907676668761948039405
5279 539811290427965915754704779
5280 540527502174212313818770917
5281 541244507343722326731456719
5282 541962343086537171503205973
5283 542680985092732004081010255
5284 543400455756631560598654001
5285 544120727981461486603238195
5286 544841835956429350750100121
5287 545563744511161208243125211
5288 546286490156244564178857069
5289 547010042880371584388110035
5290 547734425947342641739248645
5291 548459622115282813198435335
5292 549185657378641323358142801
5293 549912493621941305962037887
5294 550640172396511077696848057
5295 551368665549872178735226667
5296 552097995456638959211107377
5297 552828137339182390947851843
5298 553559124001008672127306741
5299 554290921991189525465989611
5300 555023564830009722230078221
5301 555757023383694676012306631
5302 556491323304309165522999273
5303 557226444360117686564467447
5304 557962415341418481856458113
5305 558699196406744086878420579
5306 559436828706715729471361905
5307 560175284112471530405085547
5308 560914587069519111547606357
5309 561654711411334575264488967
5310 562395689035015796223529653
5311 563137488078921194529130303
5312 563880140964298539273922201
5313 564623619326464933905966967
5314 565367948460427542144876937
5315 566113107343615148241777971
5316 566859126800895203528864185
5317 567605964246178963155865067
5318 568353664260434075034493037
5319 569102197882972639766815287
5320 569851585941646075363778093
5321 570601805956611728296418839
5322 571352887871765558541934985
5323 572104799563640834268709839
5324 572857578171267232740871681
5325 573611189256728198574173931
5326 574365662263678778006840853
5327 575120974371159861270095003
5328 575877154991284345740750309
5329 576634165789378237136860191
5330 577392045010675457032884845
5331 578150768843259065510256687
5332 578910357645467291542646617
5333 579670786371827085748519363
5334 580432090271280954762411945
5335 581194231454192054451266347
5336 581957247974689457227097861
5337 582721107134320735410408379
5338 583485837314073565835407685
5339 584251417171776671662590703
5340 585017875583533027437248501
5341 585785172594745121002627775
5342 586553348864712789709329033
5343 587322378526325179185401667
5344 588092283678655832936192753
5345 588863038407625680775606427
5346 589634676127389675359050581
5347 590407161727100310306460763
5348 591180533220415284528187901
5349 591954757279629279841596015
5350 592729860666188815046384249
5351 593505824726869245125168807
5352 594282675891357132693034545
5353 595060375271035646282484091
5354 595838965907717781307003849
5355 596618417314059722726616907
5356 597398755159931698227383629
5357 598179950490167833185676435
5358 598962040730636983624471581
5359 599744988943151435426690359
5360 600528830753806680763054505
5361 601313536578984412992419975
5362 602099131156743159204951049
5363 602885594333625228858965091
5364 603672957236326365288766441
5365 604461176414954831960976683
5366 605250296854035729872938869
5367 606040288652758425062159063
5368 606831175913872601032707573
5369 607622932855725916444416303
5370 608415591226736704099838617
5371 609209118229372021939684359
5372 610003549411493224922287697
5373 610798853164781963183527355
5374 611595058247362454871690017
5375 612392140759889564334789091
5376 613190132459597398285186029
5377 613988989919143936760654927
5378 614788758461941998911564621
5379 615589409070885811230272919
5380 616390964294354005553574113
5381 617193398982548325150209031
5382 617996746432118313368088241
5383 618800971692606418355535051
5384 619606111940742443295190925
5385 620412133375322183989476555
5386 621219065503189483504826117
5387 622026885314743440806443679
5388 622835625412175389168258989
5389 623645242182076481335131631
5390 624455778899097886997050537
5391 625267207868375254440488147
5392 626079550480778017752675121
5393 626892782720971880724770043
5394 627706938634015256147878925
5395 628521980999631820189798995
5396 629337950208722468365290973
5397 630154809578039436775443007
5398 630972590613276225909958181
5399 631791270211846984343181735
5400 632610877451808947670520929
5401 633431372769690203751241243
5402 634252797239234537191248353
5403 635075123632891155312536211
5404 635898377442141235966526973
5405 636722527406464394810170379
5406 637547613120963830995409741
5407 638373594616478607633764863
5408 639200512078069374454009017
5409 640028332648190834940321647
5410 640857082097909791356950849
5411 641686740999372566940231611
5412 642517338546204289362187185
5413 643348831874285382774581019
5414 644181268358642071378340269
5415 645014615928774318327331859
5416 645848899213051049318219837
5417 646684090944199561967052031
5418 647520226946645061254173537
5419 648357270243973808126684455
5420 649195258863934964459452729
5421 650034160063927990590863059
5422 650874001685981913461484825
5423 651714762408111729954011235
5424 652556473614053834897835693
5425 653399090531356156398391623
5426 654242659139536091883441021
5427 655087148224249795482988519
5428 655932585560399505989518329
5429 656778941231742116747354823
5430 657626251203240480884797721
5431 658474479506573031805111843
5432 659323662855356550129982237
5433 660173768652138065224574099
5434 661024826460251035264487773
5435 661876811802569764203212711
5436 662729758985611984918953205
5437 663583621305278196047582071
5438 664438447342125245150559753
5439 665294205879479810057334087
5440 666150919018204553150255217
5441 667008562706265060905066811
5442 667867170435368043406226853
5443 668726705716739621223345051
5444 669587209955217658865854085
5445 670448644704930658162091455
5446 671311043086413247343578285
5447 672174378569180861638733015
5448 673038686015416852919451065
5449 673903920759228322089332507
5450 674770126732283288551018849
5451 675637276915467054588338923
5452 676505393605484619499289461
5453 677374449504872134323131747
5454 678244482191348277394955717
5455 679115451915089888392890119
5456 679987399508289211515270621
5457 680860289233905654304158975
5458 681734152131141724405224457
5459 682608964940359338991886291
5460 683484759080986561546304881
5461 684361490122902073145789467
5462 685239204631529377820945597
5463 686117871862047648923771003
5464 686997518148962733989647141
5465 687878112977549315249495439
5466 688759695542950395497736345
5467 689642224619154900363738359
5468 690525743865394105289957633
5469 691410215813879622685332755
5470 692295670589696001789905089
5471 693182086953200375236995259
5472 694069493836271570473056741
5473 694957849176305145399924795
5474 695847199124128806690615813
5475 696737511319083721786200799
5476 697628813338856058588935561
5477 698521073971327055800529399
5478 699414334352605612227224609
5479 700308553235478179485728883
5480 701203770216871855952542145
5481 702099952248394113957381411
5482 702997126538452413752518253
5483 703895271338555145338010271
5484 704794421944578582105198445
5485 705694528166262552632322975
5486 706595641705897686998198513
5487 707497728216987243979119463
5488 708400814940080096451315529
5489 709304872718889482388944547
5490 710209937092838680936430461
5491 711115971898726717090276411
5492 712023016497095317996326709
5493 712931035220107357402157775
5494 713840060960802930597138901
5495 714750066621078936220158255
5496 715661086975833940046316649
5497 716573075043757589016196919
5498 717486079962539987927025953
5499 718400069954451680987823099
5500 719315070408595121746334461
5501 720231052554001981400036763
5502 721148053783353657725391933
5503 722066034582756548811089671
5504 722985037509976631361322277
5505 723905025086970527726458487
5506 724826028874416186163892633
5507 725748023585075073301267659
5508 726671045871732328951925521
5509 727595046744482010437676403
5510 728520074287456842461792253
5511 729446098326929548670127267
5512 730373142406320477672187645
5513 731301179568575410232537087
5514 732230248580034884546350397
5515 733160306238143063940534711
5516 734091399045945533946034553
5517 735023484519652001053893883
5518 735956599295928204635343601
5519 736890717399803116900653483
5520 737825870553671079956782021
5521 738762014967710137044185707
5522 739699196769031117764073925
5523 740637385500232742498111943
5524 741576608071315325136872985
5525 742516831879368928943579527
5526 743458099218109989509263473
5527 744400367375556730764496291
5528 745343679493905607108813001
5529 746287999174009575169499347
5530 747233355728503438600992405
5531 748179726765716465006756615
5532 749127145690661898718585309
5533 750075564780504172433909151
5534 751025035783373869884058081
5535 751975522848283373120918135
5536 752927055070522879483941241
5537 753879599730478683807696707
5538 754833198515490314893542073
5539 755787809471470814748383227
5540 756743475440547713506393237
5541 757700159891763434896188215
5542 758657893627619460652895861
5543 759616652475250056782003455
5544 760576471610028508485793489
5545 761537300670471735111429439
5546 762499191685116824107848161
5547 763462110270445344976595483
5548 764426085732054449845536437
5549 765391086442654984700084419
5550 766357151693971730537772717
5551 767324240987212084183074967
5552 768292395298441806645512237
5553 769261578700364982244699439
5554 770231824138170502080621697
5555 771203104314380998248703399
5556 772175457475941522410607185
5557 773148830831749670061187971
5558 774123279496519597179957661
5559 775098767477269678395537147
5560 776075321053495402199216589
5561 777052912283543945018759359
5562 778031578007882456731088677
5563 779011278784531738048011599
5564 779992059704961867508170361
5565 780973878808649438940743947
5566 781956771449965396222898345
5567 782940709970702311379559707
5568 783925732284741042409234397
5569 784911789042577462604186179
5570 785898928416387817501254005
5571 786887120378283368789641895
5572 787876390275240216463975741
5573 788866706335588744973625823
5574 789858112767161527461559025
5575 790850563211304882181708667
5576 791844104663436810855003681
5577 792838696331378836990166331
5578 793834373179198833153497661
5579 794831108679469324361221011
5580 795828937696644177940093429
5581 796827811830676780633555263
5582 797827782080521920739164529
5583 798828815031309199116584311
5584 799830938694999172274236777
5585 800834120499592132937324915
5586 801838402739280389665680353
5587 802843739973105097360879403
5588 803850181256326307901084277
5589 804857684094763982510913103
5590 805866282682666827812098997
5591 806875952796911578664834127
5592 807886727277988750859856857
5593 808898558327163034754383863
5594 809911498339966393662119417
5595 810925510560115919355848987
5596 811940626780313206998771057
5597 812956811033090780596200419
5598 813974109075738869429373429
5599 814992475969506038358099447
5600 816011954133525781872639453
5601 817032507875517131430084487
5602 818054167518455133111762833
5603 819076908975472000137773055
5604 820100771136417347087548529
5605 821125698309104230643722011
5606 822151747673005520913908341
5607 823178881194575035514139459
5608 824207128546490268172649165
5609 825236458293331865790083367
5610 826266910154128357469249085
5611 827298442810926800525832327
5612 828331100954345521562847665
5613 829364844475576180814093647
5614 830399709468380350950368985
5615 831435666030568270927444451
5616 832472752927807513077235949
5617 833510918080129297798928395
5618 834550216145748130325151573
5619 835590611424976176890764047
5620 836632132440004384115939909
5621 837674746983607588846976983
5622 838718496706166706751698241
5623 839763337529406056395151203
5624 840809317543037186443441001
5625 841856393455937972968025195
5626 842904602023839275774872981
5627 843953913873092379182941763
5628 845004370232817080652285989
5629 846055916071495953587092783
5630 847108605660970499594409577
5631 848162405877233026142855503
5632 849217341601351180381943769
5633 850273383698880763811709691
5634 851330573943898654753565113
5635 852388866361797071588024019
5636 853448309721767310516779245
5637 854508859996002603817433083
5638 855570556334229624945664053
5639 856633369676255695313534871
5640 857697336541568140799920137
5641 858762406593405154097886127
5642 859828631814539609278332873
5643 860895977129661370171379275
5644 861964474929198880776159865
5645 863034086775550717204069099
5646 864104861293286964393927245
5647 865176749010077129143404207
5648 866249800208326267887315413
5649 867323973082549296513796591
5650 868399299324013469665694553
5651 869475755982750863791230695
5652 870553378567113941687224737
5653 871632115320641078267091651
5654 872712022698785256248166169
5655 873793061411174516811103763
5656 874875262962143992526553077
5657 875958591814067786657365159
5658 877043094128098956455729717
5659 878128723556881250583880527
5660 879215527314018491709420457
5661 880303464071460639003101863
5662 881392569379460836491550313
5663 882482815277177010393975755
5664 883574240976056881772441141
5665 884666791092467048545767635
5666 885760523707527603548973853
5667 886855399788793328447822855
5668 887951452371586037685560325
5669 889048645506772534592214631
5670 890147023297419831385595849
5671 891246540526308599084343419
5672 892347242863733034388404425
5673 893449091125249356070179819
5674 894552120685349847069584989
5675 895656302103034085431812251
5676 896761677860567232091025389
5677 897868188568544481268736959
5678 898975894970116639300588189
5679 900084758706059546447965111
5680 901194807583619478443710177
5681 902306011438625763809453667
5682 903418411088377667358462521
5683 904531961634129611187469299
5684 905646714588109580630871781
5685 906762621591965646819700283
5686 907879724117805578671402109
5687 908997990300777036362260895
5688 910117461539318210055717673
5689 911238083809242907430273935
5690 912359910786871784120602897
5691 913482908104167276075891267
5692 914607104533989453022500321
5693 915732465256903068404273859
5694 916859038815722990573167365
5695 917986774353490916611227635
5696 919115722896883637843783373
5697 920245839451496504124439263
5698 921377163260568967499454385
5699 922509663775438975089938431
5700 923643381290422450516401953
5701 924778261172362080514121683
5702 925914360156402080482727617
5703 927051641522349470003375939
5704 928190136125102967784270077
5705 929329806992329710942779127
5706 930470701139970570386583421
5707 931612769055356133285155871
5708 932756064799981437846111249
5709 933900541974838038239165551
5710 935046236775300095577051345
5711 936193123380772892981881827
5712 937341238358638860853980585
5713 938490527577412429739610995
5714 939641050263450459816313205
5715 940792765414175676807673423
5716 941945707649993183466621581
5717 943099837597836733191058215
5718 944255206389063927920195617
5719 945411762812072442060963583
5720 946569555302015072966678417
5721 947728543652099397834188003
5722 948888761918931862979093597
5723 950050183105746512042748979
5724 951212849363570943299569861
5725 952376700480582894648908183
5726 953541798673258634809708805
5727 954708101389048000541154247
5728 955875643061345576191291057
5729 957044388271342027181242163
5730 958214380753528701606007825
5731 959385575066146908217935187
5732 960558020189611095859614973
5733 961731671065830170604189875
5734 962906568974526763412012469
5735 964082679714958725381980039
5736 965260047911231612100217885
5737 966438614037623063022003959
5738 967618439659552315646608265
5739 968799485254972087199129219
5740 969981781392993945308005377
5741 971165292710576061113850659
5742 972350065574032885871090989
5743 973536051712120697440819355
5744 974723303091765649247798997
5745 975911773109842775492325119
5746 977101501061118390650203353
5747 978292455910892064475260887
5748 979484682106443652374885921
5749 980678118797602043172994379
5750 981872827374302373193181393
5751 983068769308318998457937547
5752 984265973878318389825259485
5753 985464406887129370125290291
5754 986664116346798813767014453
5755 987865049040830194606798255
5756 989067262033604976796099089
5757 990270704992349636664651399
5758 991475420881577346309884617
5759 992681378187195203936474331
5760 993888615949461134685523945
5761 995097080739535610023993275
5762 996306826923015420925065381
5763 997517819166874978290734391
5764 998730091063437769554908645
5765 999943601386684718670010303
5766 1001158403107570907963894345
5767 1002374441642941311790055495
5768 1003591772262992153016425993
5769 1004810347868655136742359643
5770 1006030206057685225708581997
5771 1007251318992894795676988875
5772 1008473728082620001082000325
5773 1009697373541086007027139423
5774 1010922320550860638820468013
5775 1012148523609168677642596095
5776 1013376017815136087276761953
5777 1014604764423427653749981455
5778 1015834814348791592088742689
5779 1017066116207581524319729019
5780 1018298722139887332862675357
5781 1019532586684058791947061315
5782 1020767748200235416412293573
5783 1022004176690830131626058983
5784 1023241915634415189883997181
5785 1024480903682994098941807751
5786 1025721204635038204574808665
5787 1026962774858744150117358171
5788 1028205652152230394933364841
5789 1029449795771938108174243779
5790 1030695253856236914300737405
5791 1031941978169601409171737331
5792 1033190018439095774813272301
5793 1034439331279953305128149543
5794 1035689956200023598304550213
5795 1036941859401623342769780247
5796 1038195088199295874006347537
5797 1039449577046994126902847603
5798 1040705393716705196339551553
5799 1041962495227011091445656827
5800 1043220912717441445661944413
5801 1044480612111365705722893891
5802 1045741639942850369651327541
5803 1047003945020818222169079031
5804 1048267584217514219367686393
5805 1049532505221348305021278911
5806 1050798753060120106474313329
5807 1052066292878217722460946003
5808 1053335170809204288417384233
5809 1054605325865369068178065379
5810 1055876818060913823637892413
5811 1057149609432816678627728331
5812 1058423731500251262037076693
5813 1059699146693815983075765799
5814 1060975907236445881800516305
5815 1062253957632498173433353847
5816 1063533354572072714091589465
5817 1064814047652945515119854339
5818 1066096079938257820532733577
5819 1067379419030136515131225491
5820 1068664109390367509430982637
5821 1069950089066860764610322935
5822 1071237422375952347604421485
5823 1072526066630403065892754471
5824 1073816057789003239936679097
5825 1075107353461968089811252495
5826 1076400007218118444163932065
5827 1077693963686111267763485619
5828 1078989282361337808455375397
5829 1080285912047921954665743499
5830 1081583893555270299855356917
5831 1082883197008728205008568871
5832 1084183862126935559669329845
5833 1085485831609427375360694999
5834 1086789168704090776085490225
5835 1088093829923770964403211103
5836 1089399852093598379551777617
5837 1090707192125348489369646587
5838 1092015906523331406354909293
5839 1093325938141187326141084067
5840 1094637341203680080082026189
5841 1095950071260065800391622735
5842 1097264165635321503060630613
5843 1098579593914505374980657671
5844 1099896404402075320041534561
5845 1101214528028629299640861851
5846 1102534035665239809078685681
5847 1103854879655540613885961259
5848 1105177098143572343369516733
5849 1106500651814935438471159859
5850 1107825588282376052202777005
5851 1109151858204342979518873527
5852 1110479515256253616436844349
5853 1111808509222033559052763039
5854 1113138886198706572500417753
5855 1114470609331561259547434547
5856 1115803726625356269107606737
5857 1117138172961972769371614427
5858 1118474016112853538068834069
5859 1119811211424502357947440707
5860 1121149793539662756282939741
5861 1122489723396260515890086367
5862 1123831052987681028455659705
5863 1125173727649202264560006671
5864 1126517806041496751410611393
5865 1127863235351542637226935651
5866 1129210059941325364686595321
5867 1130558243803253984705618475
5868 1131907837741369865997145133
5869 1133258775137127933624175663
5870 1134611121253284941293120309
5871 1135964836063474606665989255
5872 1137319950058474142210917745
5873 1138676426641689082495130959
5874 1140034318124647608906359945
5875 1141393566139587484561322523
5876 1142754233603541192868667177
5877 1144116264451307387627641931
5878 1145479706809762732148168629
5879 1146844525076690095476341983
5880 1148210763737714860187566261
5881 1149578360284279194393547255
5882 1150947379818913773481089553
5883 1152317780075294943606708207
5884 1153689599256847110372324769
5885 1155062791166735215843786579
5886 1156437413867053020759120453
5887 1157813408222851422000915739
5888 1159190833577639673339275837
5889 1160569639743808700449615263
5890 1161949867414597360669559949
5891 1163331486780851258611814823
5892 1164714541864134248785315337
5893 1166098968200531934876297063
5894 1167484836071638082079039857
5895 1168872095719192054619068939
5896 1170260787189829929740804061
5897 1171650866351693989214859267
5898 1173042390244373521328572165
5899 1174435301198569151646540727
5900 1175829657895873384371665677
5901 1177225409474381230387609327
5902 1178622597617746427247858689
5903 1180021189980351842813092827
5904 1181421234712987898434851953
5905 1182822663810360588589220539
5906 1184225547414970938442668389
5907 1185629837872449809945134315
5908 1187035576141656066030586669
5909 1188442716809442793049494655
5910 1189851315777675246770426017
5911 1191261316652963775574441663
5912 1192672776199632700229849777
5913 1194085645258521145669420339
5914 1195499967958356012648365297
5915 1196915706996628696229307363
5916 1198332914078705734331031533
5917 1199751517707150933610931307
5918 1201171592889285076308519613
5919 1202593091871827190759695991
5920 1204016048096774383844592529
5921 1205440425269428526780424447
5922 1206866272247433868846275609
5923 1208293534873006144174936979
5924 1209722275398877204801009473
5925 1211152435637496419812826451
5926 1212584066267864424420440125
5927 1214017127682944034983221599
5928 1215451671793513014858177685
5929 1216887630274211980351994231
5930 1218325069414166427191357001
5931 1219763947040693447246821607
5932 1221204300000106485288928449
5933 1222646084174187998419370659
5934 1224089359562796512576309545
5935 1225534062533880656640949915
5936 1226980256858808008194795885
5937 1228427886919780899719296783
5938 1229876999928330733812561493
5939 1231327561102296962781837439
5940 1232779617269975634654536641
5941 1234233102409606506126560799
5942 1235688085693058265147186241
5943 1237144521538960182276428579
5944 1238602447236738915922973269
5945 1240061818972643764035349347
5946 1241522694905731200526035109
5947 1242985013031153948584960639
5948 1244448840001710340598114013
5949 1245914117741172422536460631
5950 1247380892652591837074840097
5951 1248849130303102834883837871
5952 1250318876764928316036621257
5953 1251790066674498609443043075
5954 1253262771548387286339337461
5955 1254736941991720689640316563
5956 1256212620196518681960822029
5957 1257689756490624699704919879
5958 1259168413279262415499005165
5959 1260648529659932302834618447
5960 1262130164123704896151972649
5961 1263613268000113054783245227
5962 1265097882007859209957449305
5963 1266583972781799299924527979
5964 1268071593602070165275678613
5965 1269560667900390175942673539
5966 1271051273684769393336024989
5967 1272543359378399947300612783
5968 1274036966421690968718218777
5969 1275532050824324577752859767
5970 1277028666762033966746759337
5971 1278526757585779951425472987
5972 1280026383825496953414271601
5973 1281527490769495147565083627
5974 1283030128292847672923546109
5975 1284534255882159176861444515
5976 1286039926256541205789858317
5977 1287547067174193063964632295
5978 1289055754162765017234447625
5979 1290565936898629647518403999
5980 1292077654566935538726625641
5981 1293590864898105677029991731
5982 1295105623513154380555491401
5983 1296621871018173429499273939
5984 1298139671873173911837681389
5985 1299658967054686136800047919
5986 1301179805723872643459320013
5987 1302702149183338144036293207
5988 1304226052948697832374619273
5989 1305751443245096068713120039
5990 1307278393088237126040491161
5991 1308806856687499727847421251
5992 1310336868934165584675944641
5993 1311868387602576521845731683
5994 1313401472012118116038830869
5995 1314936058361828694407209967
5996 1316472214088618066624782229
5997 1318009878599402987819916015
5998 1319549105029525799761467169
5999 1321089853456556648060502423
6000 1322632172596516686086276513
6001 1324175995153414623632774699
6002 1325721391502216035674715453
6003 1327268315466235704662733627
6004 1328816808847533848558772269
6005 1330366820251798438902769119
6006 1331918415364812201412505829
6007 1333471525918761819230388039
6008 1335026220931568757282731017
6009 1336582443689250696051053451
6010 1338140238149611311965945185
6011 1339699572193495274050074723
6012 1341260494428356313554173685
6013 1342822932854994350406908235
6014 1344386965134688167331413429
6015 1345952537536415388086310647
6016 1347519693148958515975794093
6017 1349088384727797093967500815
6018 1350658673593427093655914545
6019 1352230496580521516506750243
6020 1353803918234694416176237265
6021 1355378881021681654882565011
6022 1356955434140694133581207893
6023 1358533539690060546096075515
6024 1360113251578151063538717245
6025 1361694494072815589674326239
6026 1363277345472017294382013025
6027 1364861752760215343229942463
6028 1366447760292883821480462409
6029 1368035319268776753598643787
6030 1369624489673093169333472377
6031 1371215211747869599278153499
6032 1372807545285652331862590621
6033 1374401438242017244851518731
6034 1375996937954563161161096197
6035 1377594002659955597458958239
6036 1379192692105857814888710097
6037 1380792925117911704213926047
6038 1382394785454832713331510233
6039 1383998218866018789563163243
6040 1385603264811669228740675681
6041 1387209880085803442928218515
6042 1388818120816516292887407349
6043 1390427926114453709842273927
6044 1392039366441737250213501733
6045 1393652376580287567403514839
6046 1395267011261298442636772361
6047 1396883228343114001446578391
6048 1398501082716426379369678041
6049 1400120501283503017396091779
6050 1401741556238197220193049121
6051 1403364202393846040121651315
6052 1404988477604157713641026629
6053 1406614336203861703220945367
6054 1408241842687294858943098013
6055 1409870927286936047163212975
6056 1411501659795215425991750041
6057 1413133978279916627535058623
6058 1414767937336222210633678529
6059 1416403495850202112014630627
6060 1418040708000746857587932389
6061 1419679498293203249379129275
6062 1421319944753127545949920557
6063 1422961995557653680911091343
6064 1424605694007203572739747661
6065 1426250990266083291073989519
6066 1427897948117172073159540937
6067 1429546500577707438785899483
6068 1431196719073930902176976713
6069 1432848542004638036405126883
6070 1434502017536923672515596653
6071 1436157110794330644681737059
6072 1437813871729917074406122717
6073 1439472227383438122918527567
6074 1441132257096369433529653789
6075 1442793905549534839325390143
6076 1444457219660271846007031257
6077 1446122144532812466472113579
6078 1447788750229728982143682449
6079 1449456967752551861744451275
6080 1451126863579210395028938205
6081 1452798382099341536439066507
6082 1454471569815945019272412533
6083 1456146388769511461485515983
6084 1457822896412945402009801201
6085 1459501010663285074082083927
6086 1461180817312292881300089393
6087 1462862258500982317399502139
6088 1464545380590224586450187073
6089 1466230134722365493659428051
6090 1467916580487585237649727973
6091 1469604655121130642476982115
6092 1471294425986777918827703205
6093 1472985832578395119224573647
6094 1474678929706579460597223505
6095 1476373672623319878744901783
6096 1478070119546906377950137585
6097 1479768190884851392744340971
6098 1481467968542128194354793993
6099 1483169400096169368888936755
6100 1484872526594644078682553397
6101 1486577301381250998673887999
6102 1488283786169312751988647453
6103 1489991915482807605067869719
6104 1491701759570179258575416777
6105 1493413253857532785813059383
6106 1495126453248368090385754353
6107 1496841314147221666474012971
6108 1498557899490248110530868933
6109 1500276125253714254557391907
6110 1501996073419238967126703397
6111 1503717692918112502959479679
6112 1505441021677884000877230869
6113 1507166014644573744021064687
6114 1508892736800248201903003385
6115 1510621116916686982240234015
6116 1512351231128432949040961681
6117 1514083010588298956827582307
6118 1515816514464816014427431453
6119 1517551698435634892456892723
6120 1519288615929951235657269877
6121 1521027194988212654185732751
6122 1522767510733283084245468045
6123 1524509512588552870228158711
6124 1526253247986085515689192185
6125 1527998659256371125567562459
6126 1529745818094261695430763145
6127 1531494651038195190116233363
6128 1533245232839240995394301757
6129 1534997500886759385578995787
6130 1536751504724153465443246053
6131 1538507207189680839801593023
6132 1540264663387735117155967981
6133 1542023791608376985982245343
6134 1543784680762700425988609905
6135 1545547270529260411183829019
6136 1547311607088096838982608025
6137 1549077639145594630201185691
6138 1550845434314858605259912133
6139 1552614922602081562669007843
6140 1554386174179646923444087605
6141 1556159128443431450992740087
6142 1557933836783219932389940897
6143 1559710260040204203347817095
6144 1561488455701554307641102953
6145 1563268340602819800684306387
6146 1565050001031990730540509265
6147 1566833377192975880574633627
6148 1568618520541432919269836621
6149 1570405375730660526585860851
6150 1572194009911083857798023917
6151 1573984355322747618025496071
6152 1575776480579908946362179369
6153 1577570325497706809204207359
6154 1579365943472007083936950081
6155 1581163289182307236063397059
6156 1582962426566230246132268881
6157 1584763268745572591750418715
6158 1586565905304589801066507613
6159 1588370278229540526527762935
6160 1590176429860622372454232045
6161 1591984312497429524260427199
6162 1593793989299556617649601697
6163 1595605393081759027399424991
6164 1597418599726102852703634249
6165 1599233538317887747069133667
6166 1601050270108181615767794693
6167 1602868746003000977033931691
6168 1604689029547977945060519829
6169 1606511037682703033635801503
6170 1608334852430086025258749949
6171 1610160422886623312404629415
6172 1611987790470824617873430593
6173 1613816904667688973662227543
6174 1615647835540064726370545657
6175 1617480506979080806471043115
6176 1619314996451134359980747893
6177 1621151236942173151659415755
6178 1622989284803000413237526933
6179 1624829098958661013079326023
6180 1626670736271816789736076029
6181 1628514114762618160021969399
6182 1630359319200921315777992113
6183 1632206293087238299548049643
6184 1634055085206417520496308633
6185 1635905639035693674940510547
6186 1637758026053249274525199885
6187 1639612170884809855191056691
6188 1641468154407135853943809869
6189 1643325905520200928510349295
6190 1645185481113567138656133709
6191 1647046839914478032482226015
6192 1648910037460932542026841297
6193 1650774994512230628434041059
6194 1652641797320516788563237033
6195 1654510384937068670349423603
6196 1656380808679773491278098093
6197 1658253009152983976543787195
6198 1660127064256404656467409997
6199 1662002896804965602694608631
6200 1663880579153160634124884729
6201 1665760050809256935546052407
6202 1667641362620607297628148121
6203 1669524472542263407541896291
6204 1671409445364022332208652145
6205 1673296189565605412010471227
6206 1675184799489459618915465037
6207 1677075212766236803873205079
6208 1678967478060732662358641333
6209 1680861543732371122953046583
6210 1682757472407192056851548585
6211 1684655198010235128815364911
6212 1686554793710861456665348833
6213 1688456192713841428176054203
6214 1690359455713032620829616905
6215 1692264532916031396202255363
6216 1694171489230238163999352389
6217 1696080234281843407477010911
6218 1697990862218384060531228133
6219 1699903311947683826389957751
6220 1701817631350790375963059145
6221 1703733766654968325262827911
6222 1705651787519365310654701993
6223 1707571620893628761440658931
6224 1709493343452094641898291157
6225 1711416886432963119152377419
6226 1713342308518195704227295301
6227 1715269562582895943286477839
6228 1717198715509185370933018397
6229 1719129678002637182685202119
6230 1721062537532515125090818121
6231 1722997238956963955764641303
6232 1724933824754323958647996529
6233 1726872244911456644761326707
6234 1728812571211593171533889109
6235 1730754724148530752456766291
6236 1732698788879467278134133661
6237 1734644687813892198393938543
6238 1736592486732317734237712565
6239 1738542136882192055600075455
6240 1740493699039102907739234121
6241 1742447090819306621224654115
6242 1744402397443478452527696241
6243 1746359561908789895672732835
6244 1748318635964688264510468501
6245 1750279556451344744463771731
6246 1752242402082789675768439061
6247 1754207093608273336327859975
6248 1756173711360996332227487537
6249 1758142187522158520668613095
6250 1760112575529886842848871497
6251 1762084836022330659425516147
6252 1764059027028583672921307097
6253 1766035062034009126971333459
6254 1768013036604740820835068333
6255 1769992884327553456406400387
6256 1771974657251342118679952845
6257 1773958297327387245075910479
6258 1775943880041146995315867121
6259 1777931326879650802151385015
6260 1779920717480413936186159521
6261 1781911983794937810945346267
6262 1783905183112978074565348017
6263 1785900270084541805593609283
6264 1787897310469845465669006021
6265 1789896211328568622768099327
6266 1791897066270219731278150637
6267 1793899813011206467371563911
6268 1795904505633755265846684377
6269 1797911084774776532422893311
6270 1799919623511330840573036913
6271 1801930046749037216641447995
6272 1803942429806896024148005561
6273 1805956706158146154895436891
6274 1807972935852193584597890757
6275 1809991068904744840975946215
6276 1812011175329619731253090877
6277 1814033158065486621460548959
6278 1816057118805124655219089273
6279 1818082991255692756493181935
6280 1820110821605370979606589921
6281 1822140559580512240312988683
6282 1824172272612599021409371637
6283 1826205887970871875098360579
6284 1828241488702117945846964173
6285 1830278996445926108547325047
6286 1832318478276421010604436909
6287 1834359881074922250278586511
6288 1836403274183532184328353505
6289 1838448567286291692768975647
6290 1840495849051611135649206097
6291 1842545063533967522077563371
6292 1844596257754541779813311445
6293 1846649373589949085577020395
6294 1848704490098253248716417117
6295 1850761523021725806756399407
6296 1852820558486096222379824957
6297 1854881521852693997476457183
6298 1856944476342886056793000937
6299 1859009373509917999637049539
6300 1861076278169874122293952025
6301 1863145099396932268800341651
6302 1865215930546984626801241789
6303 1867288711314372462260727931
6304 1869363492114157331796624069
6305 1871440212991727671266005263
6306 1873518952590352590003044081
6307 1875599626804031634031802871
6308 1877682324023393455929008433
6309 1879766967646330334245444283
6310 1881853619391357315636619409
6311 1883942235006829487908705403
6312 1886032874367439630172274477
6313 1888125449971321648345459627
6314 1890220057766363071895504637
6315 1892316629103500947537357607
6316 1894415222521608614819856145
6317 1896515772161723333216877359
6318 1898618360755367268628670361
6319 1900722907335204273776165595
6320 1902829489386660319799138513
6321 1904938040418820629554801187
6322 1907048615935275178503255165
6323 1909161171200761590208639807
6324 1911275777673587140159438213
6325 1913392333352288378641322663
6326 1915510942691616021072696937
6327 1917631534704283716618554319
6328 1919754166486469496167028977
6329 1921878776897213356338628971
6330 1924005439959493200997577825
6331 1926134079349592418471031899
6332 1928264777100589737174365069
6333 1930397460219220258756492799
6334 1932532193249035234350993885
6335 1934668923299131339599310487
6336 1936807718682929878960982585
6337 1938948484666625538077563399
6338 1941091320979508015470400993
6339 1943236163525452421887913907
6340 1945383061483945799057610077
6341 1947531958526304196397140963
6342 1949682930503762163085636813
6343 1951835894488218892326917079
6344 1953990939032609700427541813
6345 1956147984992752959999442679
6346 1958307099516654009961363857
6347 1960468228458510927080456499
6348 1962631447761674844048422161
6349 1964796656039270072931535971
6350 1966963952090820526605864101
6351 1969133274416534781899489683
6352 1971304670471604553151566989
6353 1973478084695090204232932127
6354 1975653593862803550672396085
6355 1977831114897509711268412943
6356 1980010736055750969371946337
6357 1982192375266754740989953091
6358 1984376104876502726974267289
6359 1986561871878359333823930243
6360 1988749741213751134865252557
6361 1990939623488162253174852843
6362 1993131611325872976920315949
6363 1995325642790125018611368991
6364 1997521773876090013278080097
6365 1999719935472219605409911127
6366 2001920216329301015758219633
6367 2004122525744751423431061107
6368 2006326954977690762906955617
6369 2008533428109797862935166427
6370 2010742003397061692852572365
6371 2012952636649288940222043883
6372 2015165393750329303063119309
6373 2017380178752171245470184231
6374 2019597096809748082063221137
6375 2021816074775461117624349119
6376 2024037169787212881086310913
6377 2026260318335987570395510131
6378 2028485602215357427979212409
6379 2030712936918342676121904635
6380 2032942409364858625884408669
6381 2035173943976897823707701247
6382 2037407603710315303638739381
6383 2039643339453863231864957127
6384 2041881222087754125451650769
6385 2044121149898750030009882719
6386 2046363227725431185036709345
6387 2048607385183018566018820651
6388 2050853682484818759920492273
6389 2053102053648540327264775075
6390 2055352578787161846630254349
6391 2057605176515645127695953231
6392 2059859927531357761975861445
6393 2062116760641390800052945935
6394 2064375742064678440074206281
6395 2066636815302639021973297303
6396 2068900059204063997191416449
6397 2071165365740478504513585315
6398 2073432845422132820096343061
6399 2075702425871919867802139171
6400 2077974159265746876395435237
6401 2080247990194398035310991183
6402 2082523992468168370619381333
6403 2084802084915088139347970927
6404 2087082360410378172903313809
6405 2089364732436961015409640635
6406 2091649272734153600917651257
6407 2093935926070829259476359427
6408 2096224766286955532876199901
6409 2098515695227444775661515963
6410 2100808809976391754491299405
6411 2103104048740390777930951735
6412 2105401463214476093625474085
6413 2107700989386898704451126743
6414 2110002715254776870467276601
6415 2112306547611300435040605979
6416 2114612580448371800695538689
6417 2116920731151574066022187835
6418 2119231071275392341620089485
6419 2121543545343135087818002067
6420 2123858225283517615820746261
6421 2126175011337979722681850151
6422 2128494007282049219642602777
6423 2130815145979227812175149271
6424 2133138483021838281625241409
6425 2135463950979769402034154699
6426 2137791636239469118038322121
6427 2140121447567268951399367083
6428 2142453481606905804673104077
6429 2144787655756188622144595827
6430 2147124035337734596470908549
6431 2149462573119199094748154495
6432 2151803335227639422374065529
6433 2154146224383958387377993567
6434 2156491345132619737889876857
6435 2158838624274252309314806979
6436 2161188124712067475457160273
6437 2163539774366210821862065715
6438 2165893665358581498793536981
6439 2168249705753691823860174839
6440 2170607983751304090960711581
6441 2172968423911662501865232951
6442 2175331088318113221957367113
6443 2177695928758210285069359175
6444 2180063020963223288572050041
6445 2182432255661476483915803587
6446 2184803745823725853090425757
6447 2187177414362502330711632355
6448 2189553321358413314690395341
6449 2191931404386996530048062303
6450 2194311741429969537069969845
6451 2196694250492539843863974231
6452 2199079020233108051524548193
6453 2201465968635692575566659791
6454 2203855171203642664855393393
6455 2206246563887544994603758523
6456 2208640228043520526779191677
6457 2211036055413705263955119211
6458 2213434157796050808621608797
6459 2215834462980468912487084967
6460 2218237026749282640033275333
6461 2220641785221109193546388015
6462 2223048820608998101702845897
6463 2225458046188064410025420235
6464 2227869554837299686502642825
6465 2230283263899516995431589251
6466 2232699242726784220540743285
6467 2235117435016785388716151963
6468 2237537922609349067670581741
6469 2239960593528755185595729703
6470 2242385557874856434753405005
6471 2244812747234419940070925199
6472 2247242213422612472200861881
6473 2249673895644954327668541555
6474 2252107879727768282829939785
6475 2254544070390781180295905651
6476 2256982568600270023882516373
6477 2259423282915170500510675171
6478 2261866292918181209085439205
6479 2264311540146817923418020375
6480 2266759094815855050140367609
6481 2269208860078720300078352839
6482 2271660936559852846981312017
6483 2274115255943339995583225795
6484 2276571880957856086697956529
6485 2279030736984706597107794603
6486 2281491918348344041807414237
6487 2283955327892172623374633503
6488 2286421064389415020145944549
6489 2288889043724061205453851767
6490 2291359330793951962468007361
6491 2293831877142110293478478471
6492 2296306756129135690721214329
6493 2298783861418136182976229115
6494 2301263307696218855401582193
6495 2303745016172843385810750707
6496 2306229048358484780762874325
6497 2308715332905356886164943615
6498 2311203962311316509912005117
6499 2313694843506668849198057239
6500 2316188070106777336035873761
6501 2318683560726244925769254343
6502 2321181384682489011426028993
6503 2323681486104049006425438635
6504 2326183944757188132589119829
6505 2328688647567706875249475323
6506 2331195711444771891269161757
6507 2333705057202072303786170839
6508 2336216751803174775539782013
6509 2338730722389616766440972687
6510 2341247056239100497025468889
6511 2343765664089361254210454959
6512 2346286636271660491833648233
6513 2348809894460011070386479491
6514 2351335508740295568206973317
6515 2353863420358105968836612435
6516 2356393711564557808458482045
6517 2358926267948364527063123479
6518 2361461207279607015734572021
6519 2363998453026730206256158175
6520 2366538061925674258984436033
6521 2369079972328786741183081875
6522 2371624266589395630395623953
6523 2374170853389305774067514211
6524 2376719836052288705622023285
6525 2379271116522719170225669347
6526 2381824778748953257963876421
6527 2384380758097699076748441127
6528 2386939138100954186542733773
6529 2389499808811978971573605679
6530 2392062878616564430931262737
6531 2394628279528813041643381923
6532 2397196065372882171705817113
6533 2399766169558764596046865811
6534 2402338686745027419476238925
6535 2404913515632330689758305643
6536 2407490757650902229693950317
6537 2410070324406566750094721855
6538 2412652290939298925958081761
6539 2415236599472280264430925071
6540 2417823328601334159885660401
6541 2420412368202049972211676491
6542 2423003832085054398800136177
6543 2425597645341356940858550235
6544 2428193871152137362203845445
6545 2430792434398562400005443399
6546 2433393428928342343317155581
6547 2435996755459091790497624855
6548 2438602522121215835183518769
6549 2441210635158949821015988351
6550 2443821168880502180719544065
6551 2446434068911775599702216763
6552 2449049406757090927533510057
6553 2451667078506374113057503499
6554 2454287197769413354618510477
6555 2456909684917514175235541087
6556 2459534608565250019321237901
6557 2462161888983020309066747935
6558 2464791628175829088404599857
6559 2467423725251072656702204903
6560 2470058273623346025613446449
6561 2472695194927925032746487579
6562 2475334555986450273110835173
6563 2477976302816649010576341923
6564 2480620520186390473618788997
6565 2483267085284893827127668719
6566 2485916125071069490825455269
6567 2488567552893846154430752663
6568 2491221436449640960743502225
6569 2493877705612663611294583231
6570 2496536446517511267779750481
6571 2499197568946980768321247307
6572 2501861170489073655481460749
6573 2504527161907598685366044003
6574 2507195621592964060810306597
6575 2509866485784514196660895807
6576 2512539840277894354940358389
6577 2515215567450112927728051879
6578 2517893788403499802118076257
6579 2520574423678005074304587827
6580 2523257535659412562453557217
6581 2525943052114428960731422843
6582 2528631066638309867371233605
6583 2531321482049222880293278891
6584 2534014402032040200813007685
6585 2536709732804222978092462799
6586 2539407553636920418044790913
6587 2542107800209817506441375351
6588 2544810560984310945879925257
6589 2547515718212156126280168579
6590 2550223387914255813553686673
6591 2552933497816583335724154835
6592 2555646103207401217943503405
6593 2558361138175895828085614835
6594 2561078696311374837688864509
6595 2563798672541187635607468871
6596 2566521178018734284824185489
6597 2569246113911965357560377375
6598 2571973565137883407170387889
6599 2574703468646694711063783323
6600 2577435903047592551659500825
6601 2580170758064071276772461939
6602 2582908147172197170966896389
6603 2585647995160813482796989015
6604 2588390370242983402555618637
6605 2591135191216869757687565991
6606 2593882560157525264190178177
6607 2596632370803627111820139279
6608 2599384731509688119186333729
6609 2602139549204249313739430787
6610 2604896897244902864598060793
6611 2607656722131626385567406947
6612 2610419103146316962435124925
6613 2613183923369300685087632663
6614 2615951310344221973566790565
6615 2618721174426110723886856943
6616 2621493585115298028530870345
6617 2624268464007740027351926783
6618 2627045913350001510235614681
6619 2629825830413500633405655267
6620 2632608317585005108848498181
6621 2635393286545236250623571107
6622 2638180811129420414896775093
6623 2640970831191357153609446391
6624 2643763432590159297041001989
6625 2646558495992398353697997047
6626 2649356143513945762782247009
6627 2652156293119042190716605311
6628 2654959015781746758826770153
6629 2657764231478434044141962219
6630 2660572037006313104063165013
6631 2663382333850517972927146851
6632 2666195222411586767482590213
6633 2669010614094302441562003583
6634 2671828588389144951348341637
6635 2674649077603544429716255735
6636 2677472176092819803907098937
6637 2680297752396386201649811155
6638 2683125942460773092087388505
6639 2685956659623913159987907467
6640 2688789964123266284039530541
6641 2691625791663842578470224595
6642 2694464227675487710116264173
6643 2697305177300499500697454095
6644 2700148748963066459338594465
6645 2702994839716928876071391359
6646 2705843538196686533750883713
6647 2708694776626328752608727331
6648 2711548644149161601805548345
6649 2714405021586599998618100875
6650 2717264025820618126761356701
6651 2720125580695427015729756867
6652 2722989751500465596706219365
6653 2725856459785588091466048751
6654 2728725812102142760427615441
6655 2731597695312623329495897207
6656 2734472222814954601507975305
6657 2737349295514578115711496835
6658 2740228996737416622494020825
6659 2743111262452782578656625347
6660 2745996179202472105719578589
6661 2748883627226016741297950255
6662 2751773729492197999007216821
6663 2754666405439631732835213047
6664 2757561722013529538957491457
6665 2760459598318733628711635695
6666 2763360138440753347423580001
6667 2766263232845370955661048531
6668 2769168997923754606106537073
6669 2772077332960944682299961427
6670 2774988318111855844038965165
6671 2777901894574653860308245415
6672 2780818139996878664471940189
6673 2783736940598254321426813415
6674 2786658422987587565696829289
6675 2789582498769977454343200287
6676 2792509241279455014358067425
6677 2795438564969047372240698539
6678 2798370579914405738274255925
6679 2801305174766869515099691835
6680 2804242455549958785473541173
6681 2807182333857991897828751847
6682 2810124883541007937686441461
6683 2813070045541991939869560231
6684 2816017912694250465192989353
6685 2818968350375608891445549731
6686 2821921495437453682809940601
6687 2824877255452002521039648163
6688 2827835705080126558532074837
6689 2830796765940048447655001563
6690 2833760532767678087591740005
6691 2836726906744013231822694271
6692 2839695993838091801446587909
6693 2842667696826049257440382959
6694 2845642103459636180593063121
6695 2848619141294475843852617563
6696 2851598904730745001099243977
6697 2854581265890564778721890515
6698 2857566356435787348887004045
6699 2860554090242918934507633307
6700 2863544533095610531395444941
6701 2866537609935920320796711711
6702 2869533421404697330191550417
6703 2872531860449593106283252999
6704 2875533041207810009872196497
6705 2878536859496431051826006779
6706 2881543403271858171815009889
6707 2884552600707318108164185403
6708 2887564550969896972420693485
6709 2890579123768731453430429459
6710 2893596447509845286079010229
6711 2896616441398257804994572887
6712 2899639166881647822208877641
6713 2902664550898535170401517703
6714 2905692693556821206324431313
6715 2908723485286208596031827251
6716 2911757044872940928513070601
6717 2914793263864105259084921243
6718 2917832235240630334879193981
6719 2920873890654966519506962663
6720 2923918315316462086928064757
6721 2926965388354525987398933471
6722 2930015234360174944638036801
6723 2933067771206701301900201791
6724 2936123073572835966968564977
6725 2939181050655383420857503555
6726 2942241818155230101478201909
6727 2945305255710687451972809443
6728 2948371482661841782544586269
6729 2951440400239997444371016247
6730 2954512085883511825739653213
6731 2957586481773813671642630063
6732 2960663673942928727814627993
6733 2963743535432735306022075871
6734 2966826203110687021657800193
6735 2969911581488924240508006403
6736 2972999745181712847502412317
6737 2976090611503622264364619043
6738 2979184289942430150361046557
6739 2982280666591899330848709567
6740 2985379856901881682077187317
6741 2988481759437720282827821807
6742 2991586458232587421480107849
6743 2994693887521985340443189971
6744 2997804141873524461312897217
6745 3000917087784807616558415019
6746 3004032863026805127605897645
6747 3007151373378330597608208283
6748 3010272699189563448122951173
6749 3013396751335380525502405583
6750 3016523634553952431913830357
6751 3019653246460087721653676647
6752 3022785689782708709632156393
6753 3025920873306421490031162715
6754 3029058880938872546498063521
6755 3032199640068912169344203531
6756 3035343250987068054358336589
6757 3038489574257739235475063891
6758 3041638755779959596238072549
6759 3044790700905325005477819863
6760 3047945477359922899821619601
6761 3051103009899038736352251871
6762 3054263398748158840595641129
6763 3057426532265340535736290347
6764 3060592536617406421615094393
6765 3063761296355134738594109035
6766 3066932907631598121999150805
6767 3070107296042397929611158563
6768 3073284559458704557946493549
6769 3076464567556882578557188687
6770 3079647446566317167151016329
6771 3082833117390928931641545551
6772 3086021646554444862967844465
6773 3089212953110904549321119667
6774 3092407150073918141034264601
6775 3095604115089473789037014979
6776 3098803971059824858512882101
6777 3102006607939307517349943559
6778 3105212120339734677609417205
6779 3108420437248337741358175887
6780 3111631652570158802980067537
6781 3114845635830971224615371639
6782 3118062521757766512714668425
6783 3121282220857465205908380891
6784 3124504807011313939339346197
6785 3127730192156609238877540315
6786 3130958488784478385024376117
6787 3134189579813022360869843583
6788 3137423589719081865021135533
6789 3140660408900233170621738007
6790 3143900125693627309660064409
6791 3147142673605515426707774855
6792 3150388142589303524546985393
6793 3153636404042557591212308251
6794 3156887596882049343009622405
6795 3160141624132702956031005251
6796 3163398567639907830223460581
6797 3166658332514962091829030359
6798 3169921037886334598053667901
6799 3173186564046315555278036687
6800 3176455026891664998858059265
6801 3179726331126156082280539267
6802 3183000553393935089561262009
6803 3186277632069713395927141091
6804 3189557665778808479993493101
6805 3192840508592878101725983363
6806 3196126311945625966214847197
6807 3199414973829398796772695759
6808 3202706575168601211719040181
6809 3206001030792146670841281855
6810 3209298445233190608086836553
6811 3212598707698275121823279659
6812 3215901935265366765535289729
6813 3219208021073785432907610947
6814 3222517063548762097364154173
6815 3225828981468272046232341731
6816 3229143877660656396551844245
6817 3232461612978572697002172775
6818 3235782330991883971475086729
6819 3239105937500937897572840671
6820 3242432505183126235266609529
6821 3245761951586661253551200667
6822 3249094384658397601648857897
6823 3252429691383230319642704931
6824 3255767991790613815103910749
6825 3259109176192209981696947591
6826 3262453336477333032733558293
6827 3265800397806822279029371111
6828 3269150469230345238710115681
6829 3272503405004434617648647327
6830 3275859347665780464887009065
6831 3279218206863517351419221043
6832 3282580050593151036000478009
6833 3285944796968617535049660347
6834 3289312560994605911678080701
6835 3292683216872258338930827391
6836 3296056899224191061059520253
6837 3299433486064966915682693735
6838 3302813081276977094596445441
6839 3306195608554270195877507943
6840 3309581158575054362820944793
6841 3312969604188597029081455419
6842 3316361079433258659063540797
6843 3319755494769340075617317443
6844 3323152931183480158063967485
6845 3326553290699572357418503791
6846 3329956696609472336101387877
6847 3333363020078310625808700503
6848 3336772391001723240981369841
6849 3340184701096744759603127367
6850 3343600034888869327852272873
6851 3347018328762401591260569907
6852 3350439678488492884190807133
6853 3353863943033449690580908579
6854 3357291272552728615731277813
6855 3360721563776008253549531287
6856 3364154898859328869400020037
6857 3367591185649729527948300103
6858 3371030542618776308561925913
6859 3374472848829596319986957019
6860 3377918225677763623577370745
6861 3381366565544565484830732467
6862 3384817959468779345941350845
6863 3388272336822057581182698419
6864 3391729799766293842926800229
6865 3395190202608999031312065559
6866 3398653694975907193034641093
6867 3402120174194362162799452143
6868 3405589726614449297445574609
6869 3409062257417565742808137931
6870 3412537883027717759306054041
6871 3416016484925663532214433859
6872 3419498182982162942123692853
6873 3422982871626864197641894059
6874 3426470644949580781677365685
6875 3429961421424216754142514191
6876 3433455312692193214614391465
6877 3436952166807998987416363247
6878 3440452141021470281315900289
6879 3443955133623207566783875539
6880 3447461217251026056203191489
6881 3450970312117405443444613227
6882 3454482522939429449093238125
6883 3457997734374512029415537335
6884 3461516078501916236752013485
6885 3465037431656285024135954215
6886 3468561899890030233549809617
6887 3472089398244025742231239687
6888 3475620036930908673202155913
6889 3479153669808707645685993187
6890 3482690439358428648265539233
6891 3486230258284599653651066139
6892 3489773197558415550651568533
6893 3493319168215596030205667895
6894 3496868294642003219417203861
6895 3500420443523428009266819303
6896 3503975746406878888119662217
6897 3507534087626581223086012695
6898 3511095567355748949170707785
6899 3514660110177070374323208363
6900 3518227817120898901557527269
6901 3521798545176571805647672739
6902 3525372442101358863407641117
6903 3528949407760423806162028967
6904 3532529526380149125536142581
6905 3536112701177625307760221071
6906 3539699054082808693012328265
6907 3543288456452203420903903527
6908 3546881047255945681013441681
6909 3550476703993225752487786059
6910 3554075521499645618314870669
6911 3557677431861008952009998795
6912 3561282528042774025628213877
6913 3564890675156489590526286703
6914 3568502020607039925454745845
6915 3572116459060238295443626583
6916 3575734080851056384721035673
6917 3579354780149183751220116059
6918 3582978691835004835754462585
6919 3586605681792447930540331395
6920 3590235877367195349121424661
6921 3593869171179051346162125435
6922 3597505653414208324456988709
6923 3601145249559239543550252399
6924 3604788072195541569440540969
6925 3608433960627035547980641255
6926 3612083079620272839539200529
6927 3615735321213381143331478107
6928 3619390768197869270754376481
6929 3623049331434962461952491867
6930 3626711121126313845096795501
6931 3630376019243095851596344739
6932 3634044151859979219243935317
6933 3637715406758557160797275023
6934 3641389884806178719117808385
6935 3645067502659757325374523055
6936 3648748371530627954171579073
6937 3652432336330464004958846507
6938 3656119556217296537342046649
6939 3659809926257478266497920467
6940 3663503530258026643491987093
6941 3667200274414013080477904727
6942 3670900278150060352604868805
6943 3674603414845885780341784567
6944 3678309820911717054159799009
6945 3682019370289417377075735039
6946 3685732169041949315387397713
6947 3689448133449860111692593659
6948 3693167379120396248687086649
6949 3696889752388902134057524787
6950 3700615404400124093947822461
6951 3704344239456050491231442727
6952 3708076328545665422462808053
6953 3711811586440529386840583031
6954 3715550136320924548139748969
6955 3719291842437568555853091383
6956 3723036848220574313996185089
6957 3726785023318741916028113395
6958 3730536479656471529007651165
6959 3734291132114588799141923259
6960 3738049084716376553940579165
6961 3741810195305214981764219823
6962 3745574611406739058318911301
6963 3749342235515702687888631583
6964 3753113155071712942516717705
6965 3756887261218317037243801055
6966 3760664689990204029564186489
6967 3764445301737358032852516651
6968 3768229238140373343083979501
6969 3772016380670943875672573299
6970 3775806820666008171577239053
6971 3779600490340690755103337111
6972 3783397492339840077494253805
6973 3787197672354853580395525471
6974 3791001196805784974004727497
6975 3794807950849028790377530755
6976 3798618024272481909037176073
6977 3802431317188471639214885339
6978 3806247958363191194621801093
6979 3810067816099634486791292259
6980 3813891021581915361044702373
6981 3817717459437243253022953695
6982 3821547229284740742960063505
6983 3825380252548924617445772463
6984 3829216639400168064203541121
6985 3833056233539202572757247067
6986 3836899195581730763658861369
6987 3840745413394613622858866203
6988 3844594984277224728735329829
6989 3848447803361212748595980611
6990 3852303997735524922895336597
6991 3856163437466820777358348231
6992 3860026252766396095950964929
6993 3863892328796378661531023991
6994 3867761766060207078441153953
6995 3871634479683763529162298203
6996 3875510591246508752406381601
6997 3879389931254320927695803227
6998 3883272675457744554771227173
6999 3887158710198679102632469639
7000 3891048114832810512380318637
7001 3894940801446723035573719007
7002 3898836885829938145720686809
7003 3902736241698781364600639687
7004 3906639013218985276382861169
7005 3910545066181759842941468843
7006 3914454514036902690098961617
7007 3918367266680760377988712675
7008 3922283440800036100494669885
7009 3926202881319231443153657231
7010 3930125741563966897089113221
7011 3934051924414141070032919567
7012 3937981510738053673968668513
7013 3941914400697804944279823511
7014 3945850730561851020986374281
7015 3949790353976027969753138539
7016 3953733417385422694506831709
7017 3957679793475484569702252819
7018 3961629591072253620883343021
7019 3965582726679397170967037263
7020 3969539310569291714720206981
7021 3973499189169016770025556487
7022 3977462518115961892310729033
7023 3981429195180811964273664963
7024 3985399308510002216703708569
7025 3989372752687177661236247787
7026 3993349663688525722798847685
7027 3997329896275610382731102907
7028 4001313603915436440032001013
7029 4005300651066852562886582191
7030 4009291145636296558282949637
7031 4013285009875920940528362039
7032 4017282348378294191301628105
7033 4021283008704261548330668499
7034 4025287158132082704073046713
7035 4029294678287945437546163531
7036 4033305664793514896920914717
7037 4037320008543698944278231747
7038 4041337850018125120867534797
7039 4045359050085799502710702679
7040 4049383740545452141778530481
7041 4053411809183715528517205591
7042 4057443349848261467313143753
7043 4061478285007269016649958715
7044 4065516736006422005607465753
7045 4069558529253488028806274763
7046 4073603842687125625027835917
7047 4077652556018272931394506091
7048 4081704766144367320868664685
7049 4085760368071176538978226239
7050 4089819486820909960248971073
7051 4093881992007648476290069727
7052 4097948024706409478109179665
7053 4102017458179770418477706011
7054 4106090404616136122326147657
7055 4110166771088061012144205067
7056 4114246677930757118715353773
7057 4118329959164409838728544751
7058 4122416785010825917835144885
7059 4126507046554098709655321879
7060 4130600828229907522593668177
7061 4134698033081006943194247391
7062 4138798789923692591262787905
7063 4142902959730761232119268699
7064 4147010688993182306407422645
7065 4151121844314419869914862507
7066 4155236539455048299384216749
7067 4159354683581449234475421663
7068 4163476404291029198321152661
7069 4167601528817848459224561775
7070 4171730227745590492453032657
7071 4175862391131886128346305007
7072 4179998101601048916806341561
7073 4184137265020068343334874939
7074 4188280012143258309070280501
7075 4192426197752886870750545083
7076 4196575978267991919828310077
7077 4200729210049746871613611559
7078 4204886015418293196022750197
7079 4209046303544982234411305743
7080 4213210187102895122866616905
7081 4217377511560668198654902731
7082 4221548434900876953970224217
7083 4225722852121374189231448299
7084 4229900859048869607884750357
7085 4234082334500696800324935691
7086 4238267430389350352858676493
7087 4242455993778299211748473719
7088 4246648176917975517319013709
7089 4250843853911959636758543303
7090 4255043122046009152844175545
7091 4259245907085349156717651763
7092 4263452318196837452457491209
7093 4267662192930862706413708771
7094 4271875710266301080012967997
7095 4276092745355065219870822195
7096 4280313395259140725805825509
7097 4284537550433641730874729591
7098 4288765353649453054806239689
7099 4292996655682528415407598727
7100 4297231607412292914718190465
7101 4301470077329167057823115179
7102 4305712175166105549263403713
7103 4309957815992549683854553179
7104 4314207120547729553367281701
7105 4318459916110488414880508323
7106 4322716378821874755820304677
7107 4326976388805322117745353079
7108 4331240048619764154559412809
7109 4335507247121952999064356015
7110 4339778117461442535364459449
7111 4344052524279219439192921947
7112 4348330604553127653387381841
7113 4352612233315982754797914075
7114 4356897524417983858449757461
7115 4361186383076295250528477591
7116 4365478941335980385281481421
7117 4369775015695067119939834375
7118 4374074795094838174731437577
7119 4378378155928387408641304599
7120 4382685185575640467650534177
7121 4386995787577792582562299427
7122 4391310091541418772000484469
7123 4395627956092756640929502315
7124 4399949539235815514090633501
7125 4404274695251545868719599895
7126 4408603546596973598827620413
7127 4412935993784584480303710695
7128 4417272166832861902678302721
7129 4421611896557598009607161415
7130 4425955347219516872584428857
7131 4430302416505121370058030467
7132 4434653189097507074268831717
7133 4439007559647912649995691139
7134 4443365673265568898164691413
7135 4447727372298737645147407255
7136 4452092816490966349964986821
7137 4456461866055318287203059127
7138 4460834640590629179483445377
7139 4465211047628825757734754451
7140 4469591208479676394603559617
7141 4473974951296330043140305619
7142 4478362454703513488013999813
7143 4482753601162734477145596571
7144 4487148488052812666444802229
7145 4491547000669746854361735487
7146 4495949283940244670862491285
7147 4500355184341570969342177879
7148 4504764864056997362123142841
7149 4509178180719507113600436523
7150 4513595248426576867243629249
7151 4518015985311999623298869227
7152 4522440502310180083245905429
7153 4526868635848399713672756603
7154 4531300563467520375662786541
7155 4535736158241284735947258055
7156 4540175528087208957304794449
7157 4544618549050326348899137407
7158 4549065379598598898574317881
7159 4553515861629245672861464331
7160 4557970144972959907459351569
7161 4562428104070696389473522259
7162 4566889839656800461281063653
7163 4571355269276016222355709583
7164 4575824524986603644863621637
7165 4580297418627976972598626247
7166 4584774141469637705911979937
7167 4589254564875467125138652711
7168 4593738789944439049376617289
7169 4598226707807310384876028387
7170 4602718451414029210083606153
7171 4607213882175909160325776435
7172 4611713149793327378381897333
7173 4616216115209575447095770327
7174 4620722905628863750534670333
7175 4625233415268481967892524631
7176 4629747775985810835939762985
7177 4634265807876528173404634447
7178 4638787699426212991160371417
7179 4643313326976107465301358363
7180 4647842786866967629555462389
7181 4652375968850367514628105875
7182 4656913013828631335875445277
7183 4661453771874131609163686743
7184 4665998401788328400444190205
7185 4670546760641619279916040735
7186 4675098968920812780503853657
7187 4679654930053366902114688311
7188 4684214782490686072686841233
7189 4688778337588571631381297891
7190 4693345777911876105139186749
7191 4697916989799090692167759411
7192 4702492059464575514391718309
7193 4707070884725206300080345223
7194 4711653610270775567427874629
7195 4716240074183030687481281591
7196 4720830448748408912486710281
7197 4725424577550643973445424491
7198 4730022592469052815042159377
7199 4734624397774888335760805955
7200 4739230111557166274241735085
7201 4743839567961746033664986667
7202 4748452939540597088065658757
7203 4753070110328131779375922607
7204 4757691183323224066831295293
7205 4762316031485297322855202463
7206 4766944818602757144312948921
7207 4771577375427939227137202595
7208 4776213871452742500664240753
7209 4780854163074209286484223123
7210 4785498363347351600392517437
7211 4790146384426431016429952187
7212 4794798351488041670779531349
7213 4799454086295955961609227871
7214 4804113781104476616607960361
7215 4808777302803640791617800495
7216 4813444755771449341259577017
7217 4818116020435265268575580539
7218 4822791247434657200745960153
7219 4827470284589880294392284851
7220 4832153286430885884000390317
7221 4836840118034206637696120975
7222 4841530893388437943021978629
7223 4846225520536605730915079047
7224 4850924133756439535014428505
7225 4855626538456579530587428991
7226 4860332934649192895274606145
7227 4865043186056710992078664427
7228 4869757406972351653145255649
7229 4874475474087151719435645043
7230 4879197536404362314477830781
7231 4883923440178718991150305847
7232 4888653338674119434461345941
7233 4893387098106294557983947671
7234 4898124837860155771870131777
7235 4902866458413841261778562039
7236 4907612097810338522419634137
7237 4912361562625773815928311163
7238 4917115053594612377673577893
7239 4921872437706730509375413915
7240 4926633810259236140519143605
7241 4931399069097004462735367191
7242 4936168350555368671889256141
7243 4940941504826134787375002727
7244 4945718701892174756040470337
7245 4950499780059677721046480335
7246 4955284875391129249827647409
7247 4960073880411981197306125467
7248 4964866937502704658169042885
7249 4969663859707557192693960195
7250 4974464828882108434631598037
7251 4979269729575393222133277919
7252 4984078657929698045741117893
7253 4988891493188251528863232391
7254 4993708398417596677384279801
7255 4998529202394423668762838563
7256 5003354076265554321037158801
7257 5008182869304895901699606315
7258 5013015710574145241854506493
7259 5017852500951752893774359659
7260 5022693370985260481189103797
7261 5027538135464346941753225535
7262 5032386986288420510656414721
7263 5037239797819510109056864247
7264 5042096673147406679178450137
7265 5046957490321939978077369787
7266 5051822405033137864737000777
7267 5056691247850495314628962659
7268 5061564201430678760480038069
7269 5066441108183175067492579763
7270 5071322091556785271823326445
7271 5076207062114296579433007719
7272 5081096139956220225963859257
7273 5085989148766355742174096935
7274 5090886278479080557848183489
7275 5095787394857675386012301499
7276 5100692614621695378257033937
7277 5105601803017436080601287899
7278 5110515130636318429895306213
7279 5115432427174201696690987351
7280 5120353852351897604420247077
7281 5125279269710446530114176047
7282 5130208794018163552109219873
7283 5135142331128094361707519983
7284 5140080026407889105746071545
7285 5145021673292634260432455939
7286 5149967483015613027611749577
7287 5154917313855051604586640139
7288 5159871273793392472377703453
7289 5164829246053154707607012911
7290 5169791376660177810448004941
7291 5174757513670281825000665255
7292 5179727818187991821018817457
7293 5184702142197697720647245791
7294 5189680619491759325703251753
7295 5194663137531964200550389803
7296 5199649841385424421345502173
7297 5204640534081869112964130211
7298 5209635419704404714312834709
7299 5214634364142891731546319167
7300 5219637470972355168091097901
7301 5224644621973610276364500463
7302 5229655968863628459384534513
7303 5234671349143310001431100035
7304 5239690939656857499367217881
7305 5244714579795837791377835459
7306 5249742401906009781019392349
7307 5254774300948624648200559667
7308 5259810424283315000258439885
7309 5264850570880821819944451527
7310 5269894937891123327809632445
7311 5274943402108079051133570303
7312 5279996057250451119694685193
7313 5285052792267643189507578907
7314 5290113764832163309246326849
7315 5295178798220985093705819771
7316 5300248076722793150341094669
7317 5305321432564771975269567467
7318 5310399013010552223777666877
7319 5315480708061844194191232751
7320 5320566650774419184960564825
7321 5325656657380746397757270103
7322 5330750915473578741236236025
7323 5335849300304545770033224811
7324 5340951924309438488494337209
7325 5346058650427965388719304651
7326 5351169650674634889055239013
7327 5356284748111902083777487667
7328 5361404121363884872502161429
7329 5366527619313267148318377007
7330 5371655357039056601427426169
7331 5376787248692305263978079847
7332 5381923427082547278452612001
7333 5387063694936970257891704443
7334 5392208266059075642802080865
7335 5397356989023941309410195763
7336 5402509984202851984825349773
7337 5407667114347978754422137727
7338 5412828552586832139935998101
7339 5417994124181646663047771823
7340 5423164005499286851259301089
7341 5428338043552922088507204447
7342 5433516365364781296674849953
7343 5438698870305693622522101867
7344 5443885696991555483814585217
7345 5449076647994336988474058707
7346 5454271928618749488316162149
7347 5459471399633951777624099415
7348 5464675178199396456244919829
7349 5469883134168031026470732343
7350 5475095427405941326281992153
7351 5480311891381354569847111295
7352 5485532692585666080988714449
7353 5490757686211893484146054851
7354 5495987002653634682965995261
7355 5501220529358971474979026435
7356 5506458424265244407711151013
7357 5511700467859971888004442671
7358 5516946883415640286557016197
7359 5522197528180519160405108655
7360 5527452502956604047706552217
7361 5532711696597148232605993235
7362 5537975257345826487597452369
7363 5543243021905390549358390619
7364 5548515174612304454567633733
7365 5553791539683687863001695755
7366 5559072266673080046023557821
7367 5564357240831546081533365999
7368 5569646611600784025858815981
7369 5574940179894524343437812439
7370 5580238141375464352026206713
7371 5585540368717352292094702219
7372 5590846966923000270369217785
7373 5596157808021504276782041219
7374 5601473066805324067214461805
7375 5606792558481428744798016323
7376 5612116469077031872223716293
7377 5617444632944196980363460911
7378 5622777191381978163634801561
7379 5628114033949890219267121015
7380 5633455304771843599536209913
7381 5638800805059478493450223651
7382 5644150739809713317337074681
7383 5649504972291302227323801627
7384 5654863618054179857012085109
7385 5660226539347036488414262187
7386 5665593909334024045256853365
7387 5670965543040779022821176991
7388 5676341638449656124560191273
7389 5681722025243413226490506463
7390 5687106835264044994628510785
7391 5692495972316827726893287315
7392 5697889567922192552005835161
7393 5703287425965043826949978195
7394 5708689758738601929571313053
7395 5714096421621806493103858839
7396 5719507533097554848146761621
7397 5724922954096440712323842967
7398 5730342865288937700838138777
7399 5735767083727600183146462279
7400 5741195780779699517613753809
7401 5746628812184017972024084227
7402 5752066299280913161574941709
7403 5757508143983557858225569755
7404 5762954500605158685195347789
7405 5768405144505646363186654535
7406 5773860306164276493809225485
7407 5779319825176916690232396639
7408 5784783830505057141649713225
7409 5790252188138352020465487823
7410 5795725057040958146030552609
7411 5801202273455865499996922187
7412 5806684012872025433750930445
7413 5812170113318797590619297099
7414 5817660719551023051609616245
7415 5823155709958101807458120407
7416 5828655241914560007848803045
7417 5834159103691817667553244047
7418 5839667512563077203165241961
7419 5845180326299558565658347747
7420 5850697655295733458179454089
7421 5856219370149190752053907635
7422 5861745639940331117869311997
7423 5867276286453593194217347443
7424 5872811498407918615409741581
7425 5878351104387307804468348879
7426 5883895247988507274478373069
7427 5889443812716638840701372191
7428 5894996960108134468952088105
7429 5900554470995643400561527811
7430 5906116564275259385414816913
7431 5911683102430151209352982355
7432 5917254186180754950443699045
7433 5922829696163527954018527355
7434 5928409800032942306889172989
7435 5933994309318474168637887383
7436 5939583423621551736586660617
7437 5945176963471350486530732895
7438 5950775083031697546227842377
7439 5956377667755423232442187939
7440 5961984859674189446007439753
7441 5967596459744962871973961723
7442 5973212670463841830136530173
7443 5978833355605474374198476763
7444 5984458642197366874702173349
7445 5990088375690608710957975615
7446 5995722748246193393060260177
7447 6001361562573486713541699455
7448 6007005015817519480280416689
7449 6012652938927055256472199139
7450 6018305464958367086749393825
7451 6023962494989308201803431763
7452 6029624172875863103768229325
7453 6035290288160371300518327359
7454 6040961067405608839333198885
7455 6046636353521798435540376783
7456 6052316265905706684302008897
7457 6058000669219954192322069431
7458 6063689743835751279139628113
7459 6069383301985588278765800187
7460 6075081532795490499136899029
7461 6080784270519602272474548371
7462 6086491652851664486421678709
7463 6092203569854406036907551431
7464 6097920177918838696851907309
7465 6103641254417522325744967279
7466 6109367029999009840279156865
7467 6115097346907284591701291967
7468 6120832338482884944570490313
7469 6126571858421544401596304235
7470 6132316077014034179280527909
7471 6138064821813668498730006771
7472 6143818268833995387627287613
7473 6149576263198624199672412719
7474 6155338943853375688736615781
7475 6161106190340413503921030135
7476 6166878172128910728413781225
7477 6172654652154294004061221739
7478 6178435872343399720947685385
7479 6184221677882725716061713363
7480 6190012179768913382768153397
7481 6195807254093306729128984307
7482 6201607064838429407855718613
7483 6207411431707937609458333559
7484 6213220555738283719476727093
7485 6219034249380444812848335279
7486 6224852672376006005555029745
7487 6230675698592393868596438147
7488 6236503491216993678494162161
7489 6242335835018535583997618083
7490 6248172939834126982274811509
7491 6254014669156154944190919947
7492 6259861136465286569755893077
7493 6265712204899755764135284783
7494 6271568065053480512157958769
7495 6277428511029329751559635063
7496 6283293749141061236514879785
7497 6289163595982548484536913899
7498 6295038204400769662638966905
7499 6300917460159074499504597755
7500 6306801515828815248395299549
7501 6312690156265932224321558247
7502 6318583604379262082849456181
7503 6324481712424783324136893615
7504 6330384600610251581723843705
7505 6336292124793286652930528983
7506 6342204467570783651996224409
7507 6348121437463201520345609491
7508 6354043239882032790537450041
7509 6359969693119270144772550667
7510 6365900943433608114741224917
7511 6371836881869259758813232615
7512 6377777652907788865552533637
7513 6383723044474570953604545311
7514 6389673287407134158236530137
7515 6395628220202472265870922679
7516 6401587979116410949413173241
7517 6407552403587724633073213859
7518 6413521697559653202395952445
7519 6419495655521957779449824347
7520 6425474470470935196981115397
7521 6431457984454984941081996879
7522 6437446325872995843859926725
7523 6443439390288250677614253767
7524 6449437342259973180312372721
7525 6455439942574385206203560911
7526 6461447433452741403047686401
7527 6467459651550095417572068371
7528 6473476728443712700758745133
7529 6479498525197149293077383763
7530 6485525211045868635596593997
7531 6491556605472459148959372071
7532 6497592903221340780612455005
7533 6503633922244369787176710015
7534 6509679826385418859544759577
7535 6515730481418293953389129891
7536 6521786058502227321692885889
7537 6527846324513434348236671771
7538 6533911521143745304714873789
7539 6539981489032063181018700099
7540 6546056347559921758572221629
7541 6552135960769810344444826927
7542 6558220507146243660370566133
7543 6564309798211760121098940959
7544 6570404034274254212112563305
7545 6576503031646774320992207987
7546 6582606945096352686983964161
7547 6588715646356887365852767195
7548 6594829315437974673161901893
7549 6600947714593958295340882827
7550 6607071073638870651162736189
7551 6613199250495206661358309359
7552 6619332352397652744242240817
7553 6625470246708830687988748543
7554 6631613118588588196697923249
7555 6637760762561990227001277147
7556 6643913398530977218135168633
7557 6650070829134761174763752675
7558 6656233221445781643973289029
7559 6662400449820268116253061159
7560 6668572667709253093622487213
7561 6674749658880232776603110903
7562 6680931647286657196315482489
7563 6687118483508454442444998527
7564 6693310301718912671431917969
7565 6699506940105743654013935315
7566 6705708602878113803826807585
7567 6711915077177853857980791603
7568 6718126574206706689292853173
7569 6724342913310761228818497983
7570 6730564239130320843722107917
7571 6736790444662086117885220719
7572 6743021683716473686794673673
7573 6749257728389256429304884879
7574 6755498827356834194509467681
7575 6761744803229328735427613219
7576 6767995794503107062869532045
7577 6774251648954155895860083131
7578 6780512560498809238557856933
7579 6786778330847282568316168047
7580 6793049160464724815526170893
7581 6799324871653831423032488031
7582 6805605610386723773205219953
7583 6811891262597476139400261015
7584 6818181997095251248253882577
7585 6824477572513081148438766331
7586 6830778233608420798996352373
7587 6837083814739268249210766675
7588 6843394456653104622151280053
7589 6849709998771878404795958823
7590 6856030636246109875703775157
7591 6862356171158206174832921271
7592 6868686800543913141199500313
7593 6875022354533252542215656307
7594 6881362983465877879636936161
7595 6887708556681833255447702211
7596 6894059253959648366267688285
7597 6900414824396928245086909523
7598 6906775529010916849522496197
7599 6913141199130564194844939407
7600 6919511953603960902452674033
7601 6925887661577051262622541439
7602 6932268496287692951597958201
7603 6938654262786302373619518531
7604 6945045182369987669103193033
7605 6951441047658687078388857291
7606 6957842035688755707518789909
7607 6964248007097683276169544675
7608 6970659140421274937171007829
7609 6977075200341566811542608519
7610 6983496413549663663538446633
7611 6989922636852780329461301271
7612 6996353991097426110093795081
7613 7002790327867689839076144595
7614 7009231847968188090761541033
7615 7015678336871506010959527259
7616 7022130009029638641432139765
7617 7028586672483507815963352167
7618 7035048491409148077776146901
7619 7041515341730146440224859103
7620 7047987390952824960997409833
7621 7054464400982804940422301951
7622 7060946618232574483630809777
7623 7067433876720640706243891443
7624 7073926311721214898566407369
7625 7080423762543338458745444043
7626 7086926435599013640547052013
7627 7093434113168629661909960511
7628 7099947025863944957384443581
7629 7106464973598333876920527951
7630 7112988110684433841178029217
7631 7119516323568950892812755983
7632 7126049764005511977996050673
7633 7132588212224597463274108339
7634 7139131907879337778970498797
7635 7145680681802640049857006715
7636 7152234677575103767987499133
7637 7158793726157703084797175839
7638 7165358041529192915683676653
7639 7171927409239628543411638567
7640 7178502034658039411205572945
7641 7185081742344441157506394147
7642 7191666680049452017669741841
7643 7198256724845374853382628059
7644 7204852063300864575723704021
7645 7211452427104587303330148275
7646 7218058089393477033341791077
7647 7224668867647858045716565687
7648 7231284904685131188816809597
7649 7237906048642849646770147655
7650 7244532483725760685309853041
7651 7251164017045199869182126339
7652 7257800849839598766991465857
7653 7264442798517859785881164243
7654 7271090030741254783546528589
7655 7277742409291832371404264115
7656 7284400113560307531473005205
7657 7291062891302486796805953655
7658 7297731004020979605709536897
7659 7304404277428084250766891591
7660 7311082844775482192062282369
7661 7317766558952762036583550555
7662 7324455611595627160082009081
7663 7331149795943378199836191483
7664 7337849335105739727959114829
7665 7344554025467233021622294755
7666 7351264033841959663448715733
7667 7357979224804838598203165951
7668 7364699790199317910869071345
7669 7371425473929996661420936055
7670 7378156526385478633395387569
7671 7384892788508729097013897203
7672 7391634382179003298068761065
7673 7398381158046737662718258587
7674 7405133322371680254385077077
7675 7411890651651594912767203623
7676 7418653380678164252666869453
7677 7425421296528752616908647951
7678 7432194582325429029070321793
7679 7438973098231696907178262447
7680 7445757010769362127943987049
7681 7452546091247938637960852699
7682 7459340576376702616700890097
7683 7466140310517799187782959395
7684 7472945432796447956634975181
7685 7479755769304015011896280751
7686 7486571539810877790176151973
7687 7493392514400031652050748615
7688 7500218924091922482220704393
7689 7507050575741217481358981375
7690 7513887618617168167017308113
7691 7520729940774987100664589547
7692 7527577712159227693696530845
7693 7534430679124362637812283051
7694 7541289112331998950859132277
7695 7548152822057124024077307327
7696 7555021957064455771745059037
7697 7561896353831218038748476111
7698 7568776222016736821871289193
7699 7575661343721931930506007827
7700 7582551939843660912423072177
7701 7589447813302446794751229731
7702 7596349128500703193212667741
7703 7603255759024431513871330683
7704 7610167883071889914059221933
7705 7617085246097124664038469095
7706 7624008109832161599104147085
7707 7630936293635369728045381959
7708 7637869949937865723599179529
7709 7644808909553926943567883851
7710 7651753380166958381673276249
7711 7658703150082466124429374355
7712 7665658428747979835108995661
7713 7672619030931011644273280907
7714 7679585123806403093853093485
7715 7686556560131295231435977535
7716 7693533542085308485485699329
7717 7700515793767514288979696031
7718 7707503598710453779368045321
7719 7714496775035157431005205115
7720 7721495450560681668891152137
7721 7728499481292475574217116363
7722 7735509053381663366457702581
7723 7742523962961876565581298419
7724 7749544443690956982154124109
7725 7756570275654416898773431887
7726 7763601644296913137321290233
7727 7770638404984489663630664295
7728 7777680747127972450135037465
7729 7784728413068166508079191331
7730 7791781655091949112046636017
7731 7798840313795811198730148547
7732 7805904520982457810424330477
7733 7812974115343386351834088799
7734 7820049317074702317952272877
7735 7827129887484300054025300743
7736 7834216064942208848897061801
7737 7841307639874927085594826495
7738 7848404790739746850948819121
7739 7855507382862677958757491867
7740 7862615592579606297108142493
7741 7869729171332070791171526851
7742 7876848373963930345135753589
7743 7883973029108551443760234047
7744 7891103281256700405449785069
7745 7898238959085147172378827847
7746 7905380282805483865051507881
7747 7912527017839462154429375255
7748 7919679411320899875312860849
7749 7926837247316394060360685907
7750 7934000694827666393334423989
7751 7941169626629398171500537539
7752 7948344217523450379956942597
7753 7955524216091739434912206535
7754 7962709893784082789385541797
7755 7969901059162703395039649719
7756 7977097871022964186903305329
7757 7984300141397439486701233611
7758 7991508107108671776032407585
7759 7998721535982900888384905643
7760 8005940646490201439647934165
7761 8013165254372321963129277299
7762 8020395511650521137565050765
7763 8027631295218801529638347703
7764 8034872794659345448377871709
7765 8042119731661348427731411071
7766 8049372396147855509768721849
7767 8056630590102489089255500035
7768 8063894468295969706015606721
7769 8071163867480761148085181491
7770 8078438985179580600979225613
7771 8085719609458618090022684907
7772 8093005968884736175539480149
7773 8100297856258923693206400567
7774 8107595455582293028865190457
7775 8114898616219592048955584919
7776 8122207531547271355541099065
7777 8129521933799805064369551091
7778 8136842096670192067097047881
7779 8144167840345432199619889659
7780 8151499308314455167006104117
7781 8158836337084645071063038899
7782 8166179139183225856998429333
7783 8173527486762625392353943823
7784 8180881619374420389119416889
7785 8188241317159207658204989423
7786 8195606764239937106827634569
7787 8202977812852997712683064003
7788 8210354671914742765744800481
7789 8217737060075449850492303139
7790 8225125251186044327675583869
7791 8232519075208949730729953631
7792 8239918654086361676936603245
7793 8247323839609604144036438479
7794 8254734845295834769781336713
7795 8262151434384562576664256327
7796 8269573858743981699354675025
7797 8277001886385637039880066667
7798 8284435717892351799154912645
7799 8291875199347814953446980147
7800 8299320515972544983712106973
7801 8306771415283842755502482055
7802 8314228157441840776736251269
7803 8321690565877668621926859951
7804 8329158803046257344474614257
7805 8336632670350919842249555199
7806 8344112407663843827037332017
7807 8351597770600379769052683195
7808 8359089007125530196629341853
7809 8366585910243697787796145219
7810 8374088637141853797627113205
7811 8381597069517957741571751199
7812 8389111383395538375912805085
7813 8396631313683783081912945055
7814 8404157148016978896526334873
7815 8411688688099600421953611035
7816 8419226087121618428400881393
7817 8426769170847565895008748363
7818 8434318170022383301104763861
7819 8441872842716076840453053771
7820 8449433427820504462243069725
7821 8456999716080724220589580079
7822 8464571885083697620764088861
7823 8472149793832007308226223727
7824 8479733642103710183536270113
7825 8487323144931528360000272427
7826 8494918593790381832378087257
7827 8502519787692187502056679779
7828 8510126894483831404828092285
7829 8517739732437064780105622563
7830 8525358519880532849045850957
7831 8532983035162227892928921247
7832 8540613501084086968056631777
7833 8548249717114636450933106815
7834 8555891860591319094774598849
7835 8563539781285581232072169259
7836 8571193691487069438392978361
7837 8578853297965061214573671323
7838 8586518900836368568573916485
7839 8594190302325407641566087407
7840 8601867646476224210964772533
7841 8609550771183251607542102143
7842 8617239885446205634149698601
7843 8624934764260976681536199911
7844 8632635660786155645123327985
7845 8640342337987430522509645443
7846 8648054997886201823738828689
7847 8655773478364607923149133587
7848 8663497985558493002114611685
7849 8671228245109958402618805639
7850 8678964526523006023460764485
7851 8686706661761989924033298383
7852 8694454786015444699436774569
7853 8702208731097953538381444167
7854 8709968732430639794690911657
7855 8717734528903882971098392483
7856 8725506382949683597930587805
7857 8733284066168247898472377843
7858 8741067770437828121244461973
7859 8748857351305567771853867847
7860 8756653002048349739977220989
7861 8764454444963001206282936383
7862 8772261965025797593706898673
7863 8780075373921300944829567471
7864 8787894828773902223947739057
7865 8795720143911107441938024627
7866 8803551552363860462041856541
7867 8811388806258546464391231171
7868 8819232169055694286218462029
7869 8827081407231361341213173439
7870 8834936706162337837888143685
7871 8842797931473204783076358071
7872 8850665263922925585616378633
7873 8858538440241666002956306563
7874 8866417745631468515875173025
7875 8874302976215652490619622787
7876 8882194302449603141701088341
7877 8890091523185621715710386179
7878 8897994895539859994308260149
7879 8905904166762546563408800415
7880 8913819573839411021417425113
7881 8921740916196358131257584327
7882 8929668360244811708000362809
7883 8937601764306725525680805499
7884 8945541344622968742290577505
7885 8953486796506907843067154699
7886 8961438429511072453976903341
7887 8969396034993455996270139971
7888 8977359776603799512447294141
7889 8985329479864205476368611215
7890 8993305355129152948959304321
7891 9001287176709833994925558903
7892 9009275191025207133524160505
7893 9017269172901689652133294291
7894 9025269322502570028149205713
7895 9033275473956520347323297995
7896 9041287840039180607431405861
7897 9049306124448282716349250223
7898 9057330633889173460005028813
7899 9065361168967359121821535391
7900 9073397881299641056745635673
7901 9081440598642239885329568599
7902 9089489544272644480650714025
7903 9097544480231350884822914627
7904 9105605655219016261893765201
7905 9113672840951179493133114691
7906 9121746234211595889148056861
7907 9129825674809055562995409151
7908 9137911387950478034289344893
7909 9146003069334833718570485359
7910 9154101015425517503238967137
7911 9162205034385550642811453679
7912 9170315272578861285865061441
7913 9178431559476320930608591131
7914 9186554131391878110679872277
7915 9194682727693691212434015347
7916 9202817624329565810454912141
7917 9210958570808990224671829975
7918 9219105775078398080653491573
7919 9227259083936133460117276255
7920 9235418686953404703848790961
7921 9243584319675450859386719519
7922 9251756254371663460316197649
7923 9259934309426690891589581067
7924 9268118648557247038957184365
7925 9276309066207210179053951363
7926 9284505823285639811785498997
7927 9292708648934485906051319407
7928 9300917817338451333355305757
7929 9309133094375975183148523559
7930 9317354663055357906312786793
7931 9325582384875624228986410019
7932 9333816455934924260955844985
7933 9342056585770589849295303195
7934 9350303092047008813183319037
7935 9358555754383523940702286963
7936 9366814741929800439475878925
7937 9375079863446851769153041383
7938 9383351362078274016852585745
7939 9391628987213756532867379967
7940 9399912989629765573133294233
7941 9408203151697013396176863563
7942 9416499655712473999460497961
7943 9424802355624320471461291027
7944 9433111465264839654002002693
7945 9441426677886617182391130059
7946 9449748300379259323181810157
7947 9458076125486311566447527303
7948 9466410333321145266109534273
7949 9474750722432515251166758263
7950 9483097535027004638888246881
7951 9491450524054133187255496827
7952 9499809935921833830210777041
7953 9508175549870751812139503147
7954 9516547562718955525382787549
7955 9524925807628202472390261183
7956 9533310513777923392233393773
7957 9541701365379178940115420671
7958 9550098688851058984253244681
7959 9558502268160432536446556399
7960 9566912253252666862906521057
7961 9575328481026476349613171051
7962 9583751172454629435717297593
7963 9592180082376426747502733267
7964 9600615486503764514140031677
7965 9609057124508329042860529295
7966 9617505215295665841194410349
7967 9625959585466002885142144279
7968 9634420456053338763333855209
7969 9642887536129646753558398119
7970 9651361113177785588467785777
7971 9659841003875388214106544219
7972 9668327358021338817482380317
7973 9676819988792988445833189659
7974 9685319149489206798174464613
7975 9693824567323260791693588751
7976 9702336517356622344918178461
7977 9710854756666266771550470359
7978 9719379493318869372899276345
7979 9727910565476043773683235235
7980 9736448189088937751828548441
7981 9744992056935155829147008235
7982 9753542480225026380626235149
7983 9762099257665946021206112619
7984 9770662555140476685336477621
7985 9779232172873761978274410071
7986 9787808366827926234961591685
7987 9796390862008785726032508863
7988 9804979946496931386307271537
7989 9813575371404006060378272107
7990 9822177332492880202392726753
7991 9830785688418981571965106595
7992 9839400628674068455157279349
7993 9848021872408003271001158475
7994 9856649725330223790987047205
7995 9865283966355851573734182823
7996 9873924784183235939430752825
7997 9882571963650196421487597823
7998 9891225775725686643174515393
7999 9899885949326811435739228115
8000 9908552741375966515323194673
8001 9917225932375535909693764739
8002 9925905701378158440406310301
8003 9934591901631657674779061691
8004 9943284762866776009773168269
8005 9951983955702256538160668343
8006 9960689817107447987035585681
8007 9969402118251749147000897295
8008 9978121038451307924378360673
8009 9986846382592877322546737163
8010 9995578383026424977436476969
8011 10004316799924866044922762963
8012 10013061891388352277544668397
8013 10021813420857400850608032695
8014 10030571600373384373413456381
8015 10039336251474666538798793023
8016 10048107603734285996666976161
8017 10056885339450228233765623119
8018 10065669788097973088732624105
8019 10074460734143215682086366859
8020 10083258341738002287595802305
8021 10092062420666687191037016515
8022 10100873220180338984859796461
8023 10109690470102245606097119007
8024 10118514455390771823404080933
8025 10127344922635477306898036207
8026 10136182080339282073614272609
8027 10145025761627231746403862567
8028 10153876201116888966119157729
8029 10162733079681395120293903587
8030 10171596706971311177262375317
8031 10180466886425447931330158947
8032 10189343769407904672845690285
8033 10198227178448933269085594487
8034 10207117360499839231538716837
8035 10216014041093459270151712607
8036 10224917511575594496587032225
8037 10233827496628411045747827211
8038 10242744238612984146367118241
8039 10251667556544830436615283795
8040 10260597664935373449831458413
8041 10269534269630883469262223291
8042 10278477672844172456557536997
8043 10287427672101604612360057463
8044 10296384445031998950133078181
8045 10305347772229104294970071751
8046 10314317931834236467112664153
8047 10323294638393520579528990411
8048 10332278175381594849806042297
8049 10341268305081746689921305155
8050 10350265209614855226000531941
8051 10359268749166359316054475451
8052 10368279135379717887752673309
8053 10377296052827973135966211991
8054 10386319842781843576461563913
8055 10395350268264351344461731951
8056 10404387513064174522599713817
8057 10413431366541200507493719555
8058 10422482096736087194496903329
8059 10431539426112597774554054947
8060 10440603637450854066558840981
8061 10449674485690542031120669971
8062 10458752171686858755442547469
8063 10467836534954714482758343815
8064 10476927803285263623396400641
8065 10486025648352523663779187103
8066 10495130405615535521274125385
8067 10504241847765136578202720011
8068 10513360167948265908468388209
8069 10522485153479718427312316651
8070 10531617060484646267283784989
8071 10540755627005490916342415687
8072 10549901110178537303553954965
8073 10559053280206140214855365119
8074 10568212347885882012363692273
8075 10577378131979808037336045655
8076 10586550880227273744738921865
8077 10595730251434487592971801299
8078 10604916594696747239201500085
8079 10614109681452441997574230835
8080 10623309673619837970332801149
8081 10632516393212487206106862431
8082 10641730075466336563826947325
8083 10650950461264502658240344135
8084 10660177845427169261944233121
8085 10669411947093542643979904975
8086 10678652999331071236355160065
8087 10687900819069648603976650707
8088 10697155651810100474956466605
8089 10706417169940256175226146923
8090 10715685693154205581859781093
8091 10724961014592428025127260407
8092 10734243303395489909877840861
8093 10743532352039822980366489095
8094 10752828439601363062915747809
8095 10762131269552565366817649619
8096 10771441139146731348998431553
8097 10780757787383010248887164795
8098 10790081434196386600706321477
8099 10799411910083181819557686883
8100 10808749434007978321505232685
8101 10818093696911492862940372847
8102 10827445020018089720255909085
8103 10836803190571900565505985615
8104 10846168386295952276102902921
8105 10855540391680953656892510931
8106 10864919483334351840030308545
8107 10874305361651031088635626875
8108 10883698341374500368006010077
8109 10893098150383753929711899243
8110 10902505004413875224485881109
8111 10911918743512011962905961967
8112 10921339581207235719528316153
8113 10930767205742415963798713239
8114 10940201950513069441135909961
8115 10949643582276596473049981595
8116 10959092296346178152828625857
8117 10968547866781976453800290651
8118 10978010581024618303117379677
8119 10987480149176204858069431691
8120 10996956844970657829984942821
8121 11006440432588868248650572407
8122 11015931106925884825790995681
8123 11025428714317615851991381079
8124 11034933496510258319479442537
8125 11044445097279936155996446483
8126 11053963884409481597689383617
8127 11063489605062979961073447107
8128 11073022453538636335039844877
8129 11082562223904816199055821599
8130 11092109168177262265762488773
8131 11101663021288044997634495143
8132 11111224067203572223474899673
8133 11120792045030579488379527719
8134 11130367189104585247269647353
8135 11139949298980846901032450579
8136 11149538626651682092628720149
8137 11159134835781750868675918571
8138 11168738269449049384231137125
8139 11178348704058883466127591359
8140 11187966315483142039699609093
8141 11197590897154465255636039711
8142 11207222712215405057648946153
8143 11216861480509063770429978487
8144 11226507501221531871793172897
8145 11236160504196438576004130539
8146 11245820714020682325389110877
8147 11255487945895157324298765035
8148 11265162459913236234934568525
8149 11274843902596757433069969543
8150 11284532618830913557700254405
8151 11294228394172071624589376015
8152 11303931387870179283992280433
8153 11313641408088279760156061051
8154 11323358723458327618896470713
8155 11333083035470304467817511891
8156 11342814656776385955717296085
8157 11352553301549595415442056699
8158 11362299215328212312599038741
8159 11372052219195979124938158167
8160 11381812532570425024064265485
8161 11391579843306790884784946823
8162 11401354473934660147737209121
8163 11411136201167192033773474571
8164 11420925227431232443249853153
8165 11430721311480576113909607867
8166 11440524754156588726376326333
8167 11450335242515954331473117323
8168 11460153094088463111878596269
8169 11469978037898076489742053511
8170 11479810279736271900527026865
8171 11489649664997864606816988239
8172 11499496422521723723691722953
8173 11509350217065575980568814363
8174 11519211407806524879718026729
8175 11529079743621857601724787203
8176 11538955420716143834031359861
8177 11548838211682384853856063791
8178 11558728410824513993720431093
8179 11568625718284149491289558975
8180 11578530429590991921157330145
8181 11588442288343443573190954503
8182 11598361510270054344192309001
8183 11608287921144976179943821147
8184 11618221764092322125359129929
8185 11628162687974750530698905259
8186 11638111057493230427944268653
8187 11648066626238077544267140663
8188 11658029598786036768514659469
8189 11667999747313709338861736039
8190 11677977343760724651473740225
8191 11687962107633576257178179511
8192 11697954320050001344714565393
8193 11707953733440627874959989547
8194 11717960570259824400014565637
8195 11727974640825188428175745091
8196 11737996209964448063474668589
8197 11748024904591449406090620135
8198 11758061106355837678299955293
8199 11768104564485586085451802359
8200 11778155461103140135286869641
8201 11788213598255867527692492895
8202 11798279232051393529124760985
8203 11808352080323961102312016931
8204 11818432462248409119381156421
8205 11828520074362430022801397755
8206 11838615170541515338334427797
8207 11848717553334670497045864343
8208 11858827477681770720430870773
8209 11868944606814134730935868911
8210 11879069268176424554801092481
8211 11889201253215528836809273483
8212 11899340731696956847498027081
8213 11909487487851519035566766243
8214 11919641827074431349571863093
8215 11929803419937150118237119267
8216 11939972592454104630754592629
8217 11950149057064143617270994823
8218 11960333056832196986601591377
8219 11970524398672287436184892455
8220 11980723337205342671591324409
8221 11990929522069795054189158131
8222 12001143311127519612517651553
8223 12011364469481789289339410971
8224 12021593187312621141866033629
8225 12031829237897967158984330827
8226 12042072903125541571852243613
8227 12052323882457109686041463279
8228 12062582501289914067356327553
8229 12072848472402155394280056143
8230 12083122023030086673098275617
8231 12093402986895123118358493563
8232 12103691586596607092415908609
8233 12113987490566178352766478491
8234 12124291058893129859198615917
8235 12134602035278379632132080135
8236 12144920638576226345194575381
8237 12155246615186485049557790343
8238 12165580284216062125444793257
8239 12175921325204178257885895375
8240 12186270036270231602505900465
8241 12196626165702787672911582835
8242 12206989924053763616775481121
8243 12217361140054261952211591043
8244 12227740076581016353128170549
8245 12238126351814926312709392471
8246 12248520355210900079533782333
8247 12258921820659765209469189775
8248 12269330956008012194979639225
8249 12279747542304141759322981719
8250 12290171849324553435526185001
8251 12300603589151954859733050443
8252 12311043067946108044105984157
8253 12321490006195892754632557411
8254 12331944647254307792036943317
8255 12342406790056493481463582951
8256 12352876700695397743774302493
8257 12363354010982050569790753103
8258 12373839099969949348635152249
8259 12384331720731125705869322415
8260 12394832060688171823030739625
8261 12405339898576956796384667707
8262 12415855518852483207507247181
8263 12426378623068656472574471427
8264 12436909529471639685187732181
8265 12447447944826361818672551527
8266 12457994118015491576671886541
8267 12468547844365215888703220759
8268 12479109402094921929463563401
8269 12489678418919137369365230379
8270 12500255259707232369510910857
8271 12510839693997788259130246395
8272 12521431895657444063155717469
8273 12532031654094349901939940731
8274 12542639261345205100054141613
8275 12553254391117778265601052439
8276 12563877387505452768900042209
8277 12574507942463820782429579767
8278 12585146316918982565175887665
8279 12595792315879108443515981763
8280 12606446178517023801730721121
8281 12617107567548827073914613795
8282 12627776826909989858900928557
8283 12638453725356682278056993771
8284 12649138474131840427047515261
8285 12659830816982300363241385799
8286 12670531075792036403420803001
8287 12681238913698004340165108935
8288 12691954669649438108759638945
8289 12702678050432915799465747683
8290 12713409284305408840420510673
8291 12724148202508658505821230883
8292 12734895050432419140197883469
8293 12745649465143488749098749615
8294 12756411840344075261541279709
8295 12767181898895003591151672447
8296 12777959849975100281769871945
8297 12788745457329432521890394679
8298 12799539027528080221275704593
8299 12810340248253115355021801099
8300 12821149431242449801984996225
8301 12831966300192870305601504731
8302 12842791088353041553611681629
8303 12853623604150415267054094471
8304 12864464118162060823415381901
8305 12875312251247526050918638311
8306 12886168387631862889636286153
8307 12897032264461071215230555135
8308 12907904107525599143358727657
8309 12918783663417846993141816819
8310 12929671230933304403325983845
8311 12940566505378884887779344035
8312 12951469794277785434562908797
8313 12962380829974868233089499287
8314 12973299846509265333588536773
8315 12984226642380720964178970447
8316 12995161499925223987634220137
8317 13006104017959605657853797539
8318 13017054609406542197583546985
8319 13028013008830536518559768587
8320 13038979400031202807758942397
8321 13049953583903308592515540403
8322 13060935829507335540237523173
8323 13071925829584163302333958103
8324 13082923930059163821214739949
8325 13093929802557805439239402247
8326 13104943729592713946940090833
8327 13115965488442276737221088083
8328 13126995360947227753468967529
8329 13138032973343479077918076011
8330 13149078690606062281802568925
8331 13160132277865958137890154147
8332 13171193926158646629967014277
8333 13182263402409754098794893551
8334 13193341022831602076057693617
8335 13204426452128768690202619279
8336 13215520023317268864458910177
8337 13226621439483366706487692699
8338 13237730950676519062951379977
8339 13248848363955009113352536691
8340 13259973942008628190728711421
8341 13271107315105285664320798011
8342 13282248860790047816178280645
8343 13293398326511027832640718927
8344 13304555925419413989896766897
8345 13315721395262652266619979087
8346 13326895063570137335091126841
8347 13338076589351381559719984539
8348 13349266334172662348826743201
8349 13360463982117924963809702475
8350 13371669779278050641958554717
8351 13382883543267303179150891791
8352 13394105512680369239037029509
8353 13405335337939784335087750375
8354 13416573401931188562685840761
8355 13427819435260295030488545975
8356 13439073660265622506291761169
8357 13450335817663281327537878603
8358 13461606241786357830504969393
8359 13472884587656203733836597923
8360 13484171182552427813426936285
8361 13495465750571577313899075039
8362 13506768518192078301413241637
8363 13518079302946177081754356487
8364 13529398387553854661475265249
8365 13540725360798013279445185847
8366 13552060638848106789099461409
8367 13563403939545728657982513267
8368 13574755488600298515413974829
8369 13586115045804254889111489571
8370 13597482899114334071917945389
8371 13608858744242938639849031351
8372 13620242903570906181832939701
8373 13631635077132541619823018823
8374 13643035536885421926525759993
8375 13654444057487373583335520043
8376 13665860930584246254237000497
8377 13677285755458759643993418619
8378 13688718941420183488593447813
8379 13700160220089950207279740563
8380 13711609792646542731888384101
8381 13723067426717778400985206479
8382 13734533427580358280535707173
8383 13746007471390264082523210191
8384 13757489899158917944171881065
8385 13768980401733638755241537995
8386 13780479235261868308701610673
8387 13791986188728995561201523171
8388 13803501555708975853820990597
8389 13815024941788670428027310635
8390 13826556736259983582144176725
8391 13838096690587358442408054943
8392 13849644993951066763425714809
8393 13861201417754974374950325799
8394 13872766276200979599150774169
8395 13884339217440071242784297843
8396 13895920618613213613814410489
8397 13907510135451120360938841395
8398 13919108060368031274528157061
8399 13930714175355228387829423451
8400 13942328740955817243297255517
8401 13953951389496018256624813743
8402 13965582500440684693625117977
8403 13977221822974922959312180935
8404 13988869580107794991134469377
8405 14000525495800251571660618251
8406 14012189916439558831260913681
8407 14023862485122703335898188587
8408 14035543550982501252700905181
8409 14047232820674201215660497983
8410 14058930524383753583844361933
8411 14070636487206801658299569527
8412 14082350973783221482898361561
8413 14094073589977893671955431807
8414 14105804754945643848873522273
8415 14117544172932562947892622915
8416 14129292074902733978532552253
8417 14141048202587122416152415219
8418 14152812888205844525663084549
8419 14164585788237787140799743023
8420 14176367250122905281508142181
8421 14188156967724761424270432679
8422 14199955188944185389740259441
8423 14211761718916818019588742135
8424 14223576836882389443039651985
8425 14235400145113900697463705395
8426 14247232052357876437720826229
8427 14259072272150087898778905203
8428 14270921049597511573527540253
8429 14282778113320636435443260103
8430 14294643785463523745901269901
8431 14306517740779795428470615983
8432 14318400303955860347631411697
8433 14330291184876747709310865307
8434 14342190646285889706813371841
8435 14354098459269033334890029331
8436 14366014931397927049619246397
8437 14377939634542133618029920411
8438 14389873014695357139563369853
8439 14401814781745125841935017639
8440 14413765138036579725063609645
8441 14425723859624536890262518999
8442 14437691240022397059171028777
8443 14449666950659364364705998043
8444 14461651359549411716474435449
8445 14473644127307845211393983019
8446 14485645536797366192396758365
8447 14497655365104275612563902091
8448 14509673910286332466471506685
8449 14521700768337688407129782823
8450 14533736325505705638995901393
8451 14545780340044954459134579335
8452 14557833012816879381964812673
8453 14569894093692294990326967411
8454 14581963927916529527983413513
8455 14594042139558930186915665819
8456 14606129105737873332668201157
8457 14618224489465950198608617479
8458 14630328575076481098771391909
8459 14642441147645935439988223559
8460 14654562485582232902848489537
8461 14666692198208260617154588215
8462 14678830687494405858906541137
8463 14690977683227977237403915883
8464 14703133408002705932606843889
8465 14715297594875269185483919027
8466 14727470583219735875076646685
8467 14739652016558613189093724679
8468 14751842271921269075458314301
8469 14764041014317152346317156015
8470 14776248510321092248364289377
8471 14788464556107435867767973871
8472 14800689420925898217679350553
8473 14812922718993246054756111731
8474 14825164867921132052634036773
8475 14837415574113156605350756387
8476 14849675081916568908032013725
8477 14861943103294342072099197343
8478 14874219997242393999612809853
8479 14886505403137137219684900719
8480 14898799666302658367324776033
8481 14911102495546853860180508479
8482 14923414127658787909739734481
8483 14935734369333044107073387099
8484 14948063525402480765824172733
8485 14960401144650149729711615035
8486 14972747688690352921246100189
8487 14985102847234010459635047279
8488 14997466859661753949953645333
8489 15009839472060658671290656159
8490 15022220992889575305179312825
8491 15034611095399148209527533963
8492 15047010123715546307117175697
8493 15059417761282465226452523939
8494 15071834294898698616874217589
8495 15084259488157742318839302307
8496 15096693639508374980063071581
8497 15109136338537637733449297511
8498 15121588008832946972091937733
8499 15134048363663350737548214911
8500 15146517629134503589317449913
8501 15158995549906952448543340587
8502 15171482457305367706175570097
8503 15183977997094470612887686219
8504 15196482542304499175484563493
8505 15208995748203434401017260267
8506 15221517903353677456511424205
8507 15234048769941968287723714415
8508 15246588681345983198045593097
8509 15259137196102605316266989079
8510 15271694739656565839034900529
8511 15284261047545562229855314827
8512 15296836311398644795466919625
8513 15309420295386976783398013131
8514 15322013330634969359626688829
8515 15334615050590548394820445031
8516 15347225843633689150494482109
8517 15359845356845600519547094735
8518 15372473890758872237965355369
8519 15385111221230317664731914167
8520 15397757620708071343261217377
8521 15410412698574434470971289739
8522 15423076863520332832844460025
8523 15435749840481652880250863275
8524 15448431875280002888750272829
8525 15461122665279689981326980423
8526 15473822586623989910452238141
8527 15486531244359494153932216047
8528 15499249034027786749796239473
8529 15511975627970975588243776247
8530 15524711277130851085089147217
8531 15537455790881706857458282043
8532 15550209448673165471007541685
8533 15562971836919490604150694931
8534 15575743395030005691754575749
8535 15588523817109450282771464871
8536 15601313345966140871302551333
8537 15614111705122213972427850439
8538 15626919250107706137670922297
8539 15639735614424049931080041975
8540 15652561163869919522362497705
8541 15665395569632643778134412875
8542 15678239108015696217212340773
8543 15691091561136431476155313043
8544 15703953236751688456708467949
8545 15716823697718232371372834511
8546 15729703391197953823078763357
8547 15742592009275169191553135911
8548 15755489804764676175553947841
8549 15768396496792897980693849467
8550 15781312428061755480174797705
8551 15794237248941648020457583211
8552 15807171309698470519669287965
8553 15820114296027551841081975067
8554 15833066486560030172399191221
8555 15846027641176781379492606927
8556 15858998092339653918334232081
8557 15871977378480545152672182167
8558 15884965973870053154051173329
8559 15897963568160901561555860171
8560 15910970382004552077250291897
8561 15923986171419352049891546899
8562 15937011248506413675587547029
8563 15950045269095070870527307067
8564 15963088627271445534206076421
8565 15976140953940632005778533975
8566 15989202558098883631995010625
8567 16002273191918929406340293103
8568 16015353176209076671970320425
8569 16028442081562370496394163563
8570 16041540322559334982663840601
8571 16054647639089650551398792043
8572 16067764247015568380443951245
8573 16080889877984453630713152015
8574 16094024903014156504141854005
8575 16107168917521589957715970487
8576 16120322318150113926795984185
8577 16133484755416299332359298743
8578 16146656530160277761906341057
8579 16159837411761468767364126275
8580 16173027699881336058928822889
8581 16186226968790575733062502579
8582 16199435658730526092330451597
8583 16212653472068445165196134383
8584 16225880652757547258906842157
8585 16239116915117769835251625767
8586 16252362619667798820399595177
8587 16265617382259136910209770119
8588 16278881612789932834400238377
8589 16292154947820415022648357443
8590 16305437668332460913973967949
8591 16318729570725636905226458291
8592 16332030933035899745102110517
8593 16345341344375748029098049807
8594 16358661251952694026913216405
8595 16371990335141280139673468607
8596 16385328863410357824987952065
8597 16398676518822575112195493191
8598 16412033698015240157274893809
8599 16425400010332761780460165987
8600 16438775824036102428921436741
8601 16452160829270697559141321171
8602 16465555280341316316656749925
8603 16478958963712542513050373791
8604 16492372202043265048600120925
8605 16505794530826031854144899599
8606 16519226424717013995292709521
8607 16532667567796324810541433979
8608 16546118205863243869818271105
8609 16559578067692332202971724707
8610 16573047490056939664226553717
8611 16586526109450877164509965179
8612 16600014309272628143448075685
8613 16613511743562111022873771383
8614 16627018720307031204259708065
8615 16640534981786055015725187799
8616 16654060861967258829820645249
8617 16667595900022498013063326667
8618 16681140563572544282728645593
8619 16694694546752029473195730051
8620 16708258086645370886121516077
8621 16721830915579308272431275675
8622 16735413373228214137594552389
8623 16749005097453309357962984351
8624 16762606475235361479089538385
8625 16776217142435330296435556343
8626 16789837405358892264203213033
8627 16803467021360483856258017939
8628 16817106332053106146734405129
8629 16830754872342742517747465435
8630 16844413100713996166795019621
8631 16858080717249347678448595495
8632 16871757945475453152334292301
8633 16885444521537943585431570535
8634 16899140814264174948550518425
8635 16912846414805126536384154559
8636 16926561753172672357228189345
8637 16940286439194596733741646179
8638 16954020803496087754629537489
8639 16967764593152957314067965971
8640 16981518109399194133779678549
8641 16995280941482204004023044455
8642 17009053507790684276549817045
8643 17022835533747926352156669775
8644 17036627266163276954801061713
8645 17050428391417034626418135335
8646 17064239305933487746313543361
8647 17078059594594735711365181531
8648 17091889673547649074084089909
8649 17105729194728390433681556107
8650 17119578425082314863639603773
8651 17133437161691665540176069655
8652 17147305705653089110952543109
8653 17161183601099965306670527887
8654 17175071341832063723985135777
8655 17188968585254361914726541699
8656 17202875593889940522025686121
8657 17216792071904368444984986923
8658 17230718396948724496757277405
8659 17244654179578640710526058883
8660 17258599805465742798047490869
8661 17272554930079757197503261839
8662 17286519851328262265778086461
8663 17300494332389160807243493063
8664 17314478703057557841582890593
8665 17328472493177023665774073779
8666 17342476179931248194443542737
8667 17356489429358987658254503803
8668 17370512527052071023627459589
8669 17384545162001643424570798195
8670 17398587701835208954993553493
8671 17412639773320765748395554279
8672 17426701751019248718822023417
8673 17440773303436084417573923303
8674 17454854716200314224081088033
8675 17468945742968890129435843323
8676 17483046736204290286921121225
8677 17497157204541902660442107459
8678 17511277651543705024000845805
8679 17525407748177177928313811859
8680 17539547726452149901409072245
8681 17553697322586648333605094807
8682 17567856885803461675531489785
8683 17582026031847226837114507263
8684 17596205192048656405001399097
8685 17610393961840513762340497819
8686 17624592679008428894117395113
8687 17638801076880024628205212707
8688 17653019493889540358540296901
8689 17667247477191044362262051135
8690 17681485472853906791038766909
8691 17695733199088321093325379823
8692 17709990883602006534862890809
8693 17724258242621274701126972879
8694 17738535661464653703585756041
8695 17752822722664331952756918819
8696 17767119843870413681532307181
8697 17781426653433404985737903835
8698 17795743471901507063299202941
8699 17810070051973894933467710735
8700 17824406719484479633036556525
8701 17838753014077228674436782735
8702 17853109399242282812441037305
8703 17867475565185559261761485903
8704 17881851776093320135950882065
8705 17896237718855155848110187371
8706 17910633787819561148172881013
8707 17925039559252378644867352403
8708 17939455481252268395490814101
8709 17953881159365329750376567311
8710 17968316900476324926380074845
8711 17982762483479318551557433103
8712 17997218204202597919336200673
8713 18011683623644053454756247379
8714 18026159219652617731571628433
8715 18040644654259684500424472035
8716 18055140201455919757218185101
8717 18069645540418572568408481179
8718 18084161088762672764932356317
8719 18098686423760274300261308999
8720 18113221942569264286096082549
8721 18127767308803357762791667103
8722 18142322799356557981131809793
8723 18156888179237340762661413771
8724 18171463805404637216678924729
8725 18186049169301510664267579963
8726 18200644791871805175521593253
8727 18215250321317071437377779099
8728 18229866031573249562942716797
8729 18244491625762106448526911847
8730 18259127453812915431770675329
8731 18273773150198310831150697871
8732 18288429109101754181717472985
8733 18303094967124339747787621419
8734 18317771051013298689166747113
8735 18332457085293356193670081483
8736 18347153423150137703661067141
8737 18361859574390393956251414187
8738 18376576040983835400642791109
8739 18391302495580143777020788799
8740 18406039191504950911687705817
8741 18420785833783523922251856447
8742 18435542806034850031786308969
8743 18450309696532651824751432499
8744 18465086935917503702016189561
8745 18479874131594354890689957563
8746 18494671611227409646686391253
8747 18509479112644207828668712455
8748 18524296999126822883270953261
8749 18539124778672070112549922407
8750 18553962931129407579796914601
8751 18568811145979245720193128063
8752 18583669655201756253307209449
8753 18598538191492011966050267355
8754 18613417130620557005860853301
8755 18628306049658149948567761875
8756 18643205399000283202421491525
8757 18658114760882804221129032551
8758 18673034489526948303027456557
8759 18687964317887233490383559863
8760 18702904573754170172862926417
8761 18717854805318795337331353423
8762 18732815473649103480323863537
8763 18747786269509398728574191723
8764 18762767471565647712915938565
8765 18777758727843586136027085587
8766 18792760473683471107227823517
8767 18807772266256698893434366679
8768 18822794545282787269408342485
8769 18837826939917995536296992047
8770 18852869738113831307546076313
8771 18867922718654456714568187259
8772 18882986203932708383621836337
8773 18898059713273839312658987363
8774 18913143766105101388825692845
8775 18928238000892524522678822779
8776 18943342697148399402439762061
8777 18958457535286212615317164735
8778 18973582924598028962998393581
8779 18988718435448718695752419519
8780 19003864499165609026801770633
8781 19019020746010625781634869803
8782 19034187475881773181009591921
8783 19049364453929593599631331043
8784 19064552020418329376925531773
8785 19079749676643713210003694611
8786 19094957931010296173644591301
8787 19110176433193744397749727127
8788 19125405482116446497773672961
8789 19140644751208240820201657687
8790 19155894634102609956774345041
8791 19171154721001500739910625547
8792 19186425421701987652882457825
8793 19201706364375374295785976427
8794 19216997883038399281742015381
8795 19232299695954631557610368847
8796 19247612182980334915673470173
8797 19262934820593783593894837727
8798 19278268145576342200049419809
8799 19293611810129764726761232623
8800 19308966050259310968410909681
8801 19324330598258265973147005163
8802 19339705814317879207012889145
8803 19355091306232728277559890651
8804 19370487510577769189116305181
8805 19385894014502880597214992095
8806 19401311170069647046467820245
8807 19416738687956140832825158775
8808 19432176946557825346659249657
8809 19447625446752491129111001159
8810 19463084673337688997636946569
8811 19478554314196578446346053179
8812 19494034629090531299076592757
8813 19509525293952423052765616635
8814 19525026738043386886889740141
8815 19540538502660309993850017039
8816 19556061050748537780573599317
8817 19571593975234011761380527303
8818 19587137614256842688790840193
8819 19602691710469982392587855815
8820 19618256601813634161755616065
8821 19633831801589906097760790155
8822 19649417811075777386900250269
8823 19665014297090910336408952011
8824 19680621535296582295927636781
8825 19696239201060368463445949447
8826 19711867706471291915022526389
8827 19727506605875707238928666823
8828 19743156368722883404906647625
8829 19758816579070205692149965091
8830 19774487568097789270047147393
8831 19790169095713758465440293315
8832 19805861479754149754085849157
8833 19821564250019148208819047715
8834 19837277916140896682082577349
8835 19853002111074663129427149511
8836 19868737142864315744927068573
8837 19884482655846482118906688391
8838 19900239099215471722853291433
8839 19916006024631165433213085811
8840 19931783849996037581720476057
8841 19947572223341704608917097251
8842 19963371427701957739085817381
8843 19979181227505557475573467403
8844 19995002004426028937331862405
8845 20010833205071778640253685095
8846 20026675388899493927836302193
8847 20042528176500997730389462127
8848 20058391863997564237552438841
8849 20074266129752604445858781659
8850 20090151359274770947363885769
8851 20106047149676381725410792387
8852 20121953931987873621328550261
8853 20137871310437916645261407799
8854 20153799641377868114891560781
8855 20169738623783315005408471223
8856 20185688627167825282920372193
8857 20201649143165182354850421271
8858 20217620704954707653270771033
8859 20233602959211346417311341083
8860 20249596177194662602647510185
8861 20265600047301919423246442939
8862 20281614971217702577106014845
8863 20297640514275665311276982959
8864 20313677133357033140062690029
8865 20329724414209226645947025703
8866 20345782703874721446376418945
8867 20361851719487102674343812623
8868 20377931856373832942478505057
8869 20394022577639705004989791931
8870 20410124401707527473319142949
8871 20426237005615755319100223155
8872 20442360631178919965379632317
8873 20458494985319475536873543151
8874 20474640477094238765846571541
8875 20490796650257681259675841639
8876 20506963986726889725969099873
8877 20523142040942728749096396671
8878 20539331189627401490615978385
8879 20555531154908529987897718411
8880 20571742281729749432992334469
8881 20587964084571487400961178315
8882 20604197061812215929834602029
8883 20620440876020751097769293775
8884 20636695821162577759992184077
8885 20652961535735849946862638903
8886 20669238478356484708714543665
8887 20685526173470905429398967003
8888 20701825099684601738526674761
8889 20718134847361160882403405723
8890 20734455732134103446060604325
8891 20750787509898682047989684739
8892 20767130528116292741605822653
8893 20783484284938116896064225535
8894 20799849320177539454526230249
8895 20816225251755560693878595927
8896 20832612384020968307018141457
8897 20849010369060950076042157603
8898 20865419643811223964852483177
8899 20881839756996548020435647651
8900 20898271164129814206186860733
8901 20914713464071438298858131059
8902 20931166992208668289999822661
8903 20947631477713194381332032279
8904 20964107301460450266545908009
8905 20980593914567157475822979031
8906 20997091874976045392649917145
8907 21013600809425549460659759843
8908 21030121024583220322617194377
8909 21046652181709371035082065299
8910 21063194690053977907770602517
8911 21079748124252550405240206775
8912 21096312903184447567236634389
8913 21112888657257417963014716311
8914 21129475719771952718037353961
8915 21146073806319277710970306215
8916 21162683317497400129307513361
8917 21179303683900516466655161987
8918 21195935490619492261460850377
8919 21212578349449141347044620235
8920 21229232538050161572374908413
8921 21245897750397853956147886079
8922 21262574385359466203119782557
8923 21279262004572554674563732487
8924 21295961102033018057715092913
8925 21312671211732298947744548863
8926 21329392717231710943016571217
8927 21346125315866917575532608387
8928 21362869398153829983110264389
8929 21379624452777100013466121195
8930 21396390972616532621945241069
8931 21413168643380416059260581495
8932 21429957726219015635001494941
8933 21446757885350422278245079479
8934 21463569580723847482279613209
8935 21480392322634172013097207791
8936 21497226597019456139153848201
8937 21514071972488976178187205267
8938 21530928817792587468358243533
8939 21547796842578530309001555859
8940 21564676421931257681519704549
8941 21581567025303846944234407007
8942 21598469202800897782634657717
8943 21615382591420116698293783863
8944 21632307480738907655493990289
8945 21649243524452099592749181531
8946 21666191162660041444463983065
8947 21683149916576934066445949107
8948 21700120295924916819945961349
8949 21717101855303973451148665979
8950 21734094942903025693940899693
8951 21751099309129204667718961607
8952 21768115290233307354268699585
8953 21785142382385504040817264511
8954 21802181124790332130475067289
8955 21819231133921341994645749243
8956 21836292736797611414829505153
8957 21853365554966000558949050131
8958 21870450063165706024641415813
8959 21887545785765231351628948747
8960 21904653169095618462318560045
8961 21921771828954296447069020159
8962 21938902083887148797987707345
8963 21956043673479906100404554007
8964 21973196997406532982256734457
8965 21990361479138298034115902387
8966 22007537706630954669138563057
8967 22024725275098921570019231179
8968 22041924500968086822496815093
8969 22059135043556269483943117919
8970 22076357321643989195533967557
8971 22093590893095832410588860815
8972 22110836223010476287217783793
8973 22128092884466605453673373607
8974 22145361258815226564592934425
8975 22162641019742918691374412379
8976 22179932580495858945628236625
8977 22197235382641627123597153787
8978 22214549998218821918525616021
8979 22231876055658481414420183039
8980 22249213834533031783828590317
8981 22266563011404592978796925183
8982 22283923999972769964875736921
8983 22301296350730888350969212055
8984 22318680552462929972028850705
8985 22336076157455259014085578395
8986 22353483535093575756035707629
8987 22370902386942056594863544051
8988 22388333133520420549582984253
8989 22405775194294012042101836751
8990 22423229135236731733933264877
8991 22440694600442422074715802263
8992 22458171856960560720086262105
8993 22475660584265169248075821043
8994 22493161226169189615719433321
8995 22510673289730087485883060651
8996 22528197286702417208882899829
8997 22545732751253813876156327075
8998 22563280087250880754398018205
8999 22580838986879584234121209855
9000 22598409818888787974855612693
9001 22615992074574471598395973135
9002 22633586271117954206274103793
9003 22651192056144018037589090131
9004 22668809750491327611404385137
9005 22686438960701761861875096827
9006 22704080180975475554272585469
9007 22721732899010073199594718939
9008 22739397625346619149771656837
9009 22757073922144364558559400303
9010 22774762123299365995207638729
9011 22792461975955869193146643591
9012 22810173855053384583773681337
9013 22827897207843428076625407475
9014 22845632631475570675946725001
9015 22863379706689800511902092827
9016 22881138752820434114915249493
9017 22898909402213765354146343707
9018 22916692121792385581912333197
9019 22934486437607231408271598807
9020 22952292826090798261845817169
9021 22970110864339023566759653167
9022 22987940901586157146707698089
9023 23005782664232177158372908475
9024 23023636538738486683783812449
9025 23041501959049689677529840899
9026 23059379511375566304850320477
9027 23077268792339924109866236015
9028 23095170142082767607197070717
9029 23113083182065962203863190495
9030 23131008365395881652822589289
9031 23148945219576667188870147495
9032 23166894214439989594326712745
9033 23184854942433506826143418139
9034 23202827762966069453471901333
9035 23220812365461252317282676131
9036 23238809181800728282101330253
9037 23256817608791173890913081623
9038 23274838253673859843539916557
9039 23292870726412144876734192023
9040 23310915304215569207107097609
9041 23328971678575216378563329319
9042 23347040262348635823409493105
9043 23365120589404771111628007555
9044 23383213182880534619653552813
9045 23401317542661024689605903907
9046 23419434092647810146753970965
9047 23437562499699842722740357839
9048 23455703189959293504252893493
9049 23473855596402728263536142439
9050 23492020276014481298508573321
9051 23510196866606087901435294635
9052 23528385657991956338702864665
9053 23546586293850344951897799307
9054 23564799257461687034355810165
9055 23583024033788934815542439395
9056 23601261135425544460675170237
9057 23619510105486070993530617487
9058 23637771331711006240141480117
9059 23656044511059001353208896007
9060 23674330037495429640124891929
9061 23692627359076533684456158091
9062 23710937044667497074664817433
9063 23729258713212830220074633083
9064 23747592680618441343420937293
9065 23765938563595303773295536435
9066 23784296839032152316198626853
9067 23802667000422975993073553607
9068 23821049586864374939144634817
9069 23839444133395427494711781071
9070 23857850999302082841222954121
9071 23876269913854191955661059755
9072 23894701245044924648303222977
9073 23913144444754362591849805763
9074 23931600100728318131564742485
9075 23950067804123364245125682291
9076 23968547895149090176656419533
9077 23987039970858378828110730111
9078 24005544551657126202790833553
9079 24024061107750535787375715599
9080 24042590130689721703396555617
9081 24061131201976006998125313227
9082 24079684668794832905822172225
9083 24098250252283667052072841235
9084 24116828377029488216016977293
9085 24135418424354861914770442599
9086 24154021026003163475025379445
9087 24172635744965321172967653359
9088 24191262922778106864533442585
9089 24209902205025251925146840103
9090 24228554011175553513255478561
9091 24247217901686519399061036627
9092 24265894350863262106571609557
9093 24284582910595207426586060035
9094 24303283982675583015167406125
9095 24321997229669316102864608167
9096 24340723091898272085977660613
9097 24359460964885651357176594383
9098 24378211466033887004752039225
9099 24396974182488809387166374727
9100 24415749435910809398707769433
9101 24434536853207285855810525827
9102 24453336905913380264833419197
9103 24472149097574466124991718179
9104 24490973951693900394588334805
9105 24509810996932419406986144423
9106 24528660621452726518330905517
9107 24547522505886299080817787583
9108 24566397090019858893670814457
9109 24585283774743467633449409955
9110 24604183148933668647837656633
9111 24623094845949705952535409139
9112 24642019133369502346782714317
9113 24660955684261881088330719067
9114 24679904966911811053349422917
9115 24698866443214184789917345503
9116 24717840680817466083971471573
9117 24736827167356633076971267831
9118 24755826338238123285078781417
9119 24774837866022445918913562427
9120 24793862145106072590844971657
9121 24812898623306461114995167739
9122 24831947862991474585446781141
9123 24851009486055777816089162531
9124 24870083837288481940551399397
9125 24889170492185470961576597471
9126 24908269971872187805093494001
9127 24927381744111721166386852055
9128 24946506337082951613618543161
9129 24965643291278377044235665331
9130 24984792968919380261052065873
9131 25003955096152487223982376115
9132 25023130073702159635908685973
9133 25042317311137024311953550935
9134 25061517439712365900451319285
9135 25080730017382372366588783399
9136 25099955377433155275347144089
9137 25119193137484676414962041031
9138 25138443799738410957981289185
9139 25157706843256423422954622459
9140 25176982791014462634068177321
9141 25196271183039336158872289315
9142 25215572394329121546282552237
9143 25234886122840798372024744263
9144 25254212794759221716818972685
9145 25273551803481238059790917143
9146 25292903769865681217910239441
9147 25312268267650194217188368783
9148 25331645657717445153733049241
9149 25351035537964315393961557635
9150 25370438382113424111924511485
9151 25389853702284876586375939843
9152 25409281991680141820850300397
9153 25428722811191637551354003343
9154 25448176550595961444853508381
9155 25467642871750193362186874871
9156 25487122240126766155932841697
9157 25506614001632956415029323279
9158 25526118828802448077801579881
9159 25545636285107583797471898915
9160 25565166676766262416510758141
9161 25584709664675927200531581067
9162 25604265690911851225774198821
9163 25623834267207448808105075671
9164 25643415933417675402517510461
9165 25663010177112161913534099015
9166 25682617438160391692092742625
9167 25702237369647602102012167955
9168 25721870420104537362710939305
9169 25741515988278795483105412331
9170 25761174654590387102333427325
9171 25780846043937442831398612275
9172 25800530464362537587305236029
9173 25820227537813851020465589455
9174 25839937783448908810590543789
9175 25859660635973685009674916967
9176 25879396663072626487853379809
9177 25899145362698491564726845387
9178 25918907143776811395221220377
9179 25938681697361045341826720219
9180 25958469439728349301523879709
9181 25978269777833595702591689155
9182 25998083321464352828522246941
9183 26017909660236856230681313351
9184 26037749133258458012207192905
9185 26057601330425778169758467919
9186 26077466768523599897488902881
9187 26097344898335692684482126075
9188 26117236299077982701496892697
9189 26137140463732366806563954803
9190 26157057794974140880336424797
9191 26176987987322133593322724239
9192 26196931433520347048431223157
9193 26216887560722704467161791487
9194 26236856993041154013633322145
9195 26256839294527550262627389519
9196 26276834823728237491008144249
9197 26296843152756546078278392027
9198 26316864822039120410050291401
9199 26336899287879795113941793507
9200 26356947057252109165000412437
9201 26377007704728321859086934503
9202 26397081583581623139413343861
9203 26417168398795318070236115119
9204 26437268613521976272824344001
9205 26457381554359394919045094295
9206 26477507898852170263729126201
9207 26497647180326306603981142187
9208 26517799774975924217453011917
9209 26537965283596770878106558987
9210 26558144180205317092477257877
9211 26578335964559202575459335255
9212 26598541169029766842555033053
9213 26618759299354836740240787911
9214 26638990788184363738032851569
9215 26659235287900405845284502271
9216 26679493240540761794902137705
9217 26699764029586814900035132819
9218 26720048294309044234742815077
9219 26740345609496665972412827363
9220 26760656292305779902776022869
9221 26780979977966137805425606271
9222 26801317153594797729259360197
9223 26821667294154466579764561103
9224 26842030954254497275938675361
9225 26862407619258940008537242091
9226 26882797723200515962770727273
9227 26903200902206291867893442267
9228 26923617655856253824802256341
9229 26944047321737577914109873931
9230 26964490539966756763940609717
9231 26984946910124630612690026527
9232 27005416731780914834022319529
9233 27025899636675016154992610927
9234 27046396125594971088901595793
9235 27066905643868734316958094819
9236 27087428779165598800647735865
9237 27107965000303674630142160515
9238 27128514755961010429994176973
9239 27149077708265398050188371179
9240 27169654273941434999660861293
9241 27190243855595007127178394743
9242 27210847063624063942264401345
9243 27231463492728781198935288855
9244 27252093504935848788168503785
9245 27272736655945073960460166019
9246 27293393500099584062815028737
9247 27314063456536802907601202771
9248 27334747102276234711373395005
9249 27355443949430368876558048943
9250 27376154376598362131092682981
9251 27396878100477979071158049751
9252 27417615530912779995652389777
9253 27438366051224231474534735455
9254 27459130333581975558528017329
9255 27479907890819827972755807291
9256 27500699105104165175976931481
9257 27521503556445787094202349259
9258 27542321778405951426555253229
9259 27563153219945605298166811351
9260 27583998431815486160221915605
9261 27604856923523546155507594031
9262 27625729098566579026362586537
9263 27646614632596642721396610031
9264 27667513986891203085032614833
9265 27688426509043228526836959955
9266 27709352861459877253369196261
9267 27730292595121106057136712179
9268 27751246083732020009410706405
9269 27772212893505335321543430583
9270 27793193548329245559673580829
9271 27814187520637668058209431783
9272 27835195329554021967371769209
9273 27856216517297722862038195579
9274 27877251493488136889728117529
9275 27898299897020389856672693667
9276 27919362225718004932506134285
9277 27940437782312850942044073819
9278 27961527285549991769418705117
9279 27982630265730943815018755183
9280 28003747051113368564194532725
9281 28024877280263682083509347279
9282 28046021420885934106225469377
9283 28067178948572764335373069419
9284 28088350457513857234249520881
9285 28109535388776503832580121339
9286 28130734210585816355166809781
9287 28151946556117169018620720795
9288 28173172895882051972775652245
9289 28194412599571111091402595615
9290 28215666273668178077746561569
9291 28236933527903770794489286735
9292 28258214692134262506760720313
9293 28279509363300934296289857171
9294 28300818088225452291525743401
9295 28322140270059018866971907075
9296 28343476504420912526169012093
9297 28364826253745055477908203691
9298 28386189973319357657804729901
9299 28407567317421245624289858639
9300 28428958740976384182167828969
9301 28450363600509434383210638111
9302 28471782553456477711223077473
9303 28493215165382437765826382619
9304 28514661783149620730014258201
9305 28536121983714662242311947587
9306 28557596311536366909751446733
9307 28579084184998323126331917575
9308 28600586216649138221656848101
9309 28622101871875133980202611839
9310 28643631565763431907323643081
9311 28665174983804704758494989695
9312 28686732551191482770254060393
9313 28708303647337092820319090019
9314 28729888943145549400517902457
9315 28751487960769228000065041643
9316 28773101100222492086092679605
9317 28794727890356300508444943079
9318 28816368914708527330417302141
9319 28838023588929428375074204607
9320 28859692470769099465852004073
9321 28881375086434913677757813255
9322 28903071825469737522570460753
9323 28924782364860115807153996571
9324 28946507188331724337823937173
9325 28968245595682649650924564083
9326 28989998296965990864124455589
9327 29011764816025585585468767831
9328 29033545524696651615987909181
9329 29055340019800221155233650351
9330 29077148797550830014021613361
9331 29098971326635548600392291067
9332 29120808160737211397082063753
9333 29142658789734307424620378371
9334 29164523676982394627967704285
9335 29186402436588244999714933987
9336 29208295561061941707837258309
9337 29230202364535339660318522791
9338 29252123555958859600159568141
9339 29274058659749063520720521703
9340 29296008033647634749789114857
9341 29317971277606872264909214939
9342 29339948907362964908972155233
9343 29361940370079059657084367267
9344 29383946253182344998639900925
9345 29405966015112389021078081891
9346 29428000095674905827150912341
9347 29450048141929198640596140543
9348 29472110662803469887323103913
9349 29494186964599844810994246503
9350 29516277721137950763237478209
9351 29538382502067220311669717843
9352 29560501631961927578203842225
9353 29582634710719754600866073355
9354 29604782286372750499418957421
9355 29626943760294934400066448331
9356 29649119766557063133623953981
9357 29671309722495861926781038431
9358 29693514125786016781192500369
9359 29715732597687441610994739055
9360 29737965579086733690853189497
9361 29760212459316309472768347347
9362 29782473867771505905295622841
9363 29804749380008524511960292475
9364 29827039381984070676520547269
9365 29849343394090808873010160143
9366 29871662018258391788848942261
9367 29893994618516795469470011591
9368 29916341824669866207114837081
9369 29938703112016789528457489903
9370 29961078880879217998207959313
9371 29983468830047599103880990171
9372 30005873407339797309568936725
9373 30028291937730381345883030059
9374 30050725138096897432948518093
9375 30073172514743107080775302967
9376 30095634446213201703608939213
9377 30118110505813750535079581167
9378 30140601242613532985353110769
9379 30163106080486602682767956359
9380 30185625601616110642905582281
9381 30208159279652750053101322011
9382 30230707558418792051015525565
9383 30253270085970765520780308931
9384 30275847357961340529955554597
9385 30298438664630029347173821399
9386 30321044728444841823396267901
9387 30343665048046652183692534679
9388 30366300042687907630744459921
9389 30388949243770575782000811091
9390 30411613212382056015462439017
9391 30434291383005130998491804747
9392 30456984312420173387155101589
9393 30479691509274887539550943811
9394 30502413408636302014183787621
9395 30525149623930380144398038887
9396 30547900679261757736558632149
9397 30570665858494770191626825583
9398 30593445895342710664438396361
9399 30616240312541788947288224307
9400 30639049448080847035074447369
9401 30661872917803829481084444995
9402 30684711222908236226634541789
9403 30707563803754223619087367123
9404 30730431296606336342284913141
9405 30753313101914960223399418823
9406 30776209720160668341616584209
9407 30799120751750805006013880271
9408 30822046711970106367702751529
9409 30844986905373183891298097155
9410 30867942011243150641315803561
9411 30890911600474222117494998579
9412 30913896013963385862803541789
9413 30936894832355222395682309987
9414 30959908632265876437943060549
9415 30982936783645593742965263663
9416 31005979909516303037723554497
9417 31029037451066961443762766631
9418 31052109888607246300595395641
9419 31075196860086847884017696355
9420 31098298839504945705360536401
9421 31121415147632429241164362563
9422 31144546479067969642730675749
9423 31167692360130182667598859383
9424 31190853186772842429985069893
9425 31214028489973011914989732127
9426 31237218859535432507131107473
9427 31260423668196217189698538879
9428 31283643576443415159760312465
9429 31306878005532891671119646227
9430 31330127400209814353912476269
9431 31353391428313853182240615851
9432 31376670541129858054261195733
9433 31399964084137155060961696287
9434 31423272756170894542632957469
9435 31446596062894454557042107943
9436 31469934419359036973920709161
9437 31493287328972948143902678455
9438 31516655417344236639004980225
9439 31540038059855869914678719315
9440 31563435843164297107267064037
9441 31586848270172237634059087491
9442 31610275748609840185540415965
9443 31633717940899329225255866839
9444 31657175360132360498335806797
9445 31680647251451940761433854103
9446 31704134398534762694224124081
9447 31727636270100340161150515363
9448 31751153271784584790390344193
9449 31774684970661022244502939763
9450 31798231882009412919560123309
9451 31821793450872306507126685035
9452 31845370275134622641661230093
9453 31868961807723846272914293159
9454 31892568532703230098197365509
9455 31916190050251463144512285423
9456 31939826878139419211249143841
9457 31963478294558992727381124403
9458 31987145030937149239013327145
9459 32010826603303545834999164083
9460 32034523394736415101443174333
9461 32058234960454023471994405979
9462 32081961869965193780777282357
9463 32105703517094440659762718367
9464 32129460535280992669975422913
9465 32153232342047937999416435087
9466 32177019423550228594906884521
9467 32200821380546993540592984299
9468 32224638767621637058533080713
9469 32248470843392263798036702139
9470 32272318326489534268147277453
9471 32296180760209478204052610543
9472 32320058472406534034664658885
9473 32343951064354253065889654815
9474 32367859111744342321389908017
9475 32391781973014977029219205855
9476 32415720317686838022305455161
9477 32439673528406627925363476179
9478 32463642133969049937620267865
9479 32487625730783717882376124371
9480 32511624797722882063028983485
9481 32535638673549326584999887695
9482 32559668040343796628002955325
9483 32583712439503126516083085639
9484 32607772279039829651873433817
9485 32631847053500337524623890135
9486 32655937378925706844314642441
9487 32680042618359334400536944403
9488 32704163418838678552437793349
9489 32728299225471506641360713867
9490 32752450468691588279172126205
9491 32776616821885370854749688303
9492 32800798765673234282372905869
9493 32824995568577437690413308439
9494 32849208019441125869103013777
9495 32873435564101090511515931327
9496 32897678632896876314203130601
9497 32921936741931029612396665267
9498 32946210507649583237416544029
9499 32970499289390882669061162403
9500 32994803714227293171744474949
9501 33019123241416392330698829711
9502 33043458315490092564641462525
9503 33067808583136307304946205375
9504 33092174551376711956840227121
9505 33116555485859200228321374363
9506 33140952130703621643689537465
9507 33165363971185274602355813355
9508 33189791441718218109865176077
9509 33214234067451425924333883163
9510 33238692423112325555231317597
9511 33263165908561698424592094615
9512 33287655129791751273161063125
9513 33312159538454433997494499871
9514 33336679617194250168910780793
9515 33361214947393760766887902995
9516 33385766102086979048022849641
9517 33410332295379049222118398995
9518 33434914331501690239757835589
9519 33459511679741093074387780107
9520 33484124716524357287768925605
9521 33508753018038720662366213151
9522 33533397122898511011399766121
9523 33558056452417162816967764447
9524 33582731654847679575328319769
9525 33607422115054964296997527971
9526 33632128356225295434468834265
9527 33656849955870304815846043883
9528 33681587454228909346881382261
9529 33706340125938551255178009183
9530 33731108680688991078353805597
9531 33755892669404151113999707935
9532 33780692455131409980850513081
9533 33805507578542209596406965663
9534 33830338670050731956807893601
9535 33855185037371922357050795539
9536 33880047369130913582073792545
9537 33904925067662931275392232539
9538 33929818629970599967510662525
9539 33954727672113115966044947239
9540 33979652704478739704202885213
9541 34004592997938885845188303431
9542 34029549291306161408523235713
9543 34054521093231482408529630039
9544 34079508813177682399164072577
9545 34104511963147407908511462523
9546 34129531162586215179034634157
9547 34154565743871643667926317387
9548 34179616411762624833245149277
9549 34204682532443206863423864431
9550 34229764604850585623247030813
9551 34254862270943572323077614583
9552 34279975998821991572145533113
9553 34305105101817731252756558535
9554 34330250324421629472021381001
9555 34355411134614693086000206259
9556 34380587970823891165642793645
9557 34405780312768949608009440795
9558 34430988822139678151274632077
9559 34456212842547563002349832111
9560 34481452985425895425501513453
9561 34506708725342896859969657319
9562 34531980499278110542235163025
9563 34557267937784668155515029123
9564 34582571608499992199406880433
9565 34607890696720353961181211979
9566 34633226026191509444952976605
9567 34658577040686033223770854243
9568 34683944172044255249656832773
9569 34709326953314748238908264247
9570 34734725939218673056397122481
9571 34760140534605625098480222727
9572 34785571386122572032415894241
9573 34811017906682399879262814131
9574 34836480607974106277627172089
9575 34861959063955392016139065827
9576 34887453822882949702394776349
9577 34912964110194619840645389395
9578 34938490722898116251183297581
9579 34964033140520724918656853479
9580 34989591761575883895729456417
9581 35015166126108419950080489063
9582 35040756831747515945836957033
9583 35066363230707814922703593163
9584 35091985995129116990333733721
9585 35117624510347014602898522563
9586 35143279297989748213541122765
9587 35168949931122739577823988607
9588 35194636993291283025410082381
9589 35220339701045683345547873351
9590 35246058817137460984984799105
9591 35271793847410985323176011335
9592 35297545162147908187246351337
9593 35323312320428193764528483643
9594 35349095929186034315562215961
9595 35374895321136804398851899371
9596 35400711198246404202993888557
9597 35426542912239390469853103119
9598 35452391007837537694493477213
9599 35478255075738979777002672703
9600 35504135626254397897853703881
9601 35530031944595875471508054903
9602 35555944761074020793887542753
9603 35581873578797885906733583963
9604 35607818840456178023497286077
9605 35633779992845622470029419659
9606 35659757723293912372475135645
9607 35685751322930376603529222815
9608 35711761504429177645446189645
9609 35737787665767700328927416407
9610 35763830261282775769911266857
9611 35789888949718955332604663227
9612 35815964220532750237796132921
9613 35842055336355553206332448787
9614 35868163101679294895784241821
9615 35894286951110453879617979259
9616 35920427321063365754537957453
9617 35946583713009722874935708079
9618 35972756770012204546225433197
9619 35998945814753258357251348199
9620 36025151520318224710822670049
9621 36051373296120749712340736387
9622 36077611640641834654843310817
9623 36103866149866434447633805443
9624 36130137389673315396043411981
9625 36156424550586779143655955419
9626 36182728445251021450724565053
9627 36209048519544908999564288391
9628 36235385245168306339609443689
9629 36261738100370913618535547919
9630 36288107699906346658172047353
9631 36314493418744262847083128339
9632 36340895871085279235284427073
9633 36367314503973543612739619683
9634 36393749811126557778114893549
9635 36420201371551080565746717379
9636 36446669775810943096815440869
9637 36473154190799196867572547151
9638 36499655471873839633840889449
9639 36526173055990982790666615319
9640 36552707330100407031422839065
9641 36579257863451246295893384235
9642 36605825233120374935082062161
9643 36632408793159693239599054827
9644 36659009274457145753256859245
9645 36685625987564012250073871887
9646 36712259502773469058075985189
9647 36738909362885558153137337335
9648 36765576147063189964483262841
9649 36792259090123088939277775359
9650 36818958940763133654711635865
9651 36845675216943412106425159435
9652 36872408316028135924245055985
9653 36899157741566429509047560891
9654 36925924158297381687732992421
9655 36952706848040022232018132207
9656 36979506529762704192627830661
9657 37006322568431887040449139095
9658 37033155499317594926284448025
9659 37060004901367395080853098967
9660 37086871326893271602931492345
9661 37113753992660554355309843507
9662 37140653691017050639342176973
9663 37167569909717688371725130739
9664 37194503066641317094470806653
9665 37221452651033892074988615607
9666 37248419311751142553857440781
9667 37275402353182879890419557351
9668 37302402500624962634529364665
9669 37329419111592617598611391195
9670 37356452702605837517670357825
9671 37383502890105134281021472819
9672 37410570183691474442402098813
9673 37437653832096616184702789115
9674 37464754644728553226890520853
9675 37491872031564065465623790711
9676 37519006487520464887654713837
9677 37546157449192199629180216319
9678 37573325619404889383546244481
9679 37600510293418781048767562683
9680 37627712137983478267974527641
9681 37654930582551873070407504371
9682 37682166079981795053228036837
9683 37709418264592468399292045595
9684 37736687710454314413873205037
9685 37763973578568582707256790615
9686 37791276729813324517057833329
9687 37818596570532993609080840679
9688 37845933567420082595891207921
9689 37873287210112764265559560195
9690 37900658113830475411528396081
9691 37928045632480611912621265875
9692 37955450448695721264303495821
9693 37982871931592047714496656027
9694 38010310649949859515012269325
9695 38037766119922322120000494455
9696 38065238944328396729569229057
9697 38092728294545527205210313743
9698 38120235022474907837506653649
9699 38147758582019124301204928331
9700 38175299375028876834746625713
9701 38202856927096476104629633323
9702 38230431859964485012729618893
9703 38258023492605376130476429791
9704 38285632542251051122498663413
9705 38313258364672137827751092743
9706 38340901488415561883331675241
9707 38368561487932554574950808079
9708 38396238973457782105693027873
9709 38423933101890139146624778059
9710 38451644685389187907542764189
9711 38479373204658605140742026043
9712 38507119058750788853870236933
9713 38534881775835531141583975951
9714 38562661996931791473722919413
9715 38590459006520221967893119295
9716 38618273566200865632645442545
9717 38646104964608362254385167615
9718 38673953811873090508199283193
9719 38701819651166238949105890051
9720 38729703020760333340156181501
9721 38757603177135449673826761651
9722 38785520884264267357441213533
9723 38813455618547199502718687559
9724 38841407843249361247389383669
9725 38869376984737245777687338119
9726 38897363768695861690673497305
9727 38925367442905462021832441843
9728 38953388751944327779674110873
9729 38981427063372894028922193835
9730 39009482866106313658069745421
9731 39037555771045619300483729099
9732 39065646342441443293813723045
9733 39093753761182122550597688135
9734 39121878904133588454142652389
9735 39150021162030167718521675023
9736 39178180997278064608389875921
9737 39206357874869132705978634915
9738 39234552474491714982204344065
9739 39262764092208162941586893627
9740 39290993436342327828387886541
9741 39319239889121866664378502099
9742 39347503953206858476388342533
9743 39375785231309607274626335359
9744 39404084297499783274562833825
9745 39432400304811414221455638927
9746 39460734118545044967302264641
9747 39489085143954676215790807483
9748 39517453882079375569908967753
9749 39545839779336916166428249331
9750 39574243494595256439183283925
9751 39602664352635489072062117603
9752 39631103019546066915338371773
9753 39659558892786320027416856023
9754 39688032520171822580704383993
9755 39716523431891568007201656015
9756 39745032262305054918967824465
9757 39773558130405346859556234259
9758 39802101929794259880231861873
9759 39830663070361952132709703211
9760 39859241971829350527410566941
9761 39887838174825040133102760735
9762 39916452286312426856475156581
9763 39945083626156151036732012031
9764 39973732959093451023813753281
9765 40002399559644456603358026151
9766 40031084024480573170637217865
9767 40059785882303681647427596523
9768 40088505753785402462801818613
9769 40117242807282844726086440723
9770 40145997850573140522468225173
9771 40174770369298614905857490463
9772 40203560777530068655402843445
9773 40232368548917520644836176655
9774 40261194395057531040514616265
9775 40290037554541769821537470799
9776 40318898784727751720077673873
9777 40347777413819569861991543299
9778 40376674013122619121240660445
9779 40405588135086341711123873371
9780 40434520357679422092471623565
9781 40463469856861523777614351575
9782 40492437483282653819220249381
9783 40521422670867958465962903191
9784 40550425886071573617903071025
9785 40579446562634987184372314019
9786 40608485407217848114922987225
9787 40637541663178475668240889763
9788 40666616124452667880549479069
9789 40695708106157024895796769059
9790 40724818138079747559606928029
9791 40753945828770049286928401159
9792 40783091697355446313385316229
9793 40812254977668647573152528319
9794 40841436490279501936890946633
9795 40870635651751682486020736907
9796 40899852959230411431825287313
9797 40929087825171976430420052331
9798 40958341005518865344428817645
9799 40987611725156206367569547243
9800 41016900712927185138875532501
9801 41046207336332851908225291975
9802 41075532114205747660641210137
9803 41104874628807200933429411079
9804 41134235514527080805563838257
9805 41163613849573183701029387683
9806 41193010580526179994207993257
9807 41222425058385007899800858499
9808 41251857768203101813245398781
9809 41281308196474996035389020831
9810 41310776967758932009741388837
9811 41340263424150101240433846743
9812 41369768264497869220919067401
9813 41399290837390065899225051191
9814 41428831727061495238936111809
9815 41458390434738773729342245667
9816 41487967598079719125127291105
9817 41517562347614856220212698715
9818 41547175570372413594522424437
9819 41576806679758037851000930655
9820 41606456135350919367495540589
9821 41636123398306094756665618215
9822 41665809142176588732114306553
9823 41695512648424044586020331583
9824 41725234683812003444277271513
9825 41754974550635380245410630403
9826 41784732826427784341715461237
9827 41814509035013227165951176475
9828 41844303832839653097615768597
9829 41874116325169548988933172343
9830 41903947379260279370078130197
9831 41933796452465200261654705943
9832 41963663949792217017958384321
9833 41993549380033688079429930583
9834 42023453434620106516725584457
9835 42053375331406649935409593371
9836 42083315881153577629242607853
9837 42113274345939616391418210787
9838 42143251354323645133048081861
9839 42173246440930993270831147839
9840 42203260168320914841922463053
9841 42233291733616651601401353583
9842 42263341966397919791117809617
9843 42293410298317519334650191339
9844 42323497230808799505619103089
9845 42353602156864493676678047875
9846 42383725829467131345845694269
9847 42413867464695983137360743259
9848 42444027853079376088176356637
9849 42474206313203810749568691703
9850 42504403362620945579014525089
9851 42534618608952442094373881223
9852 42564852639104041930709147345
9853 42595104586166058509421945555
9854 42625375370261673762753819385
9855 42655664346160700449091085491
9856 42685972015791373065978774589
9857 42716297789402498180022202963
9858 42746642413768703013587304653
9859 42777005132858894686651424455
9860 42807386696176535272736719569
9861 42837786450199371971696245967
9862 42868204937497274273345125649
9863 42898641711666840064940975427
9864 42929097389126519028668267017
9865 42959571088890600499366407307
9866 42990063715183995630223302581
9867 43020574645077582471560485463
9868 43051104402814773635548037773
9869 43081652403620095312796407735
9870 43112219348714230820300794017
9871 43142804504979023516645089087
9872 43173408600380092389777957585
9873 43204030991937900482518019411
9874 43234672248138361273303934217
9875 43265331884823626860893432251
9876 43296010569957577671272633309
9877 43326707356389118797024005191
9878 43357423214332972398017177525
9879 43388157505124272171506010407
9880 43418910678658100569920376657
9881 43449682247319633972637692791
9882 43480472841620217086091662473
9883 43511281759272449892430643411
9884 43542109795237974180790731917
9885 43572956177317061754345141171
9886 43603821561121539019298626501
9887 43634705433430818516366378847
9888 43665608456040322235408803717
9889 43696529745142004297309578695
9890 43727470152001228870710760153
9891 43758429129411441170368617927
9892 43789407117510633285309559825
9893 43820403559872914688225777163
9894 43851419228401490319174606461
9895 43882453295197137889740173355
9896 43913506570073953851341527789
9897 43944578346834144805812829799
9898 43975669212615334450687052853
9899 44006778701578309651320864655
9900 44037907428109670136345008641
9901 44069054527228008497355825691
9902 44100220883113979414216990753
9903 44131405910458540049657154435
9904 44162610090750285240707709749
9905 44193832840934142399671823259
9906 44225074889473880294267540437
9907 44256335446451564380644564087
9908 44287615364481041225752941217
9909 44318913887013733875301143583
9910 44350231608281385435681014697
9911 44381568083677216545135225211
9912 44412923896717694057188676545
9913 44444298182962078064453350011
9914 44475691874224967082521614125
9915 44507104314925351795090049219
9916 44538536046457407698266407421
9917 44569986441846044796484909335
9918 44601456279109338277268309017
9919 44632944780297407419434421455
9920 44664452665101420994770385705
9921 44695979317476957201935666675
9922 44727525254241005599790110489
9923 44759090049230809198235530091
9924 44790674363595938326541101029
9925 44822277229531753413323183895
9926 44853899631402097383270787621
9927 44885540886914813513185871359
9928 44917201532239915692016959113
9929 44948880993245788253744119967
9930 44980579966146018391909816625
9931 45012297713274058097025666483
9932 45044035011544315911905883817
9933 45075791152997307930686733419
9934 45107566750180431560944641157
9935 45139361284054999849274729951
9936 45171175431062187353585435725
9937 45203008266270296988654883271
9938 45234860733631263498883023737
9939 45266732209894617432058239991
9940 45298623166006764400319187857
9941 45330533050887147572870882147
9942 45362462576662487486990329301
9943 45394410985238660883041515507
9944 45426379077010699925109220757
9945 45458366109224650516899468279
9946 45490372709718457741792300709
9947 45522398361863422135144281519
9948 45554443755918487799467698697
9949 45586507961359966802770138027
9950 45618591896672771838875449929
9951 45650694979035433406841466659
9952 45682817636741015244523065901
9953 45714959348776284561039489211
9954 45747120838970261885223951741
9955 45779301287494999218783817455
9956 45811501557624418170256814709
9957 45843720861211730630872838463
9958 45875959872062151073199515665
9959 45908218085656767596359085619
9960 45940496119064470323410184353
9961 45972793093874311447144140307
9962 46005109894865972038062217405
9963 46037445930986112857715744723
9964 46069801736157751559658745837
9965 46102176655261760812542220871
9966 46134571498637848606305053577
9967 46166985417314555406285413023
9968 46199419259857583732871075241
9969 46231872304548968799534380723
9970 46264345096230049573643426769
9971 46296837231103803503690563219
9972 46329349306633475603181171021
9973 46361880424340509568689573795
9974 46394431554019989488950464325
9975 46427002009172457237608937567
9976 46459592314450346101423972817
9977 46492201867468069958798374719
9978 46524831449470615788693609369
9979 46557480252336609519146032259
9980 46590149083023348322489670217
9981 46622837222418047441823670235
9982 46655545269697128179940386413
9983 46688272730896534146740379511
9984 46721020283266129650532950933
9985 46753786982815533791819789183
9986 46786573786657283618149470713
9987 46819380040734246670834412439
9988 46852206297890885572962377913
9989 46885051928273188755480471499
9990 46917917669540413503473728281
9991 46950802771781488869623636715
9992 46983707986106934477735064541
9993 47016632646373049097553855887
9994 47049577341628407677618743965
9995 47082541558275258034716170799
9996 47115526015872449234087999721
9997 47148529690843004097011132183
9998 47181553629278947136267119737
9999 47214597150155468721646665139
10000 47247660725993705299712242509
