0 1
1 15
2 953
3 12435
4 88273
5 394691
6 1405325
7 4031123
8 10248133
9 23120727
10 48218513
11 93417543
12 172039681
13 299505299
14 503363697
15 813950491
16 1279144845
17 1950568311
18 2912136485
19 4244109647
20 6080556217
21 8545686087
22 11835454865
23 16140155643
24 21758092529
25 28919120739
26 38064737317
27 49545932471
28 63929168597
29 81673486671
30 103583359665
31 130232191959
32 162683447609
33 201702106491
34 248607776085
35 304425391507
36 370923259853
37 449097524679
38 541354005053
39 649182400903
40 775151724273
41 921154964047
42 1090609471577
43 1285484153091
44 1510220261429
45 1767093732971
46 2061147346909
47 2395578202535
48 2776566079653
49 3206855849535
50 3694258801361
51 4243064494603
52 4861271053825
53 5553657164467
54 6330919320445
55 7197389673571
56 8165870192397
57 9241669894199
58 10438558602361
59 11764215583935
60 13234848883833
61 14855773884243
62 16647717438329
63 18619484915323
64 20790890760549
65 23171568886627
66 25787440513989
67 28646452950663
68 31779340479273
69 35196014462879
70 38926911479369
71 42987748747451
72 47413567118273
73 52213527068163
74 57433644088477
75 63088371897335
76 69221357618925
77 75847781564775
78 83023264492633
79 90760066661463
80 99119105203081
81 108118264994675
82 117817680169145
83 128243823085595
84 139469794839277
85 151501705251143
86 164433653691029
87 178287316412599
88 193143544122169
89 209030274963255
90 226045538261577
91 244210347587443
92 263636891299725
93 284349221614851
94 306461810476893
95 330012226975663
96 355131705104445
97 381824631864791
98 410257732962425
99 440462803441211
100 472579187185537
101 506646323777139
102 542841429531485
103 581182001243459
104 621872852531933
105 664934615301735
106 710561484178949
107 758808665759799
108 809902689814257
109 863834524951019
110 920879916400009
111 981087212742083
112 1044676424124677
113 1111704564669427
114 1182464240272213
115 1256962520890079
116 1335539332825001
117 1418203451929591
118 1505285334960825
119 1596851603954507
120 1693243986882945
121 1794448201230251
122 1900897642912333
123 2012648332008211
124 2130069473531365
125 2253196624800111
126 2382512192818769
127 2517990409991055
128 2660158218574401
129 2809035871041707
130 2965077953409377
131 3128412610926387
132 3299559949648285
133 3478440491222791
134 3665762339179909
135 3861542004694239
136 4066340702385449
137 4280207259181159
138 4503851045923369
139 4737220940946235
140 4981094386002945
141 5235457842147283
142 5501018748392197
143 5777899089605983
144 6066898516265605
145 6367851342274783
146 6681786599610737
147 7008713737511079
148 7349456697269441
149 7704040107003619
150 8073489912786789
151 8457716398666083
152 8857807408927781
153 9273732347316951
154 9706526284750685
155 10156261057519967
156 10624151725926905
157 11109850788997163
158 11614897821594585
159 12139263631244171
160 12684024807797989
161 13249267668775651
162 13836359851711037
163 14445141037072743
164 15077258667515237
165 15732473651292887
166 16412301916651353
167 17116816002179531
168 17847663472188481
169 18604355295469203
170 19388922351381061
171 20201356869020883
172 21043164393646085
173 21914325947059943
174 22816909571296433
175 23750452432557151
176 24717225530965233
177 25716900062938483
178 26751514838413913
179 27821179221798419
180 28928041381631389
181 30071423642108867
182 31254113795934285
183 32475944391451847
184 33739070432332761
185 35043272326928095
186 36391388587413721
187 37782697171901179
188 39220395051642745
189 40703861624662771
190 42235762158644533
191 43816249934522287
192 45448151352608093
193 47130480412746239
194 48867061994475025
195 50657477514436079
196 52504640644958161
197 54408081565643563
198 56371683977864677
199 58394452453735059
200 60480269592784661
201 62628618378957215
202 64842793556278765
203 67122921764431903
204 69472987731849913
205 71891117283166455
206 74382722257098305
207 76946938923313987
208 79587607457596045
209 82304262015585123
210 85101505491999309
211 87978133387225975
212 90939416334899349
213 93984183402913055
214 97117224444549393
215 100338165243115683
216 103652170959536369
217 107056939291571707
218 110559121480153189
219 114157870156180211
220 117857823471172413
221 121658339081020391
222 125565544046415157
223 129577568835026775
224 133701264087871649
225 137934816819337779
226 142284323541169057
227 146749225771184851
228 151336459494172909
229 156042613256877947
230 160876287108982709
231 165836274886407391
232 170928220831955321
233 176151279175219511
234 181513439733287881
235 187011802140891779
236 192655485643146425
237 198441638779230403
238 204378321046603477
239 210464717845821235
240 216708809706357821
241 223106918810877767
242 229669381286982225
243 236394599799329455
244 243290455957625233
245 250354618459045915
246 257597666990877881
247 265015564911379707
248 272619728486835357
249 280406996683880871
250 288386295403875053
251 296557309537776735
252 304929972492082625
253 313498760306425647
254 322277722015852537
255 331263741492725619
256 340466570619947125
257 349883634587151755
258 359527933800252181
259 369394313754187063
260 379496423377762237
261 389830339549826519
262 400407609842950937
263 411226905051157079
264 422301313948971425
265 433623049540304643
266 445209626864387677
267 457056843610596675
268 469177216319530957
269 481567207619158479
270 494242063257348317
271 507196203721159647
272 520445661740040801
273 533985689879469755
274 547830563996391225
275 561977774500789035
276 576444082408617541
277 591219057669889683
278 606324960168386453
279 621756303270584903
280 637527108567558245
281 653633736089103423
282 670094449204721649
283 686901819786777619
284 704077372148786641
285 721612584260247363
286 739526257104622253
287 757814647004822435
288 776497264273318973
289 795563007732473087
290 815036081485296561
291 834912013788366495
292 855206988791785081
293 875915783006821099
294 897062737937950961
295 918635594082655035
296 940660973579492045
297 963129067692345471
298 986061942177981509
299 1009455491085807279
300 1033333166852407585
301 1057679976839626479
302 1082526882683174577
303 1107866412799074955
304 1133719508274920145
305 1160078715804420475
306 1186972187016098805
307 1214386622051180895
308 1242353933332912717
309 1270861154311458831
310 1299934360484098273
311 1329569520335704295
312 1359792955665974897
313 1390587828620450403
314 1421991569625115117
315 1453992593744921931
316 1486618102724876829
317 1519856534305755759
318 1553744290815194901
319 1588264124830946951
320 1623451519717816673
321 1659294532721933735
322 1695821341031803921
323 1733026601478750515
324 1770944969066780045
325 1809551700484828979
326 1848893637047310037
327 1888956851746633167
328 1929771698212110293
329 1971327777819412359
330 2013662464573268289
331 2056758242015130331
332 2100658120890902369
333 2145344466373248867
334 2190855033874623845
335 2237179431959594459
336 2284358963632390205
337 2332363993593655423
338 2381250070758158953
339 2431001170788552311
340 2481651838270348161
341 2533188896664194067
342 2585658945166677289
343 2639038269033716403
344 2693378916403545533
345 2748657905691192203
346 2804919923889939333
347 2862152783339239303
348 2920406508267277201
349 2979645839668661503
350 3039932651995639329
351 3101250034937105771
352 3163636476703051889
353 3227077280369004931
354 3291628119196835293
355 3357258253648532831
356 3424031559326865357
357 3491917961740688455
358 3560971265469743529
359 3631177624011379727
360 3702589876691492689
361 3775171586883773251
362 3848993052966844041
363 3924033299637872003
364 4000342595286452837
365 4077894922495423535
366 4156761254926402861
367 4236901711788516159
368 4318391116026243353
369 4401197297885901519
370 4485376411758134129
371 4570916715640293691
372 4657878795672980501
373 4746215938553889507
374 4836018074662585429
375 4927253390971623295
376 5019979522444128597
377 5114170133195471983
378 5209902802159405369
379 5307135434724089575
380 5405949581412166353
381 5506309868886182099
382 5608282970419554525
383 5711851188549468251
384 5817090194365595709
385 5923939895570423311
386 6032502508946405405
387 6142742233843541703
388 6254730716601834081
389 6368432703547113403
390 6483937644455050417
391 6601197327610243275
392 6720304119503197541
393 6841216672735299963
394 6964014326849782485
395 7088671054209513207
396 7215278153805845457
397 7343762594413425215
398 7474247249879331593
399 7606690356341317283
400 7741161225609574457
401 7877633072734757579
402 8016200339576279573
403 8156807867039163707
404 8299571688260854397
405 8444429607501037023
406 8591481366128814313
407 8740691540753440743
408 8892164982827297137
409 9045823131928617707
410 9201795179708454569
411 9360041655215364571
412 9520644908852051061
413 9683561541976084327
414 9848913315546187069
415 10016625968349360015
416 10186830565195914609
417 10359463893670670471
418 10534632489648316441
419 10712303157287519979
420 10892588904028218193
421 11075397501383639491
422 11260883655901225245
423 11448994001769635791
424 11639828254040349453
425 11833331684263463863
426 12029644571697189641
427 12228679608374279135
428 12430592206046088089
429 12635304354032788291
430 12842935503833191445
431 13053452954510102291
432 13266975744327987925
433 13483408015072456431
434 13702923311969340141
435 13925452321920353431
436 14151116120631174713
437 14379847123821447739
438 14611810536901842833
439 14846906892192091523
440 15085299690392589725
441 15326911854426992411
442 15571870169515551261
443 15820135790554235895
444 16071863378855123069
445 16326916533092155831
446 16585509994997130657
447 16847558319841526131
448 17113196061988997841
449 17382354011911945675
450 17655198936685346965
451 17931634763904301403
452 18211844148399816661
453 18495732740302387423
454 18783462077190675865
455 19074966832110482895
456 19370423502477693193
457 19669682471057671635
458 19972980749022364529
459 20280231714562381419
460 20591575529502919757
461 20906937504244238467
462 21226512406441343413
463 21550175019476196855
464 21878148463486646913
465 22210313832993977671
466 22546848427462704257
467 22887687516740551235
468 23233031752093438537
469 23582710814038348523
470 23936980420752569077
471 24295749772822027703
472 24659172122164624205
473 25027166197797270031
474 25399956643394898329
475 25777389160901601071
476 26159726698974511729
477 26546815307850882867
478 26938877184667123449
479 27335832261564154579
480 27737884806268874733
481 28144866844179340639
482 28557054683343164245
483 28974345041218972095
484 29396924654574288001
485 29824673111573947239
486 30257861481540896913
487 30696315484921104947
488 31140314820215703261
489 31589716624722785667
490 32044728830737685461
491 32505281105422702535
492 32971613010395305533
493 33443507501999464599
494 33921310973838365905
495 34404875018660606667
496 34894415681958517857
497 35389801801360831283
498 35891330886119686501
499 36398809934001680899
500 36912551477467608165
501 37432391396599524935
502 37958571132047739741
503 38491003850311137303
504 39029958986608840897
505 39575188245031402827
506 40127069739055614369
507 40685445715805419835
508 41250565209794584917
509 41822283352641761123
510 42400912301587680085
511 42986256290588616343
512 43578636207127188001
513 44177880941410991791
514 44784273474709444169
515 45397689063791949035
516 46018455386884182817
517 46646269081397019579
518 47281578883509796237
519 47924196402669322891
520 48574371253564880557
521 49231972538392276151
522 49897331317734261553
523 50570222859382571159
524 51251050451606744289
525 51939567946784448075
526 52636107263915923921
527 53340532079167505963
528 54053196669429401661
529 54773790556139791367
530 55502758607455737797
531 56239936192926550815
532 56985593553352473657
533 57739553246541205127
534 58502236632163525625
535 59273344924350405659
536 60053332293186373077
537 60841940160911699635
538 61639531656629213645
539 62445957657409178399
540 63261589237663403597
541 64086091819984826287
542 64919974451694964465
543 65763028588758563767
544 66615578528739038209
545 67477411453874077451
546 68348980658782764157
547 69229966043436822659
548 70120878315655492845
549 71021423666142611167
550 71931990355445608005
551 72852432896066931335
552 73783145714717649809
553 74723761868126842267
554 75674851631807583609
555 76636163029561218691
556 77608072372664579733
557 78590326344922209035
558 79583449677292344533
559 80587090697354328447
560 81601759784924409789
561 82627181670430800919
562 83663750632405145473
563 84711313948064073219
564 85770356591494700377
565 86840394499259137667
566 87922118185150944037
567 89015208455994171227
568 90120081773120115173
569 91236490213084573151
570 92364954780036909345
571 93505122408904546855
572 94657574906182677073
573 95821964194435253011
574 96998789114552824617
575 98187807447757768763
576 99389556951475474685
577 100603546287901768863
578 101830489564930276517
579 103070085667100696119
580 104322756539188759857
581 105588230274502796343
582 106867097661099901473
583 108158941399455034347
584 109464428825479706937
585 110783148983288634883
586 112115649845056288741
587 113461676206574956983
588 114821845050122404597
589 116195574214275163647
590 117583648769122227297
591 118985763663567675167
592 120402337970860573473
593 121833111113824949987
594 123278730309454055477
595 124738703196970279635
596 126213787821125365021
597 127703507749108439935
598 129208493928344942725
599 130728483631187489479
600 132264066653000698729
601 133814682680845360999
602 135381159140902860745
603 136963124232590362035
604 138561149311774879741
605 140174813087685582467
606 141804914358646417477
607 143450873529390424071
608 145113527942538791381
609 146792398425551251015
610 148488067337106121729
611 150200312443990448611
612 151929790580268913465
613 153675851152063523851
614 155439463005915043077
615 157220165314938947931
616 159018557439954427533
617 160834219333679555823
618 162667998529323180157
619 164519295662796107143
620 166388982788840687393
621 168276543245855262547
622 170182663852605676169
623 172107029848345008475
624 174050410121201500637
625 176012040964637259043
626 177993000225052449749
627 179992782927859919399
628 182012071895555038353
629 184050403329464354423
630 186108655475678941881
631 188186207132956070403
632 190283970153850637177
633 192401414049835284507
634 194539287865795714453
635 196697230753578398639
636 198876115448449513093
637 201075054676426544703
638 203295263705313185833
639 205536191942056304007
640 207798501960018961425
641 210081789461748157683
642 212386940297611420273
643 214713293194518811347
644 217061938370822788709
645 219432126966455952119
646 221824794952010937581
647 224239484942343334743
648 226677153024509633137
649 229136903548687625023
650 231619925157686601481
651 234125722015448353779
652 236655000978107647253
653 239207236684135952459
654 241783565537237339397
655 244383109602933126439
656 247007068578712146997
657 249654701248328054511
658 252326950090314621137
659 255023372962805099711
660 257744955412647003009
661 260490728826601442843
662 263262044949571875701
663 266058300970471930995
664 268880319159995615629
665 271727491084190989791
666 274600976552569064733
667 277499895784115535959
668 280425585982289072081
669 283377209023924862883
670 286355744979132141561
671 289360790199059126859
672 292393335704614547021
673 295452344639099964755
674 298539339807529136517
675 301653556008639187311
676 304795986845560983353
677 307965889467047385903
678 311164639958334547961
679 314391228755980361155
680 317646979187658434073
681 320931124869458715595
682 324244666783761667213
683 327587136424428730051
684 330959754608971665701
685 334361243079071408815
686 337793304433026207361
687 341255108252320001391
688 344747680456997380601
689 348270337098523674019
690 351824384479031896169
691 355408852119317537651
692 359025199265063448157
693 362672475548908740983
694 366351921557005486501
695 370062873665763027575
696 373806693134628423217
697 377582018759352518295
698 381390690491567924001
699 385231846646561003163
700 389106528409296110081
701 393013990483381116371
702 396955682664856347829
703 400930530663133158127
704 404940143361513612357
705 408983453886205435959
706 413061782222146485457
707 417174456944945155375
708 421322951180419051529
709 425505787059204283099
710 429724885677517259317
711 433979395484269568827
712 438270375987012284933
713 442597053697361891223
714 446961056698619895957
715 451361045232903380759
716 455798934522361215529
717 460273447842313128223
718 464786104805545206233
719 469336190849142385283
720 473925130150734746021
721 478551491192914416899
722 483217216794811039029
723 487921423256656085607
724 492665400971614299717
725 497448099508305731159
726 502271430537979116521
727 507133884018534139979
728 512037478292768251409
729 516980951343148707203
730 521965738432267924373
731 526991211763387865963
732 532058941889070401197
733 537167230397551505383
734 542318465182170241945
735 547511412050960994023
736 552747468567335414937
737 558025606886095874747
738 563347769856199691129
739 568712509422202338003
740 574121825970226317909
741 579574436109863558659
742 585071941216197895909
743 590613517605701079183
744 596200978602956693473
745 601832438533063934087
746 607510386465935055337
747 613233572067867996971
748 619003600836511781441
749 624819259611672279259
750 630682597344591788437
751 636592093937899688575
752 642549867430592962829
753 648554596977945481903
754 654608000626744265201
755 660709115796698792135
756 666859996702089294521
757 673058440290745936811
758 679307325694291596441
759 685605269337632132747
760 691953753807434321141
761 698351765038236481383
762 704801384509828943221
763 711300908958817357799
764 717852874384698452585
765 724455483561594026919
766 731110830603845417913
767 737817828812537688619
768 744578604559675351669
769 751391031674443797819
770 758257810084007148701
771 765177706321375751063
772 772152313832553919197
773 779180395914259926199
774 786264413298594847761
775 793402378386237720419
776 800596955371882305601
777 807846340560981417219
778 815152675052937377325
779 822514879344525942331
780 829935192148219246125
781 837411269147300968599
782 844946167265973294245
783 852538388439222884087
784 860189830147411043873
785 867898921726164311947
786 875668401464648982841
787 883496089991187790075
788 891385005635075883029
789 899333169984775505891
790 907342743228811960597
791 915412734611841487303
792 923545273604998884137
793 931738042011065374887
794 939994345461131214841
795 948312459968840469579
796 956694474673601404593
797 965138715331741978427
798 973648170841726856869
799 982220477852416585987
800 990858605753973826901
801 999560723421967315479
802 1008329022308147862705
803 1017162360739317918375
804 1026063464757538405217
805 1035029278707876986219
806 1044063659016585847185
807 1053164628131091198235
808 1062334449436992140789
809 1071571474096546036679
810 1080878521665640346429
811 1090253424258584270423
812 1099699281979770208769
813 1109213940578931088495
814 1118800093111535908849
815 1128456223090679240731
816 1138185204204785687441
817 1147984020381779763659
818 1157856576925073922781
819 1167800945921761265495
820 1177819319371877852141
821 1187909994844794190359
822 1198076170862060227225
823 1208315274232387626991
824 1218630879772453180817
825 1229020498628117765059
826 1239486963990903693277
827 1250028672214314125107
828 1260648849112704702037
829 1271344157997129720095
830 1282118718410242475165
831 1292970595350297859295
832 1303901974414776337425
833 1314911185273460570571
834 1326001582026697507233
835 1337170277012139811011
836 1348421296221912915661
837 1359751758769606390555
838 1371164957101953563133
839 1382659180294585394703
840 1394237464336536827509
841 1405896582623332192279
842 1417640775266384121033
843 1429467961922563242323
844 1441380877609657277225
845 1453377136531302558459
846 1465460748206027332237
847 1477628483617206643531
848 1489884422469497919813
849 1502225958371573542951
850 1514655990516650194289
851 1527173138048372058159
852 1539780639896428490737
853 1552474787992712985619
854 1565260554716732638521
855 1578135208720826317523
856 1591101753776919089093
857 1604157816859270998419
858 1617307534416113679277
859 1630547612731582993495
860 1643882348593384805633
861 1657308875191927852447
862 1670830390256661028241
863 1684445240940846862515
864 1698157078194789040761
865 1711961845857582154747
866 1725864705205307943749
867 1739862931434544005751
868 1753959783219873987925
869 1768152660702128474703
870 1782445802711094955097
871 1796835875590440370687
872 1811327296766958706065
873 1825917087762133962051
874 1840608882557197820973
875 1855400491752418197443
876 1870296110378729208173
877 1885291136530589808543
878 1900391430428663093717
879 1915594058692047246247
880 1930901971952015645849
881 1946312969125163314375
882 1961831190503686644921
883 1977453141519053446299
884 1993183889452981761533
885 2009019753871434450451
886 2024964880524053399677
887 2041016896184073362575
888 2057180252934276056509
889 2073450260449137530087
890 2089832501689136859145
891 2106324308040204315883
892 2122928957668639161569
893 2139643669322582959091
894 2156473541994249655677
895 2173414248081203174675
896 2190471265276000755109
897 2207640746898893767671
898 2224926996863200789621
899 2242327796222847956623
900 2259847384833074800185
901 2277481129009748328179
902 2295235054460531735953
903 2313106032642675285243
904 2331097704355368633773
905 2349207005280459163139
906 2367439281190040764405
907 2385790030390108607887
908 2404265273693872102977
909 2422860776296382745471
910 2441580995931022940681
911 2460423608720748782107
912 2479393094646834582289
913 2498484471376695430683
914 2517704425691995564085
915 2537049290821846083127
916 2556523281000587688293
917 2576122742097055907567
918 2595853656241431293169
919 2615711289272061579279
920 2635701355492646370617
921 2655820229532083548435
922 2676072016020731935625
923 2696454464681428645387
924 2716972882018039312709
925 2737620987941228869871
926 2758406441315014082613
927 2779325237488421417503
928 2800381646429800739153
929 2821572434095443697455
930 2842903042185277853673
931 2864368953289334244267
932 2885976368036953089925
933 2907720834531795932739
934 2929607681772724811789
935 2951633690097031005703
936 2973804442144615729349
937 2996113858344218295511
938 3018569612644451896417
939 3041167619359701722991
940 3063912364271317255617
941 3086800264408308396155
942 3109837447997543212501
943 3133018844165168964851
944 3156351287129815321357
945 3179829764211620060199
946 3203459732720290160573
947 3227237985326567141567
948 3251170773033474411529
949 3275251372385775223171
950 3299487772514444359945
951 3323876097000834715723
952 3348420463113342282741
953 3373117352285093052619
954 3397973449255135869573
955 3422982913238392298095
956 3448153428913251427917
957 3473479374561017979103
958 3498966942528831081585
959 3524612718326800215091
960 3550422494148216116161
961 3576389885178806775379
962 3602523044060376607597
963 3628817784690808810267
964 3655279241072375513997
965 3681902726343448778151
966 3708695900620468881945
967 3735652224792086701287
968 3762779813312646107593
969 3790073286655608282867
970 3817538143098571934481
971 3845171623804590540755
972 3872979721103484542173
973 3900955427261673533039
974 3929107873089523265549
975 3957431945183174973223
976 3985933202428226463073
977 4014607043687691159391
978 4043461221005039915337
979 4072489288055571657147
980 4101699327457766480193
981 4131085552732086155507
982 4160654400920628652021
983 4190402218481799691071
984 4220336124238726279789
985 4250447936823178317951
986 4280747699438449617801
987 4311229934310151424423
988 4341900628392661506345
989 4372754880421390957219
990 4403800528542091058837
991 4435031207627147755299
992 4466455013994449395885
993 4498066321080973276071
994 4529871750169715045917
995 4561867114895758046383
996 4594060334280824692233
997 4626442423141250404879
998 4659024393146515638721
999 4691800454389682193475
1000 4724776275561584896709
1001 4757947330490015243947
1002 4791321418586047160341
1003 4824891754738487823695
1004 4858668010024257430221
1005 4892642885851938046007
1006 4926824100122559830641
1007 4961207076309256326923
1008 4995799802688717253033
1009 5030593679017275896835
1010 5065598819849939971677
1011 5100810347185899074955
1012 5136234029976942106909
1013 5171864607704302693047
1014 5207711562836530629921
1015 5243766549606935699479
1016 5280039626228714647705
1017 5316523549533107213147
1018 5353226355137794309609
1019 5390143466918857205091
1020 5427283095547827212637
1021 5464635944052883846795
1022 5502213443234977946277
1023 5540009459925561932447
1024 5578030754750175505705
1025 5616271485702275977087
1026 5654741261552738695961
1027 5693431746603443737979
1028 5732353925997032499809
1029 5771499856999852301851
1030 5810877387888038583245
1031 5850482563806161381319
1032 5890323233599030950133
1033 5930390133492563792071
1034 5970695430686116071785
1035 6011232066137160411191
1036 6052007849713783966497
1037 6093015704759780062643
1038 6134266801667388931737
1039 6175752110775150328307
1040 6217482081063944899981
1041 6259449760642231122119
1042 6301662799499783763477
1043 6344116635071476118863
1044 6386820761790948594729
1045 6429763923816185708103
1046 6472959845885268946609
1047 6516400958174256608795
1048 6560095086755153930709
1049 6604035935807955712027
1050 6648233542565446251989
1051 6692679276762740332943
1052 6737384447527401484541
1053 6782340840922251335287
1054 6827557817432030668961
1055 6873029545762833541479
1056 6918766050251162471729
1057 6964755902729580796275
1058 7011013013467050937133
1059 7057530101458585999211
1060 7104314702902914130581
1061 7151360481429189080935
1062 7198678294545156753381
1063 7246258644930123041039
1064 7294113966535549611689
1065 7342234780419097056435
1066 7390631100727572115089
1067 7439296931937554784795
1068 7488243428590065716773
1069 7537458053972824680203
1070 7586955354603007044141
1071 7636727806178358241127
1072 7686782998290343311769
1073 7737114382147718840383
1074 7787733831855791213049
1075 7838630665527980761003
1076 7889818573807534118497
1077 7941287295527734845987
1078 7993047684324313138181
1079 8045093412221956477075
1080 8097434770877555648109
1081 8150060446657182554247
1082 8202984393285009848609
1083 8256199284359089211799
1084 8309714154047666000809
1085 8363520267198104179523
1086 8417631219117856569241
1087 8472035254243050480195
1088 8526746718873285081757
1089 8581755703949370110655
1090 8637072033773069878597
1091 8692690258207961594903
1092 8748621402813949998193
1093 8804852048859364770175
1094 8861399312517423800913
1095 8918253308478285103403
1096 8975423868887263361689
1097 9032902632844821079163
1098 9090703114927230755005
1099 9148813884423406227543
1100 9207248804654203686829
1101 9265997897071901412847
1102 9325071984667279979425
1103 9384464918835601088151
1104 9444188573316872018569
1105 9504228750218970601899
1106 9564602704275068063541
1107 9625300408795845346507
1108 9686332891514062707109
1109 9747690833114923323711
1110 9809388280722171746597
1111 9871413476414403280135
1112 9933780807558246909145
1113 9996479937591975893843
1114 10059522472945888459513
1115 10122900762421877569611
1116 10186628767200558275613
1117 10250690417940732219675
1118 10315104675449713312773
1119 10379861606538300767847
1120 10444970487815437837669
1121 10510423452328886324007
1122 10576234226214795429041
1123 10642390517913100684747
1124 10708909028898411413497
1125 10775776740978690423931
1126 10843007219882498177101
1127 10910592092211906721827
1128 10978545219044584529109
1129 11046851153064123539687
1130 11115528048291070708417
1131 11184566639911569464295
1132 11253976991092699797081
1133 11323749734742825688899
1134 11393900875200570634393
1135 11464415911475079327155
1136 11535312330256616221605
1137 11606577348001888223515
1138 11678224518295790370797
1139 11750246007312531569263
1140 11822655651712677966145
1141 11895437179399016945319
1142 11968610055503988622465
1143 12042163633574625451107
1144 12116109760760127838489
1145 12190437541335508607667
1146 12265163916606562153317
1147 12340273847865155423111
1148 12415786442663497924589
1149 12491687588679605207287
1150 12567990951407363450497
1151 12644689124417478922335
1152 12721795624988074344457
1153 12799294381341139796883
1154 12877205967505917931885
1155 12955518349479092133899
1156 13034244119620948589237
1157 13113371680810118354791
1158 13192919947494773199189
1159 13272872801403802987927
1160 13353248371537111546385
1161 13434034111875426009935
1162 13515243179258104530649
1163 13596867400186837180971
1164 13678923241623835155685
1165 13761390956922353246515
1166 13844293996673418388165
1167 13927619044225719841191
1168 14011379418691696430005
1169 14095564041715655908599
1170 14180189397822095471001
1171 14265241529198059422459
1172 14350739013124898818353
1173 14436667558746729047603
1174 14523043309903558460301
1175 14609855595361001907323
1176 14697121921993458468157
1177 14784821822380561585879
1178 14872979539622170651309
1179 14961581875543306335663
1180 15050642016459169356329
1181 15140148476723465079763
1182 15230119899357230484593
1183 15320539601481848790307
1184 15411428496449289014941
1185 15502770845666447398131
1186 15594582835997439877485
1187 15686854545034200969127
1188 15779604079756119678953
1189 15872810526434343822399
1190 15966497803246848359057
1191 16060653387866492174971
1192 16155289649106190569257
1193 16250395648028317800547
1194 16345991221692237525133
1195 16442057625112541604819
1196 16538618366315487048245
1197 16635655130679376603751
1198 16733186633278425012985
1199 16831201751194814908271
1200 16929718058538496215841
1201 17028715584924904177699
1202 17128218375980050227265
1203 17228213221800132322875
1204 17328715426009244454765
1205 17429709738554516910151
1206 17531218993608890184693
1207 17633223719362578911335
1208 17735746958284820082705
1209 17838772383463885665031
1210 17942316139535841897737
1211 18046368876722058318283
1212 18150948637417904116221
1213 18256033242626119926083
1214 18361650509523067490317
1215 18467784242831250699031
1216 18574450281794313745421
1217 18681634284323664621319
1218 18789359207164746777553
1219 18897604617933246488567
1220 19006394906191290300569
1221 19115712400372984499067
1222 19225575084807783719845
1223 19335972117113389745099
1224 19446923654088073321053
1225 19558405162549080710767
1226 19670445428407850816589
1227 19783027816688152206599
1228 19896170167283189453889
1229 20009857155688547749411
1230 20124111386633568258369
1231 20238913332213896947459
1232 20354286487495257997133
1233 20470213234529090406411
1234 20586713073831762069389
1235 20703773141812187934327
1236 20821415907710623529797
1237 20939614748026138112967
1238 21058401225153653012705
1239 21177757946027519658051
1240 21297700336782800913345
1241 21418215280067173403235
1242 21539325002724628665133
1243 21661009301274743754523
1244 21783295265584109424765
1245 21906160983806366309927
1246 22029628932584583052193
1247 22153684544966716637271
1248 22278351268882770035273
1249 22403603105741048509843
1250 22529469303215630527401
1251 22655934605466006817595
1252 22783015540160296222069
1253 22910695887086581765823
1254 23039002423446232338509
1255 23167910538688540550895
1256 23297449341521262061473
1257 23427597291650371835903
1258 23558376178211049617945
1259 23689773130833842023795
1260 23821810237247856909545
1261 23954460481490041782483
1262 24087756211972737148397
1263 24221679631155434081055
1264 24356249288219870321093
1265 24491447742724245341847
1266 24627302366200113768809
1267 24763787958615983966967
1268 24900935449037248469225
1269 25038721676887061362051
1270 25177169292003609763829
1271 25316265211501763069307
1272 25456031818602921736965
1273 25596441922031688709551
1274 25737529371188013233229
1275 25879273813832596850263
1276 26021696494220043248729
1277 26164777438608100739271
1278 26308546865008083802393
1279 26452979304984731188467
1280 26598103036629179363701
1281 26743898215012699503891
1282 26890385035511336380597
1283 27037550834322269989135
1284 27185422178418584724005
1285 27333966052121812934135
1286 27483220867213870459393
1287 27633163983815583255699
1288 27783817447754042464881
1289 27935162059427514929179
1290 28087225905783779718797
1291 28239984542823456014635
1292 28393469026238627157557
1293 28547655432636570165079
1294 28702569335830680143629
1295 28858193748389623701215
1296 29014555433549582164001
1297 29171622778910949926723
1298 29329433826882596036897
1299 29487967243984252999563
1300 29647243602724576853573
1301 29807244685401566835595
1302 29967999864956749822581
1303 30129481795288184643087
1304 30291724698237160843081
1305 30454701923910352682951
1306 30618440475906344888673
1307 30782922751155430141755
1308 30948179024032256102881
1309 31114174236131219930755
1310 31280946912409873328829
1311 31448476976156774381831
1312 31616783992182626752533
1313 31785849807054252482663
1314 31955705837802736088161
1315 32126322435748739120007
1316 32297735760180119485761
1317 32469917269948261306155
1318 32642896298145903501105
1319 32816655316718069946523
1320 32991221911257839995573
1321 33166563190676554393655
1322 33342718109807901421205
1323 33519664586566236241919
1324 33697427016538088347873
1325 33875980945598101044455
1326 34055363088229063267913
1327 34235540753638463237539
1328 34416552136449633505693
1329 34598369409070343362147
1330 34781018718759702430437
1331 34964484381294590594359
1332 35148795293310080491213
1333 35333915791186823135919
1334 35519890063393310497833
1335 35706691441067318069679
1336 35894345623129443046633
1337 36082829084396024924003
1338 36272177536802685813821
1339 36462359469806112824819
1340 36653412385812038989989
1341 36845308273890206031695
1342 37038075229194569619285
1343 37231695704289203970503
1344 37426201418042742510401
1345 37621552936382990020035
1346 37817796033541802521665
1347 38014904624701701387555
1348 38212905704379113288669
1349 38411774521285622245947
1350 38611547399983324858069
1351 38812192543990711474775
1352 39013746632590681173489
1353 39216182361788969398247
1354 39419529898178675762161
1355 39623768364709499117507
1356 39828933886669145183689
1357 40034982602276667840467
1358 40241965153617193534629
1359 40449852498187326446355
1360 40658670102755770779021
1361 40868396589552238111503
1362 41079066606541452445033
1363 41290647718084070497599
1364 41503183016249730401089
1365 41716637005036544077739
1366 41931044576245317259673
1367 42146383341873075553019
1368 42362689071075703348157
1369 42579921390505720318103
1370 42798125414718894413157
1371 43017276688420862372567
1372 43237401243865612175057
1373 43458472818490180268175
1374 43680534155291142326577
1375 43903545607044156925923
1376 44127552566048602949233
1377 44352520362351400457403
1378 44578484200141719521909
1379 44805422009735057288583
1380 45033369165738637503813
1381 45262282565490506813087
1382 45492213226573391078313
1383 45723132803526120359167
1384 45955069533076539655537
1385 46187995968137542038755
1386 46421954146350576591669
1387 46656904628381161999555
1388 46892895638745267161525
1389 47129891415433348938359
1390 47367925030728168534389
1391 47606977937692780380831
1392 47847083600261674357849
1393 48088199098744494529199
1394 48330377015184352026361
1395 48573585405996253390107
1396 48817857569772251614085
1397 49063161379239591857427
1398 49309544395834474176005
1399 49556965028029054028839
1400 49805469140942358462901
1401 50055022801775536121271
1402 50305660192699213620257
1403 50557359191585872844355
1404 50810160838538095973969
1405 51064014687880902090851
1406 51318978620777948639565
1407 51575018266720357461499
1408 51832166446911671009869
1409 52090394368831341970567
1410 52349744783786246740777
1411 52610179490805695648767
1412 52871745618338087768449
1413 53134406046673156212635
1414 53398200518600895930705
1415 53663100980521390987347
1416 53929150991090549119253
1417 54196298987332155870083
1418 54464605024671155738669
1419 54734035379367032037407
1420 55004621375559179139377
1421 55276333977422525232255
1422 55549218033045376955025
1423 55823232209977286281931
1424 56098428289407639058545
1425 56374765482438761823667
1426 56652283795582013026277
1427 56930956909205316417663
1428 57210830541283360393397
1429 57491849761674872601319
1430 57774075114520628437353
1431 58057473964183307207191
1432 58342076938185712483201
1433 58627854903385636986283
1434 58914857104644610950881
1435 59203035813992797158803
1436 59492448120433323465085
1437 59783048600239114742335
1438 60074883031282513331093
1439 60367923413192915270543
1440 60662210962044453936913
1441 60957696583403564554943
1442 61254437847898516765417
1443 61552401071205491939155
1444 61851624207297310710365
1445 62152069009816178352163
1446 62453791621645616262869
1447 62756741084056048104167
1448 63060975571518494318773
1449 63366452067106572314815
1450 63673209718367741493601
1451 63981225284114728144875
1452 64290543022035858212305
1453 64601106328274489064427
1454 64912983806204106347509
1455 65226133786584515975979
1456 65540594718911648610101
1457 65856330326441467736639
1458 66173395416435596396573
1459 66491741191348028894951
1460 66811424597149926663561
1461 67132402223883828109739
1462 67454717486522769708745
1463 67778342290860979160347
1464 68103324911452707227653
1465 68429604683498782104627
1466 68757251960451089434437
1467 69086225100422950708823
1468 69416566334097679047977
1469 69748236263933235336655
1470 70081290261047373797585
1471 70415679302996047634899
1472 70751459623016797717449
1473 71088589711472482000915
1474 71427113501992495957061
1475 71766999985409463820059
1476 72108302486994696007941
1477 72450955514758001389807
1478 72795033404571149970729
1479 73140494236449748550119
1480 73487375544903584812897
1481 73835643547465471382339
1482 74185352018585945009209
1483 74536449493928148488707
1484 74889002268194179283821
1485 75242954270114407598559
1486 75598360428902205661805
1487 75955184825208286233151
1488 76313482873248942855777
1489 76673190422032316496935
1490 77034378350172476139921
1491 77397007694441402717379
1492 77761116160207276850781
1493 78126666319742872375147
1494 78493720215556392522085
1495 78862219335986944452263
1496 79232230452884915772069
1497 79603701518052152327527
1498 79976684263583473326281
1499 80351145894634572620543
1500 80727139446449959084761
1501 81104600168849748107723
1502 81483603250604070439197
1503 81864104945637086344947
1504 82246149975272827031085
1505 82629693672704669354503
1506 83014800776728183389045
1507 83401410894440018423167
1508 83789597248672916643873
1509 84179304147074982515187
1510 84570583069527761198489
1511 84963402475790611622635
1512 85357814192065265039765
1513 85753752500884719534971
1514 86151296953366047009765
1515 86550399470963020836191
1516 86951108084968764738357
1517 87353375580262894312447
1518 87757272832979167481097
1519 88162736421690075868115
1520 88569833212172760987057
1521 88978514753681606143539
1522 89388829944874440206901
1523 89800746792937112754307
1524 90214325928570412071389
1525 90629489064523615535327
1526 91046326072496201848985
1527 91464782086637557768135
1528 91884907890739641872313
1529 92306659415173387395211
1530 92730099195513180564753
1531 93155170206132808740843
1532 93581943607659573692693
1533 94010361631055718876339
1534 94440483441792445335389
1535 94872268484918542609151
1536 95305780332370579533897
1537 95740942095228997066583
1538 96177841949065320378145
1539 96616428994370060062995
1540 97056750974015553758033
1541 97498761319063108693419
1542 97942530074816182531149
1543 98387993204729371738719
1544 98835227984358838233077
1545 99284173526918788914343
1546 99734888535217146049769
1547 100187332526736024106831
1548 100641573556868017535577
1549 101097530555106816399419
1550 101555291880786763385501
1551 102014810022075679942875
1552 102476128551103262792533
1553 102939204629390600532303
1554 103404110647679685378429
1555 103870774117320011109447
1556 104339281793575244073057
1557 104809563699691102727343
1558 105281688613100085801569
1559 105755613473219547900107
1560 106231400609376790464405
1561 106708974323625233947035
1562 107188421640003851487821
1563 107669691660293237570807
1564 108152840274383046856973
1565 108637810613636796739247
1566 109124683396081319570513
1567 109613385300447694954507
1568 110103999814589910864401
1569 110596463193593184192683
1570 111090834450303899863501
1571 111587078370651774675971
1572 112085259218030587049301
1573 112585293081033929642639
1574 113087281181856546991173
1575 113591160229535395724143
1576 114096987478401002430937
1577 114604708263986289277211
1578 115114405687788269428137
1579 115626004280804473672107
1580 116139589067331077285805
1581 116655095741441455237219
1582 117172586247793902959061
1583 117692019074907357489479
1584 118213465654452893789953
1585 118736836585228188128615
1586 119262233646056314144921
1587 119789596501517053667467
1588 120318985234897751113641
1589 120850342852749690475523
1590 121383750011613157687413
1591 121919132973184584067575
1592 122456577219949068699693
1593 122996016298759210837511
1594 123537519388823335196745
1595 124081036355101562492183
1596 124626647728369616710065
1597 125174253499452101046147
1598 125723966965408380737129
1599 126275723601777014728531
1600 126829578045841219115677
1601 127385480988609356744343
1602 127943508427277275211045
1603 128503588117831231838799
1604 129065812189890486804441
1605 129630102984862517927535
1606 130196537701905503915993
1607 130765064407127698221699
1608 131335763384792900031781
1609 131908539957038642948219
1610 132483496433433932124589
1611 133060574912688637786935
1612 133639833525297312258165
1613 134221213615713739687047
1614 134804808119124420009729
1615 135390527683281782860959
1616 135978473407213655045929
1617 136568566056732833156523
1618 137160880659934950988069
1619 137755369605069839188067
1620 138352110236385670351853
1621 138951006770906324662087
1622 139552168622399904958365
1623 140155532131146584820959
1624 140761160199183495503065
1625 141368988271811133449403
1626 141979111383863164715777
1627 142591440223833695070547
1628 143206080919173127558093
1629 143822950760749130472643
1630 144442125270252632862621
1631 145063557973987371935623
1632 145687322690908273915053
1633 146313324943365685256399
1634 146941680585079863208393
1635 147572317189776665645707
1636 148205305845324503248289
1637 148840575210905925779003
1638 149478228581600456140589
1639 150118172832474403567731
1640 150760506850122691630885
1641 151405157716611172347759
1642 152052197062018465042777
1643 152701576634067560490183
1644 153353386580511009356433
1645 154007509974748941052371
1646 154664075810210626283833
1647 155323007316506117427107
1648 155984375475124545200389
1649 156648117003538747765543
1650 157314321895864627155061
1651 157982905871361764154167
1652 158653971837395414894713
1653 159327435714094139742967
1654 160003383486708315807937
1655 160681755990161844243923
1656 161362643148172709495649
1657 162045933800364198017699
1658 162731755915424836739781
1659 163420034205324919681759
1660 164110836635648521394813
1661 164804097761763547661975
1662 165499917916208159092785
1663 166198202275751756349439
1664 166899063222977999591353
1665 167602409439717243394171
1666 168308329445788882398733
1667 169016759943995227412947
1668 169727802307840529153381
1669 170441337127996438532463
1670 171157493072244964677045
1671 171876199525902490798735
1672 172597520320794817557809
1673 173321390348538557029735
1674 174047913258360705866993
1675 174776988301975255672819
1676 175508735779413160531309
1677 176243058022474697504131
1678 176980050086536033793717
1679 177719651110640465422703
1680 178461950602181594377605
1681 179206836572213795918479
1682 179954436611582155262345
1683 180704676272814483163051
1684 181457634786285400473377
1685 182213228577901226650363
1686 182971577573914056042445
1687 183732569135892243949315
1688 184496328631917565636173
1689 185262761679180918413383
1690 186031952377525010077121
1691 186803850603801499291039
1692 187578545921543130357113
1693 188355919240644816514075
1694 189136113705459026299921
1695 189919037712334869776131
1696 190704774363632348731165
1697 191493246449282308543595
1698 192284568605166944414181
1699 193078634913163462737831
1700 193875565705350175881497
1701 194675265924468633624023
1702 195477826698953025369785
1703 196283186332159023904715
1704 197091450063477205396497
1705 197902485193535242651315
1706 198716440065078704196261
1707 199533224036591857529015
1708 200352926667761639026461
1709 201175461140354616379103
1710 202000944877917264236673
1711 202829273805171865470575
1712 203660564663337626738313
1713 204494727045641558109619
1714 205331855558587021506809
1715 206171880084256427743915
1716 207014913393511553628741
1717 207860813175669242474951
1718 208709741446461486276581
1719 209561603988265114726655
1720 210416478767817290030873
1721 211274293512683815565367
1722 212135159762813881563353
1723 212998966522287612318891
1724 213865853942856969925149
1725 214735705710421284589635
1726 215608631171508999590757
1727 216484557287955143682463
1728 217363595028863641217109
1729 218245611149666546677327
1730 219130748809439630939977
1731 220018928103080872129539
1732 220910229236738448633289
1733 221804569518873975789003
1734 222702079529575401523581
1735 223602632410825431825315
1736 224506368821029457177005
1737 225413175116287468053447
1738 226323162687123802832669
1739 227236257961595518081935
1740 228152574085695104865025
1741 229071970653838082528003
1742 229994605474292058952889
1743 230920386898927453664483
1744 231849401721130670143677
1745 232781559172126544084739
1746 233716993988446625125885
1747 234655578259207419848231
1748 235597462015121033579057
1749 236542526984505270287703
1750 237490879378510161107529
1751 238442451746685443078115
1752 239397352607832322828857
1753 240355443179505605553779
1754 241316888422485234603869
1755 242281583657955407647603
1756 243249631634964984105829
1757 244220928638140408858343
1758 245195618660239527859417
1759 246173573020294620575615
1760 247154930642655190249977
1761 248139587653297012783083
1762 249127642264609601626729
1763 250119027750852501271635
1764 251113867063096516143493
1765 252111998025209321523879
1766 253113603082494583504885
1767 254118570176137565751823
1768 255127001870782425618073
1769 256138805620071175863999
1770 257154111533364677823233
1771 258172795288588162726627
1772 259195003611980598942985
1773 260220615980186642022547
1774 261249757133181964697589
1775 262282337701808899911391
1776 263318489132380386201909
1777 264358049173525388182247
1778 265401199288154521294137
1779 266447833877978568998967
1780 267498046439508693957681
1781 268551745973099284895083
1782 269609070883130487109597
1783 270669888951763387159307
1784 271734356135280905854461
1785 272802345194238609416735
1786 273873974933560880466805
1787 274949163593591742760687
1788 276028050016232504295305
1789 277110463324186626084267
1790 278196587001629424140721
1791 279286316095703774104291
1792 280379744388678300390245
1793 281476775784136009247811
1794 282577560373710617257717
1795 283681951277626464295711
1796 284790121459343250039589
1797 285901927663790640608239
1798 287017508810309240487385
1799 288136773860187467688971
1800 289259845748156558029849
1801 290386573857105238406267
1802 291517131509781148772253
1803 292651416739344501322755
1804 293789537415729295127157
1805 294931376971305132084663
1806 296077101446054100628449
1807 297226552829081001848351
1808 298379905806010255260777
1809 299537029708956226858939
1810 300698039684861814288185
1811 301862863199106343706275
1812 303031630471747265972909
1813 304204167181773442208659
1814 305380677503115028745629
1815 306561033021773875144647
1816 307745349274087574912609
1817 308933513468051232913839
1818 310125689714723561118065
1819 311321725429059909194739
1820 312521790691734161428145
1821 313725749941733430980355
1822 314933731246139588131477
1823 316145650175187039882703
1824 317361649688948180695813
1825 318581544752923677072911
1826 319805542228226936021121
1827 321033513016028440581935
1828 322265580786250914291257
1829 323501626900089963263523
1830 324741814591893890065221
1831 325985995629601225907603
1832 327234335644572757895157
1833 328486703157880066932607
1834 329743232676666498101805
1835 331003821780349324040295
1836 332268630252465204239425
1837 333537461569064769558783
1838 334810534888324534066849
1839 336087721823106545195587
1840 337369129800997461622901
1841 338654657065431998136459
1842 339944457591863897778453
1843 341238377610809381515463
1844 342536611250634889608709
1845 343838994476653162764615
1846 345145680569541103585433
1847 346456564731254903973723
1848 347771804696136824924001
1849 349091205818223060470779
1850 350414977247857250826341
1851 351743003019966760017507
1852 353075392393823214698085
1853 354412030990715031413815
1854 355753097836968370224869
1855 357098416990835220262775
1856 358448181380830828970945
1857 359802236849121291533899
1858 361160733749913866086785
1859 362523572974160981837571
1860 363890907215558926558789
1861 365262541271227138892731
1862 366638694862599123823621
1863 368019233206368939062023
1864 369404287691717575929305
1865 370793723760079026482623
1866 372187730192160321524201
1867 373586127736932930074259
1868 374989126128708110029233
1869 376396557887206562988603
1870 377808569240852203273693
1871 379225068326335873441731
1872 380646201223942027458141
1873 382071780013989390791943
1874 383502027031810628566145
1875 384936800854425798274607
1876 386376239567993033042297
1877 387820196878478889981027
1878 389268881616186162658457
1879 390722105285228891002003
1880 392180063563208928879277
1881 393642608250288394216415
1882 395109878843793582804029
1883 396581777708177003086783
1884 398058477993510581311649
1885 399539751385002489635623
1886 401025853677752251084553
1887 402516629514368270311675
1888 404012213774287264255773
1889 405512483646863165194579
1890 407017610504398273377341
1891 408527429070601130879751
1892 410042137515996040757509
1893 411561573192597014981839
1894 413085901873443085875017
1895 414615003925408367228495
1896 416149058624492678521153
1897 417687839378947158807539
1898 419231596950596475773861
1899 420780181517667026626123
1900 422333730750384457158261
1901 423892108684068964765695
1902 425455511851319189184317
1903 427023750870103775687919
1904 428597046389627037167025
1905 430175214658029542516555
1906 431758428024418339809425
1907 433346565842122622238555
1908 434939819907022761315629
1909 436537957206727519382667
1910 438141224182764801105933
1911 439749481143592588531279
1912 441362849052754090348869
1913 442981204060629599777543
1914 444604748776881537996177
1915 446233278891370894590763
1916 447867030641381691578385
1917 449505807955542792854267
1918 451149796901408750256237
1919 452798873967587903204955
1920 454453212469097633630365
1921 456112595751800983856543
1922 457777270689476337204273
1923 459447088894513839661287
1924 461122201808035059820401
1925 462802445660430082168947
1926 464488045835375817571161
1927 466178789176756506218579
1928 467874914603355843113909
1929 469576238715438703258455
1930 471282922789374256170333
1931 472994862899368150856175
1932 474712238337626079147929
1933 476434806810276635629271
1934 478162849436302414752289
1935 479896190506104408669787
1936 481634985524660996073409
1937 483379079246649675618195
1938 485128696916438232040077
1939 486883628139603385365439
1940 488644101386323687319869
1941 490409937557743752598039
1942 492181308593375962244249
1943 493958095365335214559119
1944 495740494106753894577081
1945 497528249969899116219987
1946 499321645701001420204237
1947 501120501452150996401875
1948 502924990881101803377933
1949 504734948364086509774183
1950 506550596832517780422269
1951 508371730267415229863807
1952 510198577541684537000073
1953 512030953570700099241783
1954 513869041463288066036929
1955 515712706065906339359747
1956 517562163470905380408877
1957 519417139509229416274619
1958 521277940310187182960933
1959 523144383432443252416199
1960 525016615595063428938749
1961 526894496911097478527279
1962 528778234080661151316505
1963 530667625718618903626467
1964 532562926963803743485857
1965 534463915795747251617283
1966 536370802663866015408517
1967 538283439839901653021827
1968 540202042373780960492301
1969 542126349049171874100895
1970 544056638988019358431249
1971 545992752552129561023119
1972 547934843120536293165513
1973 549882744525705351937099
1974 551836711653044322986217
1975 553796489709896666396963
1976 555762354628287928625541
1977 557734091042187905313451
1978 559711900084417236660893
1979 561695645829021941947679
1980 563685538336327091259105
1981 565681308410883584147703
1982 567683250293147140302305
1983 569691191083571185949363
1984 571705296560867804023081
1985 573725394616218411948083
1986 575751733409478588404053
1987 577784068210287418068503
1988 579822684365450273353933
1989 581867347961791869918575
1990 583918267729417747020153
1991 585975311936190773153655
1992 588038679925326989637201
1993 590108109679469734725115
1994 592183913687475815728185
1995 594265888698348190917331
1996 596354223006654414196997
1997 598448722676046627571967
1998 600549661619214374230141
1999 602656793265943183240087
2000 604770372698313409449105
2001 606890203640944743180823
2002 609016470649040260045625
2003 611149040819551889448419
2004 613288153064786424248565
2005 615433493402493156329403
2006 617585406496871424745845
2007 619743679887879230793863
2008 621908503951529533211037
2009 624079695841520198677327
2010 626257500760687675995857
2011 628441684828554602053743
2012 630632526722770023500169
2013 632829797935303478498347
2014 635033721338072886468125
2015 637244133104662635440907
2016 639461274284628455319965
2017 641684839006726449580071
2018 643915166325653249807989
2019 646152057122090143492351
2020 648395685634672042858505
2021 650645878690651767200859
2022 652902894678406688092521
2023 655166479050540172471395
2024 657436925124971724953365
2025 659713984585973887373179
2026 661997894075192506067213
2027 664288486063881121866647
2028 666586019695944650707545
2029 668890177070523661614095
2030 671201293543107920524073
2031 673519173169410652201931
2032 675843987928341128934545
2033 678175563184790546275579
2034 680514171227249881090069
2035 682859537869896821593459
2036 685211979033857944901245
2037 687571228864563266239631
2038 689937537310075963066705
2039 692310739250417035880895
2040 694691070315019093022745
2041 697078232455260159525115
2042 699472557332661758731753
2043 701873843320731727635603
2044 704282294942244142809109
2045 706697687029101384257135
2046 709120331669566496001021
2047 711549932247705935016647
2048 713986812993925572505441
2049 716430727702438404339399
2050 718881887519486246643929
2051 721340155925596871214275
2052 723805764240997335169297
2053 726278395226369759167643
2054 728758426090724617766149
2055 731245615473716562373727
2056 733740174569870347135789
2057 736241889969280177293287
2058 738751068301328574098041
2059 741267415109050710795351
2060 743791251771524874465089
2061 746322324262026324993827
2062 748860869455176602858109
2063 751406722732862045076099
2064 753960148042537421930637
2065 756520803649554792570295
2066 759089060755606639202837
2067 761664689235081668069343
2068 764247913955250205653265
2069 766838513351936570874571
2070 769436780400054052449713
2071 772042445592594036421411
2072 774655805521405843105181
2073 777276616740096869529811
2074 779905125645908664245493
2075 782541147899294323062279
2076 785184976540307857774989
2077 787836234287798580466207
2078 790495337106430602563465
2079 793162033334971516958563
2080 795836521567761349850585
2081 798518611727738403046851
2082 801208591096287308225149
2083 803906171402072748040115
2084 806611708695619625187501
2085 809324895457386310518847
2086 812046013184730602600681
2087 814774862397023870720639
2088 817511731600466233288353
2089 820256273980224814328691
2090 823008855112537765967929
2091 825769266181715513902187
2092 828537706542996053040709
2093 831313958207735924559555
2094 834098350870782575453597
2095 836890557028718143352759
2096 839690936415078686144769
2097 842499197673684233471743
2098 845315615618395376919705
2099 848140001733203594541635
2100 850972637914336903127825
2101 853813156456910443464363
2102 856661965436380037261061
2103 859518819481403384116695
2104 862383948014514743530477
2105 865257109129817699203911
2106 868138640371583568896001
2107 871028213096013757697399
2108 873926199857925532407849
2109 876832302051317989488299
2110 879746783701537667841169
2111 882669478525202870613691
2112 885600647460113553662709
2113 888539937746096057363103
2114 891487762254675376762989
2115 894443849785783775028239
2116 897408454836526347816489
2117 900381317163588904964647
2118 903362802794866448373281
2119 906352570948611599996251
2120 909350977216678557941317
2121 912357745805318041935811
2122 915373124834567387188013
2123 918396939738917299075879
2124 921429502584915590190717
2125 924470398808154228235055
2126 927520084005159408899041
2127 930578271928003247821171
2128 933645216228983571798617
2129 936720671029906862481731
2130 939804967341324001762517
2131 942897792310922084183331
2132 945999507288341868587765
2133 949109810339828596386735
2134 952229006287372343221429
2135 955356860739209827432215
2136 958493702485508446335321
2137 961639120753598025614643
2138 964793571888863770184145
2139 967956785886704893408731
2140 971128994165773621193813
2141 974309958955024644674059
2142 977500023596704004233349
2143 980698852158690048977007
2144 983906831074816791506473
2145 987123639476172801665031
2146 990349574922683807164465
2147 993584424724216835348299
2148 996828531441279482551241
2149 1000081462532093798808883
2150 1003343668996224821017957
2151 1006614889333881483925195
2152 1009895350556317058347517
2153 1013184820638827940623887
2154 1016483658939010777299265
2155 1019791495373950609257519
2156 1023108760161547298376457
2157 1026435083734211174627219
2158 1029770807053536727998553
2159 1033115711144439964756899
2160 1036470095487923573347173
2161 1039833578018715244113855
2162 1043206587972454645611477
2163 1046588857988970884879015
2164 1049980658992866707369729
2165 1053381693424183489032071
2166 1056792376710185446417225
2167 1060212311291235309729859
2168 1063641924172795077097149
2169 1067080883015141951979443
2170 1070529477325615390564253
2171 1073987505665886348694951
2172 1077455300500795203630989
2173 1080932424189238750868583
2174 1084419375493338540326585
2175 1087915842080313988274575
2176 1091422091319100833433393
2177 1094937848467357650760907
2178 1098463502608736101716069
2179 1101998683649140620344955
2180 1105543801973468357935269
2181 1109098529122629120551823
2182 1112663168629917715109989
2183 1116237508249878921525135
2184 1119821896353456012812801
2185 1123415863325798493241307
2186 1127019924593591025046897
2187 1130633754192026055926403
2188 1134257660827996258590373
2189 1137891341498483691057851
2190 1141535193217093303671325
2191 1145188842227522445013239
2192 1148852691617737802894189
2193 1152526417166234995038047
2194 1156210344196376143712569
2195 1159904227288067367713243
2196 1163608439765612485691545
2197 1167322500776460769192923
2198 1171046943165908127586157
2199 1174781440535645201950667
2200 1178526253960918613843061
2201 1182281135004854175812959
2202 1186046455868339595558209
2203 1189821838928672829638807
2204 1193607746894745273443521
2205 1197403774753875742032995
2206 1201210291707073232916801
2207 1205027033210888406465971
2208 1208854390737399130129821
2209 1212691887251462419231027
2210 1216540018311885603064965
2211 1220398499928902491697631
2212 1224267594609066363377049
2213 1228147005025016442459135
2214 1232037178576844697741985
2215 1235937676744453616192219
2216 1239848973519911021433441
2217 1243770681385328304806187
2218 1247703160355897848728101
2219 1251646168030314292044463
2220 1255600060611304070947661
2221 1259564371631599423290935
2222 1263539621320424900571825
2223 1267525491197624890466719
2224 1271522280286967763324313
2225 1275529670685132637612587
2226 1279548100534478497956957
2227 1283577136755660709188131
2228 1287617278363849493811525
2229 1291668123563793201727471
2230 1295730022228182592335485
2231 1299802746552278534781103
2232 1303886645137746420888585
2233 1307981248703656518289207
2234 1312087096153663141720921
2235 1316203835198793716792787
2236 1320331804043862879582541
2237 1324470651027781878951915
2238 1328620863852732686865941
2239 1332781983089627846403263
2240 1336954475941341998623525
2241 1341137977521176135005783
2242 1345332821252622093328417
2243 1349538771223279801267923
2244 1353756240039378895371529
2245 1357984672687246277661795
2246 1362224677432729892749845
2247 1366475873765313941517907
2248 1370738580190133597850685
2249 1375012492905117050240095
2250 1379298031782922477722741
2251 1383594790671910811527855
2252 1387903241084805337826369
2253 1392222984416028522324947
2254 1396554414258446392652089
2255 1400897230840543321338555
2256 1405251860559143660874493
2257 1409617765192842820417179
2258 1413995540083981315374045
2259 1418384821534278560709263
2260 1422785927167393341504337
2261 1427198529649716928394991
2262 1431623083257718217212249
2263 1436059147681848425629995
2264 1440507234247866507215041
2265 1444966912800425547744699
2266 1449438577784031349117741
2267 1453921939234161981867911
2268 1458417445048997989260621
2269 1462924534481976821485055
2270 1467443790284492266914073
2271 1471974881585780272181287
2272 1476518088953707433691017
2273 1481073114974810548363435
2274 1485640432687223812676289
2275 1490219547340767907416883
2276 1494811017390573016168789
2277 1499414366982248654684767
2278 1504030043912727450375285
2279 1508657748355430753109919
2280 1513297886964597833363713
2281 1517949936869193781781103
2282 1522614476322920821339089
2283 1527291143907122175557027
2284 1531980298991108895744709
2285 1536681551616126871469939
2286 1541395431337681961846133
2287 1546121431564924531773687
2288 1550860100799651814989789
2289 1555611007630678940859367
2290 1560374514205349182579745
2291 1565150381817791559321183
2292 1569939027630481032614289
2293 1574739883998853341773035
2294 1579553600990139017219437
2295 1584379752614078487222539
2296 1589218711506838363939077
2297 1594070090542444573596623
2298 1598934424671178652400421
2299 1603811212726071021212639
2300 1608700996299246390812561
2301 1613603339567542266797507
2302 1618518641569149379704881
2303 1623446618796661834671851
2304 1628387714232825608594677
2305 1633341341955681936017419
2306 1638308145637121148235773
2307 1643287725005453653044023
2308 1648280454188370803072953
2309 1653285955686699412189631
2310 1658304738476134659378241
2311 1663336304629804400445035
2312 1668381196025247873451993
2313 1673438977035465264677555
2314 1678510071188651838147093
2315 1683594157179228055084483
2316 1688691733550011815037029
2317 1693802144362379087218743
2318 1698926104338823468925953
2319 1704063181780141157135079
2320 1709213720354160941076985
2321 1714377388970800207124035
2322 1719554664959633555157865
2323 1724745064153899783104403
2324 1729949178508973491463765
2325 1735166479264104338505879
2326 1740397458506840496247341
2327 1745641767708244098334511
2328 1750899904830870244924377
2329 1756171258098811912466455
2330 1761456463226345316981393
2331 1766755148340720764239915
2332 1772067652908315946541609
2333 1777393596090560233525459
2334 1782733555588969682507061
2335 1788086961421197507191815
2336 1793454421532349055243261
2337 1798835439299260373705039
2338 1804230476485265599638913
2339 1809639202549707675689415
2340 1815062099231897316274073
2341 1820498551964219667086139
2342 1825949235910552140723237
2343 1831413735165632914661099
2344 1836892438130738113547205
2345 1842384923226879276204983
2346 1847891769575279957100077
2347 1853412400774267826366087
2348 1858947479187189691294593
2349 1864496466697271204869495
2350 1870059819270615448431521
2351 1875637244896182231138555
2352 1881229185084751806109413
2353 1886835027532368599923595
2354 1892455489837658545587733
2355 1898090105230395081497495
2356 1903739296042348771251661
2357 1909402622913814471636959
2358 1915080695894363210662713
2359 1920772943628275105357259
2360 1926479944150618837740009
2361 1932201240422818740170523
2362 1937937263602992190070133
2363 1943687699041099904674987
2364 1949453090585655683144461
2365 1955232707142714972557279
2366 1961027330294273242893945
2367 1966836459343831018411983
2368 1972660535503523323274921
2369 1978499137685373897890491
2370 1984352822131042703464249
2371 1990221050491824732833763
2372 1996104441458773628856133
2373 2002002475012938370350603
2374 2007915648269668786782997
2375 2013843584722723083732671
2376 2019786829798895012396049
2377 2025744690892613657713703
2378 2031717922643574309495545
2379 2037706067466541276967043
2380 2043709519137535639690321
2381 2049727867351615884370539
2382 2055761695844364262218781
2383 2061810428313475995723143
2384 2067874729359545290388957
2385 2073954032405179728031127
2386 2080048857035107311059305
2387 2086158816139207734750839
2388 2092284492938145459866289
2389 2098425152539090305357699
2390 2104581572772303652534361
2391 2110753298143025068651147
2392 2116940703490030003263317
2393 2123143391892461301439023
2394 2129361968570733346115613
2395 2135595803752722353658999
2396 2141845612522859160246033
2397 2148110792253907586625511
2398 2154391900055259980814153
2399 2160688560871968126790595
2400 2167001289768781883281853
2401 2173329419047898977430819
2402 2179673670637870661554813
2403 2186033604748461604967471
2404 2192409669383511354677765
2405 2198801357263366559771143
2406 2205209367142642459410993
2407 2211633019206356134148283
2408 2218073038818604076320289
2409 2224528851361643512338059
2410 2231000940590885070346565
2411 2237488987156159327318059
2412 2243993522060798779886149
2413 2250513818582979625973575
2414 2257050712603998242946173
2415 2263603654906834941041311
2416 2270173104899828548878633
2417 2276758595418718150452587
2418 2283360793888999802544217
2419 2289979062501042420853571
2420 2296614090514574801697533
2421 2303265301837614905860843
2422 2309933232229811848224653
2423 2316617491329746809036207
2424 2323318672695084982647785
2425 2330036003750085149069879
2426 2336770327084200174770777
2427 2343521104079916325026323
2428 2350288839529264739695913
2429 2357073022953728686139627
2430 2363874301119062482862485
2431 2370692066285836650601331
2432 2377526983158672155875069
2433 2384378511236441280232495
2434 2391247177970570570294593
2435 2398132572760995014740999
2436 2405035338842902703428001
2437 2411954622103120696537707
2438 2418891345674281868245921
2439 2425844957981025242025107
2440 2432815890584942776593845
2441 2439803714532065763055647
2442 2446809059958468185663813
2443 2453831272156565075927039
2444 2460871130407785319394505
2445 2467927962694872716823079
2446 2475002377440517991579409
2447 2482093943378685203290563
2448 2489203280862678871760769
2449 2496329614019611202185027
2450 2503473750982139044621629
2451 2510635207091980592987375
2452 2517814431518093028015525
2453 2525010934689108339957007
2454 2532225450125675090179113
2455 2539457236638791640902479
2456 2546707088891531356304481
2457 2553974341772330337257427
2458 2561259603605546586126157
2459 2568562452256736058061915
2460 2575883502691892377251285
2461 2583221960017293751604055
2462 2590578690212358119859885
2463 2597953161284568504384071
2464 2605345860395385330041449
2465 2612756246228542227115331
2466 2620185057295816112643145
2467 2627631574536458287419051
2468 2635096613699827286302485
2469 2642579506104553185877803
2470 2650080830505426888155829
2471 2657600199355922945290367
2472 2665138189906626805308133
2473 2672694009122963203279447
2474 2680268582137379897958401
2475 2687861296314978996319739
2476 2695472709647580482194633
2477 2703102228182550362782779
2478 2710750662064387763775357
2479 2718417242836699982496419
2480 2726102745362886054781965
2481 2733806576885551351175039
2482 2741529263482721059036361
2483 2749270429308755687648503
2484 2757030734329227220637697
2485 2764809273448195763681867
2486 2772607017104242060566113
2487 2780423351885370451711475
2488 2788258820972901203086717
2489 2796112900006502784065083
2490 2803986283586842896692269
2491 2811878290441341071602799
2492 2819789703030598730955649
2493 2827719835250751121224399
2494 2835669362281895353173353
2495 2843637773493454195975707
2496 2851625776888524734831457
2497 2859632473601372296272043
2498 2867658844029793016028125
2499 2875704282253174274766919
2500 2883769294980323680051925
2501 2891853356013394086661943
2502 2899957219313879173868833
2503 2908080140664177665286159
2504 2916222958313050873372945
2505 2924384961501177090896731
2506 2932566791049974317337957
2507 2940767967370176344773755
2508 2948989236607359733470373
2509 2957229656069965946862759
2510 2965490201469962176520853
2511 2973770302114123217532591
2512 2982070431955153541939673
2513 2990390082353324667230615
2514 2998730021540397566375265
2515 3007089442457981595457243
2516 3015469275662404691444549
2517 3023868732371867114715987
2518 3032288530548870353551013
2519 3040728174231785882090023
2520 3049188325656851911984893
2521 3057668119552434737489519
2522 3066168500897955698601289
2523 3074688888768535402431203
2524 3083229863225389877283273
2525 3091790772817990704826083
2526 3100372498688830922880573
2527 3108974184053207019236043
2528 3117596726092958909937109
2529 3126239417293195897532223
2530 3134902867847274690951885
2531 3143586665677278158324191
2532 3152291478756614820962081
2533 3161016389140369602621699
2534 3169762448991271624218025
2535 3178528961921904370429467
2536 3187316521573671891915013
2537 3196124518161426349525075
2538 3204953799480391047602829
2539 3213803555812868149143503
2540 3222674660215300352517297
2541 3231566389872054660565415
2542 3240479388485568103272177
2543 3249413196677453687720235
2544 3258368568117308395406585
2545 3267344489504110553219659
2546 3276342054656990013752085
2547 3285360554988917977932423
2548 3294400638400455413773869
2549 3303461646589086864791695
2550 3312544427512157527265081
2551 3321648179357384087131687
2552 3330773771734908916924161
2553 3339920485549965750288587
2554 3349089012746660130238745
2555 3358278818005371065805187
2556 3367490690833977259173693
2557 3376723597619402453468039
2558 3385978674201867379760405
2559 3395255231451840175314143
2560 3404553805512996513026793
2561 3413873859313823130790071
2562 3423216179623552833599265
2563 3432579940501317631821899
2564 3441966127316017106715693
2565 3451373880291432897761267
2566 3460803985968967753716797
2567 3470255869900837884316655
2568 3479730348833342396082509
2569 3489226404021189844146031
2570 3498745070838904931336849
2571 3508285749797584946004287
2572 3517848993080341985369681
2573 3527434181954318801077387
2574 3537042229141807623043645
2575 3546672214093154954513763
2576 3556325116960663719220165
2577 3566000110541589306203663
2578 3575697959699402796126661
2579 3585418140010183904571175
2580 3595161422386168737734777
2581 3604926780096773211851699
2582 3614715337062037245486937
2583 3624526383032051034943587
2584 3634360551749081098925645
2585 3644217158325758302691923
2586 3654097144452642710735845
2587 3663999569379815234579719
2588 3673925501228686059671837
2589 3683874063375293119444039
2590 3693845991301345125835537
2591 3703840787509714006904139
2592 3713859176597865243028177
2593 3723900194975498349594259
2594 3733964950550986421811605
2595 3744052713652648211277891
2596 3754164163105473198656837
2597 3764298553644149538902951
2598 3774456901159689437008977
2599 3784638246219339390007439
2600 3794843552715542792024761
2601 3805072073613974053680139
2602 3815324485240550595217849
2603 3825600269710297744345547
2604 3835900313517083262250837
2605 3846223407079949513795935
2606 3856570843323265143325853
2607 3866941815268271048857503
2608 3877336994353920450930777
2609 3887755730797662425703567
2610 3898198888745021996523065
2611 3908665614868072991466491
2612 3919156879266584265426481
2613 3929671839614192506420979
2614 3940211324386945798123893
2615 3950774717246734774766071
2616 3961362881257934711626693
2617 3971974687170298321671191
2618 3982611367668814584004033
2619 3993272140137843271004511
2620 4003957676636161163020129
2621 4014667295863626938396371
2622 4025401938178575378809709
2623 4036160669568632885783715
2624 4046944560536349610613925
2625 4057752680982379051994255
2626 4068585856226376669141885
2627 4079443477938212503680159
2628 4090326479540304163475489
2629 4101233684202365114989479
2630 4112166305034325662590761
2631 4123123620857292791415691
2632 4134106236959615687219093
2633 4145113485180793000841059
2634 4156146374337322764481197
2635 4167203862901444466131215
2636 4178287108738218201869589
2637 4189395131525528926666943
2638 4200528822154101611476393
2639 4211687563909116851781907
2640 4222872177012112813786121
2641 4234081584140949152969443
2642 4245316966628903259669269
2643 4256577610548628981809307
2644 4267864206405931551673957
2645 4279175960679077126395143
2646 4290513955997194537675489
2647 4301877112955080876790439
2648 4313266588475782428447977
2649 4324681469020923313805419
2650 4336122527020424641509009
2651 4347589234890105615609843
2652 4359082450171316963699733
2653 4370600983727121349438403
2654 4382146173246760851753525
2655 4393717129412459288968015
2656 4405314627042789410025745
2657 4416937869302338367774871
2658 4428587937076539291161897
2659 4440263792213761784233691
2660 4451966541534497639279145
2661 4463695261044298500989763
2662 4475450786205829458221925
2663 4487232522868858340577871
2664 4499041386479804909037045
2665 4510876151496073541154951
2666 4522738147402848967317793
2667 4534626515721306388402607
2668 4546542030586576356923105
2669 4558483900414621764492179
2670 4570453183611849965416401
2671 4582448859817599493875435
2672 4594472012282407422389869
2673 4606521742881873892101911
2674 4618598918427289317927277
2675 4630702837008288482850191
2676 4642834547498971470901905
2677 4654992695587231037886783
2678 4667178745219855761966897
2679 4679391805226601477455107
2680 4691632557599954202241357
2681 4703900312321468835898563
2682 4716196038392273904644221
2683 4728518743065444321248351
2684 4740869638970864798946637
2685 4753247648516301300669967
2686 4765653739238946304267553
2687 4778087215233990078814247
2688 4790549068444540008580841
2689 4803038037861262109327819
2690 4815555419141523385623717
2691 4828100444917727078711307
2692 4840673826337709351901957
2693 4853274757411311632362519
2694 4865904421447572209471093
2695 4878561616520685586886799
2696 4891247596886754545807897
2697 4903961321690464777507843
2698 4916703751127870431530033
2699 4929474210387346865613267
2700 4942273666272952793158421
2701 4955100841523860174377955
2702 4967957112059063768671325
2703 4980841611959816449160943
2704 4993755121106779614309913
2705 5006696807397972682335831
2706 5019667823498269005975681
2707 5032666991294096979391339
2708 5045695644700898117607393
2709 5058752676800049805577443
2710 5071839004443763858776349
2711 5084954022593054166254507
2712 5098098648610781324368333
2713 5111271621110147782806167
2714 5124474386212446200509217
2715 5137705983387063327462335
2716 5150967275512794471724585
2717 5164257316166554997620875
2718 5177577375706269956185089
2719 5190926275067960091379691
2720 5204305191964867972476429
2721 5217713202333055260737039
2722 5231151143903563433861445
2723 5244618383444915046249063
2724 5258115982130972775864281
2725 5271642485461580125167327
2726 5285199473716956200876689
2727 5298785929297930796459827
2728 5312402722293076448111393
2729 5326048988480107037654523
2730 5339725845824245411563221
2731 5353432189239622551509047
2732 5367169269436316393120685
2733 5380936025067893719003407
2734 5394733476141391645110913
2735 5408560835804299200282215
2736 5422419203201457477331105
2737 5436307153776081881014651
2738 5450226210500160545511157
2739 5464175435591903311461123
2740 5478155627939605754858525
2741 5492165958846549128555711
2742 5506207603062538925504309
2743 5520279360924478528060551
2744 5534382588526058136053425
2745 5548516098305796486143619
2746 5562680944860708976469865
2747 5576876366729736312958467
2748 5591103520993361107782309
2749 5605360928120398874056467
2750 5619650111216935155578517
2751 5633970170168222424746071
2752 5648321821288375407210741
2753 5662704282613693878885527
2754 5677118759421100147906465
2755 5691564004091848053345899
2756 5706041412673989170851169
2757 5720549766815999525541403
2758 5735090199573166459146013
2759 5749661901658874365975955
2760 5764265942204827041991301
2761 5778900943796665214108167
2762 5793568390025375357515433
2763 5808267352658336828284207
2764 5822998754750205513308673
2765 5837761536330181468976243
2766 5852557076389321599963177
2767 5867384034965998490177419
2768 5882243845344273021492941
2769 5897135383604777054804355
2770 5912059571262947988662581
2771 5927015778376438543880007
2772 5942005039413202074194497
2773 5957025886450381236468503
2774 5972079988778174270385425
2775 5987166256572439716424987
2776 6002285604248595950004065
2777 6017437082757615110943115
2778 6032622026279297290730293
2779 6047839106595253420383015
2780 6063089728767990953415613
2781 6078372723110007400579719
2782 6093689152881538619243409
2783 6109038254223973908747015
2784 6124421182991816781971753
2785 6139836372024712734778483
2786 6155285520494702023676041
2787 6170767510973793170519083
2788 6186283355027266251142333
2789 6201832040273392008411655
2790 6217414856583595159972493
2791 6233030580020757147206847
2792 6248680511599422290920817
2793 6264363563473350764815159
2794 6280080775971773038177713
2795 6295831315345315670181331
2796 6311616468812694900296085
2797 6327434560709717735212619
2798 6343287369076547097171181
2799 6359173812818580938528359
2800 6375094728095596110597853
2801 6391049234728940494194023
2802 6407038591367175397743161
2803 6423061509441955685740571
2804 6439119525379241363891961
2805 6455211280751044111400499
2806 6471337997546219965000757
2807 6487498762743579076430459
2808 6503694823708839283168525
2809 6519924622917440707370967
2810 6536189783447980222577413
2811 6552489328631365479134751
2812 6568824127735490153601289
2813 6585193214207587276884915
2814 6601598011474406929472161
2815 6618037039454660434575099
2816 6634511868016432298241589
2817 6651021186275527071804627
2818 6667566180824987285369525
2819 6684146031913129755112679
2820 6700761913780978270159481
2821 6717412246870725541489143
2822 6734098735898663241793553
2823 6750820312339109593287923
2824 6767577953259884909867425
2825 6784370592248153257053267
2826 6801199663116450495695325
2827 6818063722218245236380699
2828 6834964386826529957743637
2829 6851900292493857919802607
2830 6868872601125658300887161
2831 6885880535688335412128631
2832 6902925249559889890986841
2833 6920005160737178868884539
2834 6937122049435472167851817
2835 6954274736514336088230003
2836 6971464269632901822971685
2837 6988689494123985221344431
2838 7005952004497700173786205
2839 7023250285721636155042495
2840 7040585848106543405503297
2841 7057957505938451759205823
2842 7075366289776434108298777
2843 7092811416086192635407499
2844 7110294215505724017440365
2845 7127812886001902326620803
2846 7145369348592388905431141
2847 7162962375220579981446943
2848 7180593020681829271924181
2849 7198260233218216002827935
2850 7215965358806433911876025
2851 7233707057955369764813655
2852 7251486876832443295521113
2853 7269303469765812863662275
2854 7287158132626118715583749
2855 7305049855574549548426827
2856 7322980017823729131338637
2857 7340946818426254261020159
2858 7358952200454206703221477
2859 7376994971582343747501167
2860 7395076115017283107646145
2861 7413194596121547124405619
2862 7431351855468929276024913
2863 7449546443776063436867507
2864 7467779962421222122508629
2865 7486051036435449197618019
2866 7504360913457542019703941
2867 7522708663582736854292535
2868 7541095717522383136765469
2869 7559520219211918082900599
2870 7577984073204176620881241
2871 7596486120698553277970275
2872 7615027307034485812958401
2873 7633606616154835276930691
2874 7652225581964330051046365
2875 7670882594331899573144251
2876 7689579446446641524515341
2877 7708314592909074704432703
2878 7727089397083729528901337
2879 7745902934272849629458343
2880 7764756439174925171483537
2881 7783648291741256147879715
2882 7802580264066087140137177
2883 7821551218393711532611579
2884 7840562281360461588539965
2885 7859612144601391835186943
2886 7878702539524302573999181
2887 7897831796729828137822567
2888 7917001675445940102267129
2889 7936210740697703914516639
2890 7955460216737193209275017
2891 7974749238462910212084091
2892 7994079132710801464649521
2893 8013448062615016555520339
2894 8032858114754111361212773
2895 8052307917896909411734687
2896 8071798604544707824805557
2897 8091328990665643962695111
2898 8110900696121342244014393
2899 8130512117184180914457687
2900 8150164950629339727497361
2901 8169857825125408037236347
2902 8189591951600581027993461
2903 8209366457948769017729507
2904 8229182751629713009371925
2905 8249038879923130034826343
2906 8268936910990723428904925
2907 8288875509011896154910959
2908 8308855911774676944159769
2909 8328876857419234789703591
2910 8348939952348756594888209
2911 8369043630943325099122755
2912 8389189559783114611259685
2913 8409376339643052135762531
2914 8429605298216605269309989
2915 8449875389568133739170783
2916 8470188171075423794665405
2917 8490541588845743932141847
2918 8510937860636713295308193
2919 8531375601094844731083195
2920 8551855860463136775634761
2921 8572377574275069435132347
2922 8592942268380732164839437
2923 8613548372956742429462707
2924 8634197744270386884270485
2925 8654888712189869884644615
2926 8675622789045029993425949
2927 8696398822544125661126439
2928 8717218382702097010191457
2929 8738079547451085666372611
2930 8758984285222554166246417
2931 8779931426510477784344643
2932 8800922018807169112775709
2933 8821954842533758708325051
2934 8843031663907606549840909
2935 8864150677965161590087391
2936 8885313802645884727849929
2937 8906519431729346232385855
2938 8927769006437285385710625
2939 8949061512555590760514091
2940 8970398420619217467946561
2941 8991777717161407307122939
2942 9013201573044758971886141
2943 9034668635641531125275703
2944 9056180096817250734861621
2945 9077734656851890581395047
2946 9099334076031697137373833
2947 9120976562465529950873399
2948 9142664098922654937603081
2949 9164395046260469085059027
2950 9186170788261824640641361
2951 9207990401443302100880939
2952 9229855236674873288010717
2953 9251763418641760565208415
2954 9273717080213086517978661
2955 9295714766518559049977159
2956 9317757811443101533987385
2957 9339844777139004998913087
2958 9361977607370953529926273
2959 9384154446793732609047027
2960 9406377139181027775179869
2961 9428644188878979690912299
2962 9450956917183133434570109
2963 9473314320687525070433719
2964 9495718080469913769269605
2965 9518165916893048471875687
2966 9540660249576845477828393
2967 9563199523907778295055631
2968 9585785038178731743012473
2969 9608415478947568305724259
2970 9631092529572503043585333
2971 9653814541466240153426675
2972 9676583380594459088541789
2973 9699397440964528618266519
2974 9722258239966255439232821
2975 9745164612507146850798815
2976 9768118176477955774953209
2977 9791116770725062270156243
2978 9814162758673969448787353
2979 9837254669923419295815731
2980 9860393715150303872708629
2981 9883578611309396910708763
2982 9906811134594013973458581
2983 9930089453744099831608887
2984 9953415632427919195356177
2985 9976787904805844985325823
2986 10000207833121800049332601
2987 10023674239027592630148427
2988 10047188881429160452590849
2989 10070749518833887494324971
2990 10094358394712190764403581
2991 10118014187615440238905339
2992 10141718009603654390204981
2993 10165468625300158706887647
2994 10189267897194713567802137
2995 10213113857328579505285359
2996 10237008676401726943808529
2997 10260950444548807452214427
2998 10284940909873676846159121
2999 10308978841127350744018763
3000 10333065845587358565120645
3001 10357199836275148301301319
3002 10381383057592474635901285
3003 10405614085436904799812175
3004 10429894262249571812958825
3005 10454222039617095473353959
3006 10478599495616828267156001
3007 10503024603046905935799883
3008 10527499491927027583583321
3009 10552022444154770804197707
3010 10576594876154941711730933
3011 10601215804290751192540647
3012 10625886814370952300306573
3013 10650605674704049934415167
3014 10675374926341953515940585
3015 10700192860009177092326063
3016 10725060896698770354646785
3017 10749977554816010344256611
3018 10774944815789364431528453
3019 10799960733059301965755987
3020 10825027415835850274500045
3021 10850143106101505877836159
3022 10875309354733776080661613
3023 10900525021394513071284343
3024 10925791835638717214609281
3025 10951107432784435673735991
3026 10976474324667700369374649
3027 11001890909159933586764723
3028 11027358641568027765270061
3029 11052876003564845333851051
3030 11078444986201055793890877
3031 11104063634535168663700791
3032 11129733950085931673148917
3033 11155454274142856123418991
3034 11181226220104544344370697
3035 11207048498704351167076747
3036 11232923022331203067506673
3037 11258847244037626395328067
3038 11284823885168583614084053
3039 11310851249405895823439707
3040 11336930621846549127114437
3041 11363060723691581852477239
3042 11389243351255018210304073
3043 11415476630414724518176951
3044 11441762829048101928311841
3045 11468099872873580214706755
3046 11494489605081164357944177
3047 11520930659797327895796355
3048 11547424962100451783627669
3049 11573970094112866889353067
3050 11600568504547224912638469
3051 11627218704606546735852687
3052 11653922036182804009246633
3053 11680676948401965779738719
3054 11707485634255314429509297
3055 11734345889996075259461939
3056 11761260033593556601387833
3057 11788226132455038920531851
3058 11815245916562333739403197
3059 11842318135356851901140679
3060 11869444532483311127766653
3061 11896622776916237931700895
3062 11923855402134421501854929
3063 11951140833752811604023815
3064 11978480476912576325173209
3065 12005872726418014063323963
3066 12033319791659436575466329
3067 12060819377243646055698563
3068 12088374014506944573309109
3069 12115981627720688395026687
3070 12143643929123647269213917
3071 12171359756066908228882103
3072 12199130819781228999200601
3073 12226954736814254058981071
3074 12254834178315939848239265
3075 12282767362357042917214955
3076 12310755877166602243175677
3077 12338798016163074272583355
3078 12366896062132239336588141
3079 12395047839564296388851743
3080 12423255516750214711455333
3081 12451517292169028094188319
3082 12479834790442214640670993
3083 12508206816330855314950811
3084 12536635341783306836275361
3085 12565117653581358346279731
3086 12593656648730090530252413
3087 12622250423987142390882915
3088 12650900569114937102714661
3089 12679605490644713375404927
3090 12708367270249052179358277
3091 12737183840097849906776575
3092 12766057511137671919739441
3093 12794986270754270947596443
3094 12823972025994015931009897
3095 12853013270111254212660899
3096 12882112044931061545631133
3097 12911265705552720413581747
3098 12940477090197810080246525
3099 12969744444669709656612623
3100 12999069218765151503282537
3101 13028449855143336149508399
3102 13057888490272313161788153
3103 13087382934877202624077083
3104 13116935651285321688252233
3105 13146544534115485749089675
3106 13176211423564892675731397
3107 13205934917629481129363363
3108 13235717156277633986656013
3109 13265555332045564703095471
3110 13295452314002190628960033
3111 13325406407489920898965159
3112 13355418971503275856211625
3113 13385488499393783304239835
3114 13415617232021614045808401
3115 13445802793505998212872011
3116 13476047799522428159507709
3117 13506349954759425886520431
3118 13536711368853643059940093
3119 13567130574151270442618143
3120 13597609464066451448311225
3121 13628145542373575697152431
3122 13658741489330686766555617
3123 13689395549115718374385123
3124 13720109443278568726152045
3125 13750881219514318337103699
3126 13781713437162828120390333
3127 13812603584616389858911911
3128 13843554294564234595017165
3129 13874563458983444608511791
3130 13905632760853337104325033
3131 13936761032362507169252927
3132 13967950198531889654574425
3133 13999197562056272042388131
3134 14030506151620800199590613
3135 14061873940063479498336987
3136 14093302600012364403064885
3137 14124790341750933471069287
3138 14156339625464036597481269
3139 14187948038722378848789519
3140 14219618122691574142210689
3141 14251347752759080025117715
3142 14283138823748065700259497
3143 14314989919177779152188779
3144 14346903150649831491309717
3145 14378875633595578696489147
3146 14410910471573073512633277
3147 14443005662201781827139767
3148 14475162983725591933127733
3149 14507380581999707855664527
3150 14539660809167384279700809
3151 14572001366577693583806563
3152 14604404667043270895399377
3153 14636868695686848124764379
3154 14669395391181617602721693
3155 14701983200217031294599875
3156 14734634446168629053764309
3157 14767346012515686998266943
3158 14800121184941768948632801
3159 14832957909618580645973423
3160 14865857801774903309902049
3161 14898819212915158040817299
3162 14931844417541073486785241
3163 14964931048716927696999739
3164 14998081893842588674451133
3165 15031294430923001656360347
3166 15064570879663635574165053
3167 15097909632353032473988175
3168 15131312919971380227030545
3169 15164777897045514266022215
3170 15198307468976125671817489
3171 15231899886407197694302227
3172 15265556653885093206773937
3173 15299276042257796229434659
3174 15333060660271849718066821
3175 15366907772135699695731039
3176 15400820260624764009890741
3177 15434795676403680421353383
3178 15468836211342591974897121
3179 15502940259703920569955047
3180 15537110038262039521187441
3181 15571342626426803553185307
3182 15605641157518462969401669
3183 15640003668926517633815131
3184 15674431894719294459564773
3185 15708923872686390001373815
3186 15743482167927287294237613
3187 15778104212951468521463695
3188 15812792888860101778925233
3189 15847545786721643694461359
3190 15882364931777736285202305
3191 15917248914006736585041051
3192 15952199792205415149188797
3193 15987214675384689781762723
3194 16022296807336705016353565
3195 16057444020231443906356847
3196 16092658271894548833756309
3197 16127937392767567923661639
3198 16163284273928357955838857
3199 16198696144381586369548067
3200 16234175704330517680567657
3201 16269720801250219721241947
3202 16305333337581748174451645
3203 16341011870796306646329803
3204 16376758791936065633629805
3205 16412570800174013845783719
3206 16448451403079772393889349
3207 16484398282618298047975543
3208 16520413364878013936867217
3209 16556494790928352519163915
3210 16592644970900586731135081
3211 16628861458150194045245899
3212 16665147029469387150001573
3213 16701499223310806143392251
3214 16737920319269000274190733
3215 16774408572261822214364711
3216 16810966402467217961019713
3217 16847590627351631692173295
3218 16884284675616904039491617
3219 16921046391933495949407267
3220 16957877554898488892819729
3221 16994776201761741353828843
3222 17031745005649476678912853
3223 17068781297749477587051895
3224 17105888024478425514593861
3225 17143062621309504909474887
3226 17180307381417993427466561
3227 17217620519771517854900951
3228 17255004670635391644361977
3229 17292456440804678871001563
3230 17329979264425987278554153
3231 17367571118538615845531507
3232 17405233606467474071071733
3233 17442964923547160891473615
3234 17480767773040067799004109
3235 17518639237429055036031135
3236 17556582538926225142721097
3237 17594594915154247831852127
3238 17632678834307872653355321
3239 17670832581505733489395787
3240 17709058384940386364457605
3241 17747353253990962424730571
3242 17785720391335659838487301
3243 17824157737570254731014383
3244 17862667328677759351588597
3245 17901246843319878498641807
3246 17939899317231772497315681
3247 17978621720931012310459631
3248 18017417241826321780186689
3249 18056283238127609729432451
3250 18095221898559249151182349
3251 18134231716266085666343475
3252 18173315033785276583219213
3253 18212468565795759317905775
3254 18251696012024403968741165
3255 18290994893389981669111391
3256 18330367207080675481988425
3257 18369810808510706094865587
3258 18409328651369137426210937
3259 18448917865418294811869003
3260 18488581427127499811132325
3261 18528316869001278251724939
3262 18568126365931188963271181
3263 18608008244656003416022615
3264 18647965106327381569098805
3265 18687993439931817104673351
3266 18728096946523053666470577
3267 18768273211928889642423379
3268 18808524411472539118222225
3269 18848848251051486284490307
3270 18889247619635942421898949
3271 18929719679321599667932331
3272 18970267460906564103588597
3273 19010888428908074036245751
3274 19051584931371649014981025
3275 19092355094195360261586327
3276 19133201652508576096572513
3277 19174120927862461541806755
3278 19215116850425072786662249
3279 19256186968839777594565467
3280 19297333152215551186507517
3281 19338553515102612615604279
3282 19379850711754472642909013
3283 19421221931338879287561383
3284 19462670455294558311215065
3285 19504193284233029796553015
3286 19545793150682053920302265
3287 19587468031898564242037971
3288 19629220664783340027369729
3289 19671047557367442400306459
3290 19712952263644833432920277
3291 19754932592349908231017735
3292 19796990470071344961311213
3293 19839123726812074772313447
3294 19881335481962592291177369
3295 19923622531107440296730151
3296 19965988215006037181107745
3297 20008429707954788935430219
3298 20050949487094367531942589
3299 20093545783612861444681539
3300 20136221218953856211905293
3301 20178972219266632687669855
3302 20221802580534562284031445
3303 20264709904469146003703751
3304 20307696310604221871375609
3305 20350759356181129242971527
3306 20393902291743132588068353
3307 20437121837569350151204155
3308 20480421623916161533221717
3309 20523798633518938328383059
3310 20567255340205356420123973
3311 20610790037522763690633767
3312 20654405107583411601409893
3313 20698097220449548281710103
3314 20741870188686929540672161
3315 20785721440854666287406043
3316 20829653278931784520924713
3317 20873663148264444534005291
3318 20917754447143231447869669
3319 20961923888968767295779163
3320 21006174702640649653673125
3321 21050504305999841022843743
3322 21094914973514873177146577
3323 21139404959674147978227863
3324 21183977168171865745524113
3325 21228627566044613782006051
3326 21273360379924096163248825
3327 21318172884690111459833435
3328 21363067349527847870082389
3329 21408041517624336102709339
3330 21453098289792408690461357
3331 21498234724981237481606639
3332 21543454122138546979494049
3333 21588753540112892830177543
3334 21634135775651554389630537
3335 21679598651077835953763027
3336 21725145144995961851872145
3337 21770771335483245938913235
3338 21816481419581507648362341
3339 21862272721939853256942999
3340 21908147384258232584768069
3341 21954103123988629792707423
3342 22000143096741922356034329
3343 22046264113954315701244751
3344 22092469692615945202580665
3345 22138756761472763886537947
3346 22185128022312290630181169
3347 22231581371902046315050947
3348 22278119889188584239839605
3349 22324739654912184994232607
3350 22371444663530081308217517
3351 22418232486246780126406063
3352 22465105127019627012849257
3353 22512060321825226493470767
3354 22559101341786544324553681
3355 22606224709757390294785643
3356 22653434288752817142807973
3357 22700726697047643148610443
3358 22748104974008541706921221
3359 22795566948352403375470375
3360 22843115407156579630140813
3361 22890746625121618022410519
3362 22938464559195845341797241
3363 22986266769274089134056331
3364 23034155531219053688199889
3365 23082128192016666298318627
3366 23130188298966274827760757
3367 23178332280223853365777211
3368 23226563842528599174340205
3369 23274879990552883227162655
3370 23323283185835204934475301
3371 23371771753310139026613663
3372 23420348438581409595515145
3373 23469009248393116889498067
3374 23517758658743978871671537
3375 23566593600255186088893827
3376 23615516628251063728756269
3377 23664525072537082786964203
3378 23713622492809112868409781
3379 23762805372396511849041887
3380 23812077427560773058794737
3381 23861435530481580287889815
3382 23910882373322739652456377
3383 23960415934976477943546723
3384 24010039295950969323422049
3385 24059748315617003533401323
3386 24109547344266983218455469
3387 24159433525927457772563891
3388 24209409454879220197512725
3389 24259472351954827787995887
3390 24309625701939734260843817
3391 24359866173673707002210767
3392 24410197216609332963791505
3393 24460615916772984589915683
3394 24511125075963392571994089
3395 24561722372871711123225883
3396 24612411127280243554971381
3397 24663186917912078761841495
3398 24714054510197365098904069
3399 24765010946606792885809919
3400 24816058400353609958808801
3401 24867194612591598810864687
3402 24918422767762738061665225
3403 24969739445243153077633323
3404 25021148680661432194800097
3405 25072646863842849532274899
3406 25124237142078701935585605
3407 25175917230134717691448943
3408 25227690337757882904660949
3409 25279552281056600720379719
3410 25331507265992857430974537
3411 25383552724086525853520751
3412 25435690949805505043227241
3413 25487919323200289959263067
3414 25540241608670411895947757
3415 25592653906540932609122891
3416 25645160277045030112727861
3417 25697757218440773003196071
3418 25750447864334882271485245
3419 25803229967295370081478695
3420 25856106649645895749823209
3421 25909073733658491051225827
3422 25962135645319341198416809
3423 26015289572241696651435515
3424 26068537964187332886959525
3425 26121878037784572168730387
3426 26175313604794934027903909
3427 26228840760848169235050631
3428 26282463771527272850659413
3429 26336179042649972366173663
3430 26389989573530932364596689
3431 26443893216763963335403907
3432 26497892987527400515936641
3433 26551984757018857849772771
3434 26606173163821093446900917
3435 26660455092642846918045099
3436 26714833281636494165242645
3437 26769304694959882237442479
3438 26823873297497572373792353
3439 26878535271085673977269407
3440 26933294447626587460488969
3441 26988147726731457618169003
3442 27043097796899059667899657
3443 27098142623185016303366011
3444 27153285596322343671482877
3445 27208521891257333338343171
3446 27263856636297420381706213
3447 27319286486443572548274495
3448 27374814230665868226479425
3449 27430437081921560450776015
3450 27486158553100929040248641
3451 27541975114218202245954491
3452 27597890664099337886847345
3453 27653901788359884204888931
3454 27710011736933249256199541
3455 27766217939363977372423887
3456 27822523869048222641817261
3457 27878924973795734310019207
3458 27935426055394453562078417
3459 27992024094887066190144991
3460 28048721589458274742204801
3461 28105515811343457546122083
3462 28162410585427496745853373
3463 28219401960709121091436331
3464 28276494278948254804608333
3465 28333683727143249096699583
3466 28390973587021769089177437
3467 28448361333999431518523231
3468 28505850743229338226089793
3469 28563436979718892770817191
3470 28621124915061933587577921
3471 28678911604446835285068107
3472 28736799366813218782689189
3473 28794785581415768729848075
3474 28852874056288016223434773
3475 28911060793435167288131255
3476 28969350244494884738479597
3477 29027738460792085951575391
3478 29086228999567368219597073
3479 29144819347387704099521827
3480 29203512700913727435407497
3481 29262304743158926142267787
3482 29321200166029539751556189
3483 29380195922907538785451915
3484 29439294916561533523936277
3485 29498493793473127224671887
3486 29557796920233989601543485
3487 29617199874080021955156079
3488 29676707257381758752471025
3489 29736315401714496434790075
3490 29796027283952107295249265
3491 29855840809287101763037555
3492 29915759269785012285732525
3493 29975777969138937026403755
3494 30035902087448213632038197
3495 30096128194293553500455951
3496 30156459126976898722814553
3497 30216891827848639470524055
3498 30277430497173558304313049
3499 30338070919443345088217123
3500 30398817470103894080791801
3501 30459666436677322375957371
3502 30520621053901764705453101
3503 30581678965966438223866235
3504 30642843760260860862477341
3505 30704110462936018678156303
3506 30765484390068896840688657
3507 30826962008356903122022343
3508 30888546411277053704478481
3509 30950234347417007766457027
3510 31012029909380199274992145
3511 31073929155034347245050795
3512 31135936196275550849418645
3513 31198047498317041130508407
3514 31260266426863331779397669
3515 31322590183227469671009175
3516 31385022802016213091804753
3517 31447559002074778014925759
3518 31510204332952652701986521
3519 31572955350333384363245395
3520 31635814655743317540515205
3521 31698779502304570519706403
3522 31761853639000065292293221
3523 31825033109444461313597383
3524 31888322654587054029728693
3525 31951718016147988722303295
3526 32015222891188868128787561
3527 32078834500000996478488935
3528 32142556701373753117394681
3529 32206384478246985452538939
3530 32270322904123971973893309
3531 32334368903520307493825811
3532 32398525173478096670934325
3533 32462788589609939628897967
3534 32527163687254400679137893
3535 32591645705787083115579455
3536 32656239494454375075937065
3537 32720940955014213247563979
3538 32785753772309449524715369
3539 32850675281619338320691347
3540 32915709178294779683860189
3541 32980850455727975120063803
3542 33046104459473466607694885
3543 33111467708200900430814127
3544 33176943237278190210938789
3545 33242527707570988646331959
3546 33308225508794817940536513
3547 33374032215673356091428019
3548 33439952712760318578307841
3549 33505982808725677151391723
3550 33572125955780974975520781
3551 33638379784198190660271547
3552 33704747754012201221315853
3553 33771225018363447382469111
3554 33837817009268711730587729
3555 33904519992350562409247455
3556 33971337302942845809156105
3557 34038265175533998399126555
3558 34105308576197478773177753
3559 34172462760592418334975899
3560 34239732356091412459733077
3561 34307113671156804970839567
3562 34374609884112766564755093
3563 34442218535836361212028575
3564 34509943621857793567239769
3565 34577779508098740617579911
3566 34645732203609242755481505
3567 34713797826731831813763963
3568 34781979529431168566894329
3569 34850274146213434734545715
3570 34918685784570854938772685
3571 34987210142406689257080295
3572 35055852017691284307829853
3573 35124607238382948905829783
3574 35193479711597373325653521
3575 35262466336210223893214391
3576 35331571323450000072748625
3577 35400789079778976871643627
3578 35470125486833000462434029
3579 35539576857693121781189443
3580 35609146239985122204034773
3581 35678830368560404756697503
3582 35748633580512361418555245
3583 35818551484439665000844351
3584 35888588941515736605517793
3585 35958741582387687280318159
3586 36029013280039225944984537
3587 36099401076230048922768307
3588 36169909350883166652965805
3589 36240532441310302366301947
3590 36311276056338388561396357
3591 36382136685983507235286511
3592 36453117122164581394285645
3593 36524214184005074009679687
3594 36595432573041581996685265
3595 36666767326746595184425595
3596 36738223869620890844581721
3597 36809797442723092370052739
3598 36881492230924618560937405
3599 36953305215431653977602819
3600 37025240250311677449957093
3601 37097292261270169636151759
3602 37169466678242826460225245
3603 37241760011770677495184815
3604 37314175573223121696001993
3605 37386709502324898665405115
3606 37459366843603563617470609
3607 37532142484350831750039499
3608 37605041823319559973352469
3609 37678060449814942423114211
3610 37751201952743719528917149
3611 37824463768253018027157279
3612 37897849874305084802607897
3613 37971354575004078338385031
3614 38044984187306137660753401
3615 38118734537444445248054099
3616 38192609005264200276155033
3617 38266603926598206815441427
3618 38340724260630955386565053
3619 38414965101379269474907687
3620 38489331435216112515802997
3621 38563819044840333792966663
3622 38638431751735988403530537
3623 38713166693149660958893215
3624 38788028155954241836034225
3625 38863010218333623070229499
3626 38938119084240879065385785
3627 39013350628165887129441779
3628 39088708532681625086248965
3629 39164188974688890224982295
3630 39239796748809565019392205
3631 39315527141434919021531431
3632 39391385092118456467579489
3633 39467366427917958452585351
3634 39543474920080075752947513
3635 39619707543347526403274203
3636 39696068857548162272484045
3637 39772552666480499846419171
3638 39849165621307834359877365
3639 39925903475373124764076319
3640 40002769409470795097034053
3641 40079760085703516721831815
3642 40156880106354219858359481
3643 40234124603953648824514879
3644 40311499307098746380774817
3645 40388998991716202128082723
3646 40466628269446470940428789
3647 40544383649452005445636331
3648 40622269701462433358259941
3649 40700280631041164009076215
3650 40778422314539882345426789
3651 40856691251350723388742943
3652 40935090456291346409668017
3653 41013616287102610707817859
3654 41092273998765126769192545
3655 41171058120563810880655891
3656 41249974270376182292791661
3657 41329017748504014377050083
3658 41408192720345942927558493
3659 41487496129271354122204727
3660 41566932390871683706592705
3661 41646495464929629991814183
3662 41726191642172258068366537
3663 41806016893572623647143451
3664 41885974823913307054285105
3665 41966061387925352892145595
3666 42046281890528056943629701
3667 42126630866856787346190115
3668 42207114349633249770264309
3669 42287727167285335825247551
3670 42368473554148891951266097
3671 42449350651608150209162871
3672 42530362463622101256206665
3673 42611503372265700570087675
3674 42692779714613384698316665
3675 42774187106281789703097931
3676 42855729363366181845595117
3677 42937402296581879776189311
3678 43019211525147523061998093
3679 43101151597888774876195663
3680 43183227883973343460721961
3681 43265435959351575164923823
3682 43347779676005699709373577
3683 43430255994402214131314707
3684 43512869807944635543737529
3685 43595614375631178507117939
3686 43678496801833958727415957
3687 43761512456914516808820375
3688 43844665164393698602934245
3689 43927950981228852434810791
3690 44011374820323635686310905
3691 44094931731519694441830559
3692 44178627213653523481073825
3693 44262456501090109563823043
3694 44346424027720400041150821
3695 44430526248344206527650779
3696 44514768054473223923990805
3697 44599142817690450344178679
3698 44683657549426512736047301
3699 44768307885792574246730711
3700 44853097325762904482193481
3701 44938022078142240551705723
3702 45023087343019268000395121
3703 45108287716669409086250675
3704 45193629105730820173037445
3705 45279106289400828992402291
3706 45364723893360128508448597
3707 45450478387623768021283703
3708 45536374831055103585325109
3709 45622406668045204551971119
3710 45708580501769723387367369
3711 45794892241363132455227099
3712 45881345200975238794173649
3713 45967935705260347742748155
3714 46054669152851543212710157
3715 46141539766354492032749227
3716 46228553867809465339907365
3717 46315705821075119987078775
3718 46403000606317311401098217
3719 46490434651340458328305263
3720 46578012590280735320668449
3721 46665728271760618504472659
3722 46753588213195330204788385
3723 46841588246590901508569819
3724 46929732296701330503486109
3725 47018015649199382555539675
3726 47106444403852209145892741
3727 47195012552112753840673759
3728 47283726317990345682137273
3729 47372580653464772425353975
3730 47461579633637563958264377
3731 47550720333322961123732531
3732 47640007337834034987542497
3733 47729434051786291339942267
3734 47819007867336165662804933
3735 47908723803855078085608255
3736 47998585887410363209456869
3737 48088589790999313573586951
3738 48178741313890364997754785
3739 48269034595692095265738391
3740 48359475764191037791565289
3741 48450059698501774385404835
3742 48540790815796893634875065
3743 48631665836493231204716179
3744 48722689667138106713331997
3745 48813855527747564884595535
3746 48905170510400035086893669
3747 48996629884126111369188431
3748 49088238008933386250085257
3749 49179990310948549997040535
3750 49271892508790671528510905
3751 49363938943694123045833011
3752 49456135453177685174769549
3753 49548476943924303361990451
3754 49640968221836502656986661
3755 49733605421339557506131543
3756 49826394097248020524441901
3757 49919326803461826591506415
3758 50012411417628886580156641
3759 50105643030913000062470595
3760 50199025100527978495263241
3761 50292554012127449378238275
3762 50386234960214565171578365
3763 50480062400892765233392131
3764 50574042805107597938608141
3765 50668170296519544009054735
3766 50762450047234372627976493
3767 50856878069248816032455335
3768 50951459842865718211854961
3769 51046188330929226415964235
3770 51141070627440434543805273
3771 51236102390714875657323603
3772 51331287407860591046116021
3773 51426621182740054598377195
3774 51522109963277098962595181
3775 51617747286426827750959719
3776 51713539915882436061504089
3777 51809482140206174367971959
3778 51905578937675030904185177
3779 52001826675282894477888899
3780 52098230366264523738683401
3781 52194783141331492102964659
3782 52291492269751187710834181
3783 52388353148582340907982275
3784 52485369837875231117634037
3785 52582537708194331861274823
3786 52679862908224800241382009
3787 52777339085562832851653431
3788 52874973118344571296253753
3789 52972759172080574251204579
3790 53070702122057720825180969
3791 53168798553227532827364435
3792 53267053301308471772696469
3793 53365459544917876895811815
3794 53464024931865207770991101
3795 53562744131205798451154023
3796 53661621771543962589469265
3797 53760652821098969109295247
3798 53859843914201292917649393
3799 53959188607331384899753155
3800 54058693263045643291063325
3801 54158352625390982029926539
3802 54258171136357757620353517
3803 54358145413489356439379447
3804 54458281128189009629098693
3805 54558570358671202709659319
3806 54659021372416229356512281
3807 54759628720622381098906335
3808 54860396887866399416702873
3809 54961321259206207864909907
3810 55062407614895427649447941
3811 55163650184776855923537235
3812 55265055383003895543235517
3813 55366617547604125447316911
3814 55468342013699280149899645
3815 55570224454721292426595855
3816 55672270545213367418400497
3817 55774472787408111068999339
3818 55876839185562476914719953
3819 55979364665682073032168923
3820 56082053379827285791205053
3821 56184900763997524301492379
3822 56287913002985269584732885
3823 56391083656177267968073199
3824 56494419692174259842458293
3825 56597915066808971538065999
3826 56701575049445561947654105
3827 56805395572852390851092715
3828 56909382661239231732076281
3829 57013528360435268854399731
3830 57117840600519115951599293
3831 57222314635278593263842187
3832 57326954192815037509486693
3833 57431755102824316252204599
3834 57536723506995411572898985
3835 57641852697230922381572039
3836 57747150126885443556215017
3837 57852609073301309595973627
3838 57958235465067715724909497
3839 58064025198378661331485523
3840 58169983533485075415488477
3841 58276103327077728820460059
3842 58382392204630777659190269
3843 58488845169762336312499887
3844 58595466911831923756837889
3845 58702251876002600413470183
3846 58809207316920827183344041
3847 58916326072409779685699411
3848 59023615477181356800644241
3849 59131069559146124235391315
3850 59238693149256914074376965
3851 59346482650954516800445431
3852 59454443546540436457473381
3853 59562568234570572676929159
3854 59670865085595121414719937
3855 59779328519495326009571831
3856 59887963104186488862865753
3857 59996763777779070395559339
3858 60105737317598630467214501
3859 60214876956905803092129531
3860 60324189760522794369233045
3861 60433669739605067261879439
3862 60543322124991936258984725
3863 60653142920178694299831727
3864 60763138066488619684618761
3865 60873299276508027212373031
3866 60983635296030885957665969
3867 61094140405615189032142259
3868 61204819559018388237750861
3869 61315667595079779485165267
3870 61426690977981426066684973
3871 61537883272825718646208007
3872 61649251106330120953412981
3873 61760788764278611413644463
3874 61872501658765238635003505
3875 61984385462052942144664747
3876 62096446474218041151520817
3877 62208676081789961418287227
3878 62321083454033962627896349
3879 62433662597538850788409043
3880 62546418082112994083134045
3881 62659345240025003426297887
3882 62772450396921036524343453
3883 62885726849231598399821575
3884 62999182385169201393581377
3885 63112809960103827338585139
3886 63226615583543791789259945
3887 63340594694982543105895755
3888 63454753610582235458834717
3889 63569084291698643106951851
3890 63683594702602491317077301
3891 63798280067324281759721743
3892 63913144497924551149246041
3893 64028182962424348737319519
3894 64143402790188307891468593
3895 64258796326499145661163851
3896 64374371445146807746762401
3897 64490121427234102507096803
3898 64606052223948803036240429
3899 64722159438700690612015631
3900 64838448990446800254164749
3901 64954912792585240425844615
3902 65071559541743402370113337
3903 65188383654616501977320431
3904 65305389951810186895263649
3905 65422572945952501035927867
3906 65539939752941909366916601
3907 65657482987803772519777091
3908 65775210786924830800327517
3909 65893116274043253079009399
3910 66011205105361517061876173
3911 66129473366493905573870255
3912 66247926621491193371332305
3913 66366556931113281676172055
3914 66485373055586851387722657
3915 66604368995071700305609731
3916 66723550110713994070112197
3917 66842910426507408645517107
3918 66962457754761117191744437
3919 67082184529570137647663015
3920 67202098107928341842193597
3921 67322192450997686279992567
3922 67442472744555146824767969
3923 67562934970411282572180063
3924 67683585726039950883529977
3925 67804415778729711621955939
3926 67925434810525179327745661
3927 68046636438063066593071739
3928 68168025787028494609853397
3929 68289597589284030899157767
3930 68411358695726128925425229
3931 68533302118416071130094015
3932 68655435545725482596240145
3933 68777752151778979945591331
3934 68900258193507715636705937
3935 69022948669513553495026827
3936 69145830232919827287423845
3937 69268894139798407162906219
3938 69392149687676194859973509
3939 69515590963671558778591199
3940 69639222736675158479828857
3941 69763039790493339745589047
3942 69887049000262782764788841
3943 70011243322823247862037067
3944 70135630636483840923680009
3945 70260203918296385447023963
3946 70384969334644569482366581
3947 70509922055478434229587363
3948 70635069203031842281175469
3949 70760401322594010998628367
3950 70885927874534478220143849
3951 71011643080923255041106879
3952 71137551536821012476339265
3953 71263648084381909238883339
3954 71389940204389412728008089
3955 71516419810577043510648083
3956 71643095584275467673302653
3957 71769959914750720744924959
3958 71897019575731576528188917
3959 72024269768325725192824759
3960 72151716564553145083240233
3961 72279351727754291452294031
3962 72407183965633770098370937
3963 72535207609384692417345827
3964 72663427996794250466692969
3965 72791838933448838876204883
3966 72920448584823682909410221
3967 73049248665086217213667239
3968 73178247726999177123209285
3969 73307438742611261816009023
3970 73436827332089096377778505
3971 73566409416748573068392423
3972 73696191400121932773743409
3973 73826164189839487366537667
3974 73956337888773332382818661
3975 74086705607955029676666219
3976 74217272944436816501363765
3977 74348033720358167180313823
3978 74478995960313756271812069
3979 74610151934903336361843839
3980 74741509621064771048725825
3981 74873062184164924297492615
3982 75004815641105600075455617
3983 75136765381716655390256379
3984 75268918205320893503975589
3985 75401264652756494198258235
3986 75533814716057331299948341
3987 75666561826362002062845631
3988 75799511751661134845895485
3989 75932658313478046858295383
3990 76066009260716014778038185
3991 76199556760776226819345339
3992 76333308957776462708140633
3993 76467259022075414071065979
3994 76601413158439974739599149
3995 76735766321685985657356299
3996 76870325914079970198615861
3997 77005081886090138414037023
3998 77140044702326669786119025
3999 77275207785994165396998191
4000 77410576073591038700919881
4001 77546144468657854586086659
4002 77681920049282372049948289
4003 77817895151176608107556115
4004 77954078691724875055407477
4005 78090462376229125771784867
4006 78227053538972219979953973
4007 78363846648534688149069383
4008 78500849099168838937393433
4009 78638051445126195049977663
4010 78775463193239679267086889
4011 78913078426920246432323955
4012 79050902150965288646530801
4013 79188928484771738401186371
4014 79327165813423105382750229
4015 79465605492865402732389143
4016 79604256344346417402613213
4017 79743110760824027322845031
4018 79882175562937085543066049
4019 80021445580996071187846679
4020 80160927909276817502985569
4021 80300613013469024275706139
4022 80440510923079551239428961
4023 80580615235365780826993523
4024 80720931506895458305874357
4025 80861453273601790059368551
4026 81002188959646919864121493
4027 81143129786741306923856567
4028 81284285479187437191165817
4029 81425647913475031067474055
4030 81567223519977949877557625
4031 81709007891936146166192995
4032 81851007317741612806761901
4033 81993212590251298172691187
4034 82135634082666785048397533
4035 82278264721519897656048359
4036 82421110642289411190568621
4037 82564165041138543078550863
4038 82707436955715585909718145
4039 82850917444235577418591363
4040 82994615137874664498327481
4041 83138522948829693996185251
4042 83282647070004343852903981
4043 83426982710115378741308123
4044 83571537504849844372668037
4045 83716300791317032553344775
4046 83861283677872131724044101
4047 84006478844836934499648703
4048 84151892266690663303244113
4049 84297517840244219242419907
4050 84443363220019427307827033
4051 84589420733292338981143107
4052 84735698890327462022085709
4053 84882190004243402704437963
4054 85028901219965816831999749
4055 85175826766671238189015031
4056 85322974575205025927805433
4057 85470334140975037286510031
4058 85617916466114574562514033
4059 85765714461396229947964203
4060 85913733922877835215451633
4061 86061968382144850411028835
4062 86210426373265812543120557
4063 86359099238322869555020051
4064 86507996455097113491365421
4065 86657109714302841124953703
4066 86806446093514332673134241
4067 86956000146978480691850231
4068 87105779691833326439584641
4069 87255774371475064024671619
4070 87405994793932501972983009
4071 87556434440286514014783755
4072 87707098385959707291914325
4073 87857980877946009948527183
4074 88009090408816957769213789
4075 88160417633807793465822191
4076 88311972726559766080559265
4077 88463746690920101908036911
4078 88615747528610631452458345
4079 88767969466035248426084883
4080 88920419804955673190302345
4081 89073088733084327692520467
4082 89225986428069355657328429
4083 89379106392918528419772623
4084 89532454846732297739931725
4085 89686024372634611480236223
4086 89839824601093063337403985
4087 89993845855594561384044655
4088 90148098001287374814151761
4089 90302572915809504936836315
4090 90457277121599061702088645
4091 90612206043154760836996011
4092 90767366904976625666021533
4093 90922749235172118777631847
4094 91078364631052512442600565
4095 91234205179918069913851271
4096 91390277121644764872468457
4097 91546573726265736105447115
4098 91703104138093340198518481
4099 91859859189057253283880315
4100 92016848405749122540436589
4101 92174063647717840571573987
4102 92331511990354616436925853
4103 92489187906663204084209663
4104 92647099388204471723501093
4105 92805235546850366710219919
4106 92963607885275210207126921
4107 93122208672663694050323955
4108 93281044815597922437400257
4109 93440108972515485338788419
4110 93599410048745974108622949
4111 93758939239467982640703731
4112 93918705749765831296231997
4113 94078701702597158459296231
4114 94238934363469999294287433
4115 94399397709190546700215183
4116 94560100426976421547102145
4117 94721030684369577875722571
4118 94882200875990261600061137
4119 95043603387122466391404843
4120 95205243734755198806050765
4121 95367115981461291851110731
4122 95529228438263104801353709
4123 95691572178901108284495119
4124 95854157395001469284840105
4125 96016974794962816531144303
4126 96180032544320598933422241
4127 96343324488988066226378107
4128 96506859077120265443843585
4129 96670625303606328072503747
4130 96834634155805348127486013
4131 96998878676588562014221231
4132 97163364914656798931353461
4133 97328085932072673578297855
4134 97493051452417925875080401
4135 97658251332981154318040247
4136 97823696135117012369431113
4137 97989376642642917807244259
4138 98155300793360423543746613
4139 98321462824735124402789795
4140 98487870724938712881930045
4141 98654513686687958835199135
4142 98821403063257135069458141
4143 98988531470163080175437583
4144 99155905402331736593048705
4145 99323517315080544260462223
4146 99491377060974900901736689
4147 99659474505480523752742819
4148 99827820686925936420686261
4149 99996406192366090892423835
4150 100165238768233134400570149
4151 100334312891264542504571935
4152 100503636103975974270655061
4153 100673197680755111678954271
4154 100843009659193855325203153
4155 101013063938176263553011771
4156 101183367409823492887139289
4157 101353912253025796616186235
4158 101524708786001048965334141
4159 101695746817010410559823195
4160 101867036160626772670119109
4161 102038568984987384415310199
4162 102210352008925557365398637
4163 102382379995690612331496735
4164 102554661706824638381346833
4165 102727184579472158124420315
4166 102899961673682151864489897
4167 103072984345741937995072779
4168 103246259779724827704987917
4169 103419780647277320331348363
4170 103593556065433554564279349
4171 103767576722195237746362695
4172 103941852848901306092898481
4173 104116375230520468084272575
4174 104291152437899687114077081
4175 104466177686290056879521643
4176 104641459826756512051242697
4177 104816987192733672074701091
4178 104992772113313962358218341
4179 105168806685384787164634355
4180 105345097169575051861454797
4181 105521636581599811461281439
4182 105698434596616520430816937
4183 105875481199286882299425607
4184 106052787273854027487318633
4185 106230343095311415264731187
4186 106408157087680111529460393
4187 106586222518858576583010083
4188 106764549110778448338923069
4189 106943124286390089496557335
4190 107121960639730023227569773
4191 107301050505936518533385599
4192 107480399775780817990042473
4193 107660001714537921003929607
4194 107839865946147883941422393
4195 108019982057013697230014483
4196 108200361542531989124721677
4197 108380994269764838191618603
4198 108561889077277529035639653
4199 108743039652536516275665663
4200 108924454175944667828492285
4201 109106121310727134429281751
4202 109288052982643162156769113
4203 109470241512265549748872535
4204 109652694142355051833879817
4205 109835402367420360124366587
4206 110018377112730414040862101
4207 110201607362266581587738091
4208 110385104434725291858520053
4209 110568858927771329374167231
4210 110752878572342524644602173
4211 110937157775514881503638391
4212 111121704931526476569790945
4213 111306508095878038164374587
4214 111491580464392272086888953
4215 111676912782751845257564635
4216 111862512720849446756399061
4217 112048372106925113896334363
4218 112234501764320139868994397
4219 112420890834395045224989391
4220 112607550443868896771110461
4221 112794471143039832337599687
4222 112981660885315730484997929
4223 113169113646676972110536899
4224 113356838593355572206103057
4225 113544822960035323585884163
4226 113733080133459064630786437
4227 113921601322238543953086579
4228 114110394015975857679172397
4229 114299450091976260697600663
4230 114488779769696314180004777
4231 114678372946935237502193999
4232 114868240078825214954875945
4233 115058372159821545022458219
4234 115248777607768340102656441
4235 115439449402422433324683971
4236 115630397511455542659195669
4237 115821608346065934866487399
4238 116013096283548134745038717
4239 116204852274742349799517591
4240 116396882968509964724674441
4241 116589181255501241025884655
4242 116781756798936415627416809
4243 116974599193833911196946371
4244 117167720484074933857012545
4245 117361109791781551392434027
4246 117554776552575633353410989
4247 117748713552792828978095671
4248 117942930465744413585427317
4249 118137414843591510207528623
4250 118332178900313327447793617
4251 118527215204687637718705335
4252 118722530385572547676278241
4253 118918116497616782000741291
4254 119113984824889262696552437
4255 119310123504037676535551867
4256 119506544687130493896851845
4257 119703237692740765143735519
4258 119900211933603079351933405
4259 120097460550224151471529135
4260 120294992938528222718745577
4261 120492796220981356361026111
4262 120690884069028651395537913
4263 120889247549692569513224963
4264 121087894060638521011937581
4265 121286815271158648558573467
4266 121486022163252352117325189
4267 121685503361465512077633015
4268 121885271378010992431901237
4269 122085315439104219258340655
4270 122285644260704080115419145
4271 122486251683172635529012723
4272 122687146332411395729598137
4273 122888316072370860331960651
4274 123089774358340422330603245
4275 123291511933078894434842243
4276 123493537022762402591454141
4277 123695840173983888541501175
4278 123898433562188452072984497
4279 124101305334900055960687863
4280 124304467034449130694793865
4281 124507909354376444057249371
4282 124711640205266421667514409
4283 124915653283986700717997971
4284 125119958779439713774434181
4285 125324542255256999025638587
4286 125529418669070995980849509
4287 125734578331905877805503991
4288 125940029113961122045579657
4289 126145762919541003991112903
4290 126351790069068961760629905
4291 126558099814064362025655411
4292 126764703805956079201996193
4293 126971591618267223348025467
4294 127178773093051092340332269
4295 127386240405853252800277503
4296 127594003867348349256375645
4297 127802049554692116998785007
4298 128010392266721731982023985
4299 128219022331125223858572871
4300 128427947428045372583481057
4301 128637159392309010000479323
4302 128846669010035254711884505
4303 129056465124397766866785915
4304 129266560025923851732033285
4305 129476942671594444468968447
4306 129687622489540253532173493
4307 129898592176093929169137639
4308 130109862550296457612341441
4309 130321419425658993316722863
4310 130533276948605327949173977
4311 130745426363623230727039931
4312 130957874643835372048982469
4313 131170613522428860747582459
4314 131383654765174235775192533
4315 131596985952371453259819695
4316 131810620429755703603150173
4317 132024546546451897409555527
4318 132238774482349712447288609
4319 132453296746884450020794855
4320 132668122730498321446459857
4321 132883239700446659689377243
4322 133098661236117926842941453
4323 133314378566315445446562963
4324 133530399792522270204283029
4325 133746715200579880290254111
4326 133963337578171613395345765
4327 134180253771065656160663911
4328 134397477231407172268312073
4329 134614996972036006343166547
4330 134832821773715038954731825
4331 135050945388726517149540867
4332 135269377411436843346835237
4333 135488103946481767943756923
4334 135707140214527209419988317
4335 135926475846775775784897247
4336 136146119279077526304257377
4337 136366061472690717063485407
4338 136586314319324103719796153
4339 136806865863708672255821291
4340 137027728561504677668452889
4341 137248891415175949477312291
4342 137470364026883270960681069
4343 137692139217116693250407051
4344 137914227648524897123551445
4345 138136614420069508605449271
4346 138359315104189528961404025
4347 138582319159093514220501031
4348 138805635715951983961043201
4349 139029255087072918691404131
4350 139253189335086050227732385
4351 139477426570704599143018531
4352 139701978871084307433691837
4353 139926836074618764247037655
4354 140152007394770827166304637
4355 140377485015183855103439183
4356 140603280293934335122751425
4357 140829377910662099960684575
4358 141055793960720788985381033
4359 141282518349706198789862907
4360 141509558500362262318706505
4361 141736906423666577125783219
4362 141964573012052246037421581
4363 142192546423559069217946455
4364 142420840618343105537118493
4365 142649442754256862973264543
4366 142878363995077885436368313
4367 143107595727928023424394607
4368 143337149309322618202402217
4369 143567010010313005323632683
4370 143797192572506757275556725
4371 144027687935306765900807883
4372 144258503844509442084351341
4373 144489631124902822071771655
4374 144721082653727711791287757
4375 144952845033208040329349439
4376 145184931712677471288248753
4377 145417331073869737331760603
4378 145650053518802048831809241
4379 145883091417243659548696907
4380 146116455290990939172221293
4381 146350130551428918098297803
4382 146584132482744155418508781
4383 146818451116481315482620535
4384 147053095011187278320412693
4385 147288054402565960586300175
4386 147523342152785158134521825
4387 147758944899962360504426515
4388 147994877244334635829197113
4389 148231126684864935848186539
4390 148467703127415789139373093
4391 148704599567331436995119307
4392 148941826061802550742647629
4393 149179368363126555705371655
4394 149417242212111473171511817
4395 149655436758879728459009351
4396 149893961383952667306631337
4397 150132805387647953772127483
4398 150371982739526401470643257
4399 150611479869428860662295027
4400 150851309918999554980200605
4401 151091462041741323106829995
4402 151331945562614140590852245
4403 151572753101945874713650143
4404 151813896170099486070004121
4405 152055358564257087453545735
4406 152297157433482328706962753
4407 152539281399067112050425539
4408 152781739725604636819270617
4409 153024522845011678155150787
4410 153267642535873220516295037
4411 153511086663169483343556695
4412 153754868549287935280107893
4413 153998976373414037768674215
4414 154243421128080178735823113
4415 154488193980054438536426007
4416 154733306868728976713988761
4417 154978743654327772013387707
4418 155224521017072041421702529
4419 155470628338118685878076947
4420 155717074210176894795869869
4421 155963849282097953641332615
4422 156210966099058120112688893
4423 156458411394429999171380207
4424 156706199678507831705404393
4425 156954318000350997565568023
4426 157202777398146577034002001
4427 157451569401356909244386899
4428 157700706287774275724244413
4429 157950171879470525555383099
4430 158199982356131400006647405
4431 158450127790968694348180943
4432 158700615695253277435224629
4433 158951437335126561164820583
4434 159202605785374015863293937
4435 159454106829161645067661283
4436 159705955778348223874797097
4437 159958138972645136147934219
4438 160210668557383342800467645
4439 160463535430030602274717907
4440 160716750819187031193494725
4441 160970299908472747235953911
4442 161224198314309803179632269
4443 161478435895058263629954767
4444 161733022162447558773503601
4445 161987945637190035026776155
4446 162243220683545654092717201
4447 162498833055659368481268035
4448 162754797517766900909185509
4449 163011101862892342063518811
4450 163267755908658658801161397
4451 163524752476044722843948887
4452 163782102753164943893519553
4453 164039790338156740556379943
4454 164297833255681010181320857
4455 164556219291606647275145347
4456 164814958181114654669462537
4457 165074039344451508031751923
4458 165333476861421725938240805
4459 165593256451128665770628091
4460 165853392737592905584027485
4461 166113873255335172459791295
4462 166374708609523701859441057
4463 166635891002862236781879647
4464 166897431941365884072064913
4465 167159315160149681397139147
4466 167421557749462187867673097
4467 167684148029905220015994555
4468 167947096340202050236309101
4469 168210391869305099345094271
4470 168474048069149121505828613
4471 168738051468594290446648015
4472 169002415963914704266276265
4473 169267129369862624911426455
4474 169532202896716066752752073
4475 169797627111928463577494707
4476 170063415596488110387864301
4477 170329550239952760499818819
4478 170596049811625990657009629
4479 170862902472654446154012679
4480 171130116894715411752185117
4481 171397683590726876764998103
4482 171665615329759947883409217
4483 171933898726586426452380751
4484 172202549158199669976772417
4485 172471552526620941002152355
4486 172740921150931218182608941
4487 173010645518746004915913635
4488 173280738320523475846025645
4489 173551182921059948715427239
4490 173821996068311538449719413
4491 174093167435463026766244383
4492 174364705778280355330321945
4493 174636600669412263479078403
4494 174908866869749573988722969
4495 175181488454079212268687995
4496 175454481886156739754702477
4497 175727833214612274087179475
4498 176001554374817992922243869
4499 176275636693127348443715543
4500 176550092024506615839639053
4501 176824903815149347852374071
4502 177100089452434967030474809
4503 177375637606715462856052371
4504 177651558203439485550146737
4505 177927839953657485183601987
4506 178204497530115341813199005
4507 178481515686005131568798723
4508 178758910859543584433988885
4509 179036668794979354701082167
4510 179314801110347772237660817
4511 179593299616849128240418559
4512 179872175739558732052372465
4513 180151413359081704549970739
4514 180431030226337375236029177
4515 180711014264887947382121843
4516 180991375713536119238004901
4517 181272102623953597634870239
4518 181553210995440021997982365
4519 181834685264847588175665191
4520 182116540380378871877068313
4521 182398763955227902872584383
4522 182681366581917967535709521
4523 182964339678676000769652667
4524 183247696958239225088031041
4525 183531419346137236464201963
4526 183815526693632208406620797
4527 184100005730759443816419663
4528 184384867261068373495213205
4529 184670100189040638240837503
4530 184955718018160691865685585
4531 185241706926787421824490607
4532 185528082292116568848525649
4533 185814830409161467217724339
4534 186101963789907123709013645
4535 186389472470109084459168171
4536 186677369561541098282052989
4537 186965637161502906346045783
4538 187254294187947970292898037
4539 187543328571652520511400287
4540 187832750015857803461008657
4541 188122547874276988470711223
4542 188412736488237082929640361
4543 188703300706979805666721723
4544 188994256739266516144906213
4545 189285590149160874474509619
4546 189577313605609539570279221
4547 189869417164364740647697335
4548 190161915137513559389096325
4549 190454788625393360881904303
4550 190748056412711712621601225
4551 191041706908389338788891675
4552 191335749011872502456850169
4553 191630172560509290938394747
4554 191924992341702120047580445
4555 192220192281414288042078243
4556 192515789794347825803323173
4557 192811769368059446998965167
4558 193108144334331485033111541
4559 193404905157902160675828823
4560 193702064220360858774651161
4561 193999604606853024940877675
4562 194297544147504276670117617
4563 194595870979951361343716123
4564 194894596312726731738535645
4565 195193706657701122916827835
4566 195493219002678251089855021
4567 195793116468532512237341511
4568 196093416444753451560213545
4569 196394104577984840207156359
4570 196695192349708996906155449
4571 196996671293467331883396923
4572 197298553867364887887148569
4573 197600822219782401581205547
4574 197903496145695085219972469
4575 198206562216251672555063327
4576 198510031156519855355303365
4577 198813891127858976060797623
4578 199118157972763432486575929
4579 199422815412603673047643559
4580 199727880131109475145389569
4581 200033338038777897573624059
4582 200339201285712303974182777
4583 200645460486402253912100483
4584 200952129587090117322294341
4585 201259189016250056803934991
4586 201566658919546478939995805
4587 201874526009761125952909039
4588 202182801908463031098471473
4589 202491474142134140192460711
4590 202800558081397932937363121
4591 203110038460606266404825395
4592 203419930873090744147483693
4593 203730221624991683484623739
4594 204040923331837722061752605
4595 204352025804125263479738527
4596 204663543787808173497663517
4597 204975456983367698210695423
4598 205287786848613681803554225
4599 205600519427995265718939751
4600 205913664843672078454550233
4601 206227212394213363232947515
4602 206541176635642005897655237
4603 206855542134548430510056579
4604 207170326785017286360583909
4605 207485513947809857757033759
4606 207801118042263337729310805
4607 208117127833177092405218263
4608 208433558046346079445423681
4609 208750389948051268924885291
4610 209067642104043394460869009
4611 209385303068963154820686915
4612 209703382721975376264456413
4613 210021869161612164421826363
4614 210340779083149041383334517
4615 210660094720364122123151487
4616 210979834414465842717431289
4617 211299982447077343458166575
4618 211620552377157845142451081
4619 211941534119180780279857987
4620 212262941545572759717926729
4621 212584755235073190062232755
4622 212906995519745066658936069
4623 213229649546916286801172259
4624 213552728080438344236957397
4625 213876218649397792026430791
4626 214200137769217264125158737
4627 214524468013953122176457079
4628 214849228042612617372502513
4629 215174401896397874524462483
4630 215500002836197868910484985
4631 215826021325461096937784363
4632 216152470593667899182103101
4633 216479331759537280056117015
4634 216806625640083756399823053
4635 217134337517649602277074879
4636 217462480185992099961519769
4637 217791039521208980395662007
4638 218120033577421897820758585
4639 218449444934935039582490195
4640 218779290367383931967394977
4641 219109556010176699553425091
4642 219440253453862102849936261
4643 219771373480658884281582663
4644 220102931096844010844219749
4645 220434905331480903010599047
4646 220767317977086059050271049
4647 221100154526871536122549503
4648 221433426834062008578403089
4649 221767122290331275567583115
4650 222101256781651642947927285
4651 222435814036232423843428955
4652 222770811801999816493939069
4653 223106234183539890694830119
4654 223442095741255947144233797
4655 223778384702420928520839319
4656 224115116396126693891715049
4657 224452270049333990179163823
4658 224789867813001760396424969
4659 225127895612979633298698387
4660 225466364261932480054075885
4661 225805261849360704540177787
4662 226144604295262733833571725
4663 226484374739388382121726463
4664 226824591632336158453981125
4665 227165238556878078750609007
4666 227506329574228968393914321
4667 227847853768944197383635851
4668 228189827250686391639075409
4669 228532228608210200898850515
4670 228875078732698384804708733
4671 229218364732655607601236843
4672 229562097088542120854573821
4673 229906263765324618736326319
4674 230250881796189660125703569
4675 230595932686864890419047695
4676 230941436472983142352252625
4677 231287374977807069174125075
4678 231633764256068039725379249
4679 231980592649781655406856971
4680 232327874570002112222541733
4681 232675590754589442365280099
4682 233023761263541300932045093
4683 233372373006842388545192007
4684 233721438001809613791138153
4685 234070941760307928155097007
4686 234420903333864658253947217
4687 234771303363940273520930803
4688 235122161492684704360952313
4689 235473461559176230095202339
4690 235825216337574150540107389
4691 236177416423710786509750095
4692 236530076160322672886408997
4693 236883174774700392933282391
4694 237236735404750747329373353
4695 237590742246543529478490527
4696 237945207786100314996394521
4697 238300118327078237369760235
4698 238655491572280840596506697
4699 239011309662501650623628731
4700 239367591292161026010324229
4701 239724320450911728780954575
4702 240081510859324678448599309
4703 240439151928897708701982983
4704 240797259259639841239400121
4705 241155810771623645664719583
4706 241514829393404453960343873
4707 241874299957299190488893435
4708 242234235726270452414915637
4709 242594622216858288706018763
4710 242955477456269814449587477
4711 243316783484192261966139127
4712 243678558233281197950690989
4713 244040786399814898198640215
4714 244403482211604532297415529
4715 244766633784153402700156723
4716 245130258002442808966235337
4717 245494331941390580727752803
4718 245858879516172300675574085
4719 246223885213787361599622187
4720 246589360502153797353522301
4721 246955293391852140725308167
4722 247321700272646654111434165
4723 247688563393084763817997823
4724 248055903321128790220029817
4725 248423700881091309907255819
4726 248791972361679443007178689
4727 249160705477145040598253363
4728 249529916829873554244203349
4729 249899584749339591262862475
4730 250269730951285218988238429
4731 250640341770640903275554087
4732 251011428729389986855550969
4733 251382978051525731213463199
4734 251755008688154204693766049
4735 252127501054800192469811179
4736 252500475232742117669473441
4737 252873913764690115678845859
4738 253247831990962776247607149
4739 253622218372839752985889115
4740 253997088559228913150413741
4741 254372420776568420490940159
4742 254748237948135122154238465
4743 255124525297426116580624447
4744 255501295451225848105189433
4745 255878533601425869786960059
4746 256256259064361301929161793
4747 256634451442764192689916995
4748 257013132635103257581328221
4749 257392284456111121401922087
4750 257771921203695240344531837
4751 258152032862300457526201087
4752 258532633700672860640886161
4753 258913702925613319660375679
4754 259295263369152564003044065
4755 259677299222929505196061059
4756 260059824398442411092355057
4757 260442823270314130806555675
4758 260826316255694948867218501
4759 261210283090725264712338551
4760 261594743374225331132847597
4761 261979680399781949543700959
4762 262365108644295140177806673
4763 262751016746168315483568551
4764 263137422288446501327825737
4765 263524300715392151379761451
4766 263911677623696440326586981
4767 264299535887423888749650891
4768 264687888975449814291618117
4769 265076723104977817626764423
4770 265466055431813509045996293
4771 265855868556876204335141135
4772 266246181533899288030362097
4773 266636977080524362773860571
4774 267028271257902074254068081
4775 267420050739216089462941211
4776 267812333194231169250371821
4777 268205095146535567772134683
4778 268598361123615715204083749
4779 268992115465547890012779295
4780 269386370723129747474060213
4781 269781112526050452094893639
4782 270176359850661683116863329
4783 270572092885360106030334539
4784 270968333173707300780289793
4785 271365061820258518723238115
4786 271762294752921926938743141
4787 272160019270473741971156859
4788 272558253830877774343147893
4789 272956973821666124172561591
4790 273356203684788960544897881
4791 273755928490601837960162695
4792 274156159701483690773713505
4793 274556884202582509933958291
4794 274958121077766676386829745
4795 275359849371088434070824915
4796 275762091443628853585263797
4797 276164827106844291697304595
4798 276568074305303333494656373
4799 276971820205082926515982671
4800 277376080582788657399488625
4801 277780833959215179931499479
4802 278186102970281309665928433
4803 278591872489565881096642531
4804 278998156617042031926926321
4805 279404938759113175098368411
4806 279812240194961315329186349
4807 280220039283130542462948095
4808 280628358276849839753323661
4809 281037178509932467917552071
4810 281446514601436728185671537
4811 281856356073254902669672639
4812 282266719439285752825720665
4813 282677580715257877795745035
4814 283088965967716149616194805
4815 283500857445906026709410067
4816 283913269352015457992806221
4817 284326185730520779283093111
4818 284739627422248812663405125
4819 285153573650497543230063863
4820 285568045736854506224051561
4821 285983025617982744560435239
4822 286398528618118604022117193
4823 286814542801474765630550387
4824 287231085505201296077826221
4825 287648132271669837074703835
4826 288065708826396181692768437
4827 288483798009068344388722319
4828 288902414756895458423216853
4829 289321542955115664329644431
4830 289741202530550005850617825
4831 290161373075973167961690299
4832 290582075451367912788266473
4833 291003291779110671303804379
4834 291425038610816567285311813
4835 291847302084967387894350251
4836 292270101552300442124720853
4837 292693410824658039648026207
4838 293117257087438244367030645
4839 293541623015282200996671447
4840 293966521462190234251731513
4841 294391938646761315023518699
4842 294817892996769322640558665
4843 295244364889980200074895179
4844 295671376838292519347692605
4845 296098907731674726458998731
4846 296526975905596291545348325
4847 296955567460277186383058215
4848 297384701168066445586335953
4849 297814352381425080663865127
4850 298244545671428814193981153
4851 298675265634309041687483259
4852 299106524869586683764561633
4853 299538308231268378305805507
4854 299970637634969937519032829
4855 300403489822347282195159303
4856 300836888570434032076348077
4857 301270813303497335956407487
4858 301705281687089326101101121
4859 302140280405073496729300991
4860 302575827289147520770339417
4861 303011898083720678767362875
4862 303448518112669949274926825
4863 303885670988637363213251379
4864 304323370839197560944039277
4865 304761601129904386490502391
4866 305200383134049015391924541
4867 305639694562627507698342535
4868 306079559838304804274230897
4869 306519957862787599999697831
4870 306960905857238417453651177
4871 307402391342957402538804283
4872 307844431295098618432451829
4873 308287001430053962916452147
4874 308730128336547411945876477
4875 309173793824100501044683007
4876 309618013636449633290957589
4877 310062769944822459889112255
4878 310508085636249803455506617
4879 310953938325095581243843367
4880 311400349223920580707297417
4881 311847300897548327192862819
4882 312294808293172399677993957
4883 312742859683263213892681331
4884 313191474389574567320400029
4885 313640624462766755539220007
4886 314090338947353290434845821
4887 314540598244339151599223679
4888 314991418095210813789015441
4889 315442782569274777274089595
4890 315894711562331647643596497
4891 316347184218038521227670299
4892 316800223634306114914956909
4893 317253809083414138200556259
4894 317707958941623613448887581
4895 318162658468605257798441543
4896 318617927254109670293450181
4897 319073739091853084070135143
4898 319530121468073475266487089
4899 319987056566909359890079139
4900 320444558614303983150324049
4901 320902611406108575312234299
4902 321361236488605242219514373
4903 321820411700674529118279675
4904 322280160773075022442375357
4905 322740462510886997762272343
4906 323201335300189175391356633
4907 323662764286145261604225591
4908 324124770275385018252260865
4909 324587325958256812198872811
4910 325050458648031266889594241
4911 325514151783146429203853707
4912 325978417927514980515261405
4913 326443242107761552126347711
4914 326908645941357824001620765
4915 327374605763757932479961447
4916 327841146987430533667010689
4917 328308246996548906705784551
4918 328775925642197584034140993
4919 329244168528740493819950147
4920 329712993943434778370572041
4921 330182376673914809205938163
4922 330652342846575859584250773
4923 331122875210032389808470815
4924 331593989918594901307165117
4925 332065668113508924736210215
4926 332537933612369081920635801
4927 333010762176356250031231887
4928 333484178771660535371165897
4929 333958162297326715206750763
4930 334432729410637893519328813
4931 334907868440595384208229147
4932 335383597120350674147454165
4933 335859889497078878364720887
4934 336336774408587608010520205
4935 336814231727440691081072215
4936 337292277524596915509176937
4937 337770893872606716110201951
4938 338250104864605444096076745
4939 338729886210492937703516283
4940 339210262337644536830232133
4941 339691212304493040283827259
4942 340172754093816946033807597
4943 340654873260983377661313055
4944 341137590743624588313314725
4945 341620877934709072430084383
4946 342104764228570130719174265
4947 342589230358086180215070563
4948 343074292829442232847613065
4949 343559933609264585207101467
4950 344046174566972328439150725
4951 344532993795771396853533595
4952 345020414009532894965615589
4953 345508415651404187988936375
4954 345997016486569890726347105
4955 346486201773671746453236927
4956 346975992948925330742295945
4957 347466359968784162748700067
4958 347957334356165765084798177
4959 348448895941306730992991363
4960 348941059449019818616246093
4961 349433809327062029116973859
4962 349927166507940844141320749
4963 350421108142949413000528271
4964 350915660391888746332430673
4965 351410799102231983917205887
4966 351906545278455538904134617
4967 352402882923911688198936483
4968 352899832942751545086469137
4969 353397368077919423074286027
4970 353895515383647879758554093
4971 354394257606402721864459567
4972 354893609683321868334874685
4973 355393554032381298311346175
4974 355894115163491476945347513
4975 356395267310739905180350623
4976 356897036580656842044788561
4977 357399400293197603825400067
4978 357902377886623679760649737
4979 358405954598693353901009339
4980 358910151077735550538203853
4981 359414939039623731357537191
4982 359920347903519170033723101
4983 360426358607902910152048423
4984 360932987143397937115343833
4985 361440214467690334994586943
4986 361948065225102639992928985
4987 362456514088908730342218307
4988 362965588407943168429076293
4989 363475264645287594852735331
4990 363985561774146781985493285
4991 364496466329652107934121079
4992 365007996543044721511768893
4993 365520125945024587724126879
4994 366032884184987706117122225
4995 366546250568164419303531535
4996 367060242920501567040380137
4997 367574840959751045468514139
4998 368090070849331596030810509
4999 368605906663983506933610579
5000 369122373367989041852711757
